19,-13,Bvm37GGWwMxUqWUpQlxWtm69g3U=,GiMOhm8YJw1liIxzsnYe8Eo0lPc=
19,-14,Bvm37GGWwMxUqWUpQlxWtm69g3U=,FcJdHH8BETgWSmJwaKVQGiJHq9A=
19,-15,Bvm37GGWwMxUqWUpQlxWtm69g3U=,RfPWHT06A5LjBZIMaYzV7p+H+fQ=
19,-16,Bvm37GGWwMxUqWUpQlxWtm69g3U=,G2l6mIitLlw9rlxVasN7kn/9Exk=
19,-9,Bvm37GGWwMxUqWUpQlxWtm69g3U=,xVdTy6wnu+w5rDLspyZCxMVyhZM=
19,-10,Bvm37GGWwMxUqWUpQlxWtm69g3U=,/8tPOSq573DjHGNEatxLVGV1R1g=
19,-11,Bvm37GGWwMxUqWUpQlxWtm69g3U=,xUMcS84/j356/H8Pdjbhf9exfTo=
19,-12,Bvm37GGWwMxUqWUpQlxWtm69g3U=,/sEbGjlVzPrLijSp/uaCMfVBDsY=
19,-5,Bvm37GGWwMxUqWUpQlxWtm69g3U=,+mXciYUwliG5NEe80qo7c7Pq0og=
19,-6,Bvm37GGWwMxUqWUpQlxWtm69g3U=,+mXciYUwliG5NEe80qo7c7Pq0og=
19,-7,Bvm37GGWwMxUqWUpQlxWtm69g3U=,bIaj4HgGXW7Xw9p2wjuHI9G8lCg=
19,-8,Bvm37GGWwMxUqWUpQlxWtm69g3U=,RM1aMfjKsApRsKxt40bRGytKPCs=
19,-1,Bvm37GGWwMxUqWUpQlxWtm69g3U=,6+YhHZ2tvTB5CB2J826sBYRbBx4=
19,-2,IUb8QKZQUWJ4nfKXq7sx6TQNdpE=,j5ch792AeN0/uF3Rm3h+GQ1N6QE=
19,-3,IUb8QKZQUWJ4nfKXq7sx6TQNdpE=,+mXciYUwliG5NEe80qo7c7Pq0og=
19,-4,IUb8QKZQUWJ4nfKXq7sx6TQNdpE=,bIaj4HgGXW7Xw9p2wjuHI9G8lCg=
19,-17,IUb8QKZQUWJ4nfKXq7sx6TQNdpE=,Ereki1Jdfjojbnavo8E0VY0FgXc=
19,-18,IUb8QKZQUWJ4nfKXq7sx6TQNdpE=,6KN06XhdRsXJlPJ+51vxU2tA6Tw=
19,-19,IUb8QKZQUWJ4nfKXq7sx6TQNdpE=,xZ4OP6ry0ZiDbxT2/QiL4HMdSM8=
19,-20,IUb8QKZQUWJ4nfKXq7sx6TQNdpE=,y8sEXeBHL2m3Evq+7hg8GJzY7jk=
18,-14,IUb8QKZQUWJ4nfKXq7sx6TQNdpE=,SaFjpcuX9Fdy998hyDn5dnBV1BM=
18,-13,IUb8QKZQUWJ4nfKXq7sx6TQNdpE=,5qqr80RFoO4BhBx0+0zqWEkIb6w=
18,-16,IUb8QKZQUWJ4nfKXq7sx6TQNdpE=,pFYFUOs8jnHtFb7Ws7RJCgsLmkQ=
18,-15,IUb8QKZQUWJ4nfKXq7sx6TQNdpE=,sVxMYiCcXh2boC8C2m95zHFzVg0=
18,-10,IUb8QKZQUWJ4nfKXq7sx6TQNdpE=,BJufAJdwI/ciytuB2zukteXVv98=
18,-9,IUb8QKZQUWJ4nfKXq7sx6TQNdpE=,0atGclkneKY5z8qyIPQMgiOAkmU=
18,-12,IUb8QKZQUWJ4nfKXq7sx6TQNdpE=,6eYvFwD7daTO0jxkp/Lk5+WMGjg=
18,-11,IUb8QKZQUWJ4nfKXq7sx6TQNdpE=,CAtnwfBiWlETmAlXh7AVs2MEyyo=
18,-6,IUb8QKZQUWJ4nfKXq7sx6TQNdpE=,9IJSr6+CE1TVC/pPzNW8ABOsXlc=
18,-5,IUb8QKZQUWJ4nfKXq7sx6TQNdpE=,Oh+ej+1Z4Prf+zCcCJ03Gzin7Oc=
18,-8,IUb8QKZQUWJ4nfKXq7sx6TQNdpE=,+e9gSuFwXbAkSD8tCb8WwMEFkOk=
18,-7,IUb8QKZQUWJ4nfKXq7sx6TQNdpE=,6sM76V5Mnx49teF7YlX7gVq5J2A=
18,-2,IUb8QKZQUWJ4nfKXq7sx6TQNdpE=,0dvYLYpSYbT0oZ7mRjTBBXELyZ4=
18,-1,IUb8QKZQUWJ4nfKXq7sx6TQNdpE=,fVhQw0mTGql2TYIglsHohEPc0Lo=
18,-4,IUb8QKZQUWJ4nfKXq7sx6TQNdpE=,ve4yNfRR2fW6YKSOIn2XvCWAw7M=
18,-3,IUb8QKZQUWJ4nfKXq7sx6TQNdpE=,73Dpx0ZQJHMYotEonzt/WU04dmk=
18,-18,IUb8QKZQUWJ4nfKXq7sx6TQNdpE=,JKv01/zETHB5gfbkeyOUJ5MlC/0=
18,-17,263KxF7F+BJwSsb/EHynsuk6k7g=,h3KxofyrB+AtFKOAPqcjrLfuPGA=
18,-20,263KxF7F+BJwSsb/EHynsuk6k7g=,eZkz0t6LTNEBKySxAXTPlNBcWF4=
18,-19,263KxF7F+BJwSsb/EHynsuk6k7g=,NqqdBn1UMEf7PDueQoVntpFjfTk=
17,-15,263KxF7F+BJwSsb/EHynsuk6k7g=,ZI2MLPZeBpyomn0Nxr5EJB2iAxI=
17,-16,263KxF7F+BJwSsb/EHynsuk6k7g=,D+wc4pimtbZgxNsDj5aG3HTI++M=
17,-13,263KxF7F+BJwSsb/EHynsuk6k7g=,wzvdocfkV6zTuwoS/anwBSNxk64=
17,-14,263KxF7F+BJwSsb/EHynsuk6k7g=,COWlp5OyMfyT4RNugkUaQfvymaU=
17,-11,263KxF7F+BJwSsb/EHynsuk6k7g=,qmcX3Tx4O3AR7n/GcCbxEKdvrVE=
17,-12,263KxF7F+BJwSsb/EHynsuk6k7g=,6RQgUmAlJNdOaHvGCJpUcS/twsM=
17,-9,263KxF7F+BJwSsb/EHynsuk6k7g=,yAlLK8qNpVjE3sYGDvpzL+XyoW8=
17,-10,263KxF7F+BJwSsb/EHynsuk6k7g=,t3qxtYYpsb663MC7iru1jTMXYJw=
17,-7,263KxF7F+BJwSsb/EHynsuk6k7g=,388K4KyjC4PXcWWeZhh4jgz2qjY=
17,-8,263KxF7F+BJwSsb/EHynsuk6k7g=,gXTGQMjn54XlnI2d0qrDgJcZO5E=
17,-5,263KxF7F+BJwSsb/EHynsuk6k7g=,Ym+9KDUJjRpCJfsEPAS6FyJmKMw=
17,-6,263KxF7F+BJwSsb/EHynsuk6k7g=,EpgkMaQ0IySUi9TP5g8TEYC0Kd4=
17,-3,263KxF7F+BJwSsb/EHynsuk6k7g=,WAq5Yuqz4NyY54Mc+gW/YDwnePI=
17,-4,263KxF7F+BJwSsb/EHynsuk6k7g=,yWyAU24vgydy2uHdhq7RlgGnEAo=
17,-1,263KxF7F+BJwSsb/EHynsuk6k7g=,fVhQw0mTGql2TYIglsHohEPc0Lo=
17,-2,263KxF7F+BJwSsb/EHynsuk6k7g=,0UagAI/w7ImOMUy0P6UCnkyO0Vk=
17,-19,263KxF7F+BJwSsb/EHynsuk6k7g=,HQQfrD4G7aAs7VQ2BewdRu6pxMc=
17,-20,263KxF7F+BJwSsb/EHynsuk6k7g=,ebfsnKvrXDfwekn2uC4g37y5aIg=
17,-17,263KxF7F+BJwSsb/EHynsuk6k7g=,Qf0lAHHNOIX4JP83AP39PKzTi4A=
17,-18,263KxF7F+BJwSsb/EHynsuk6k7g=,iD74y6482NkJLcwj2MZisMgKDjs=
16,-16,iD4uFdyWoll9nWaoLgQgqkZ4lH0=,iBw//49okn4WFIT58jP1lZ1Bqo8=
16,-15,iD4uFdyWoll9nWaoLgQgqkZ4lH0=,3xMYjSNORQaeFo5l238Jz8AKKdU=
16,-14,iD4uFdyWoll9nWaoLgQgqkZ4lH0=,1DQQzqFefP4nGuhJVHUzK8FthR8=
16,-13,iD4uFdyWoll9nWaoLgQgqkZ4lH0=,FgnhSzV1eTl/rcY6depJg/gp32I=
16,-12,iD4uFdyWoll9nWaoLgQgqkZ4lH0=,uaQG53shmxlShM/SdwZ7nseZosM=
16,-11,iD4uFdyWoll9nWaoLgQgqkZ4lH0=,Pc5FShV424IC5QG1Jyf1GNCos+I=
16,-10,iD4uFdyWoll9nWaoLgQgqkZ4lH0=,EkuZaxEK9c9QUG9iZ34sX/NDF0s=
16,-9,iD4uFdyWoll9nWaoLgQgqkZ4lH0=,mkhv3TLaVDDIefLzcIXiZn35RJo=
16,-8,iD4uFdyWoll9nWaoLgQgqkZ4lH0=,sbHnTRdMR41OTdfRfvcET0b1RgI=
16,-7,iD4uFdyWoll9nWaoLgQgqkZ4lH0=,18bT66hY66oywRYcgZ0mv5fMTs8=
16,-6,iD4uFdyWoll9nWaoLgQgqkZ4lH0=,NCnzhkA0DbkjvUYra8KwndGB2e0=
16,-5,iD4uFdyWoll9nWaoLgQgqkZ4lH0=,Ah947RlVYB7+xMePsu1c3UJIywU=
16,-4,iD4uFdyWoll9nWaoLgQgqkZ4lH0=,Rqx8585bK9bBh4pDkidmUnrNt10=
16,-3,iD4uFdyWoll9nWaoLgQgqkZ4lH0=,Ns9lnRP7TWYq018kC08T9OO01CU=
16,-2,iD4uFdyWoll9nWaoLgQgqkZ4lH0=,0m4lH/rTD6b8WxynDFjqJsVLf0Q=
16,-1,iD4uFdyWoll9nWaoLgQgqkZ4lH0=,k/UZ6KQZRAuZc7SIgwFZFhORxtc=
16,-20,iD4uFdyWoll9nWaoLgQgqkZ4lH0=,Jvy8s8Y8p1CEDQxXAtgr6h7g4e8=
16,-19,iD4uFdyWoll9nWaoLgQgqkZ4lH0=,gOZrQ0J9NTafX7wr6sF9pVWsSbk=
16,-18,iD4uFdyWoll9nWaoLgQgqkZ4lH0=,OBwXHQs8d7lNGt6jM40rp9NmmU8=
16,-17,iD4uFdyWoll9nWaoLgQgqkZ4lH0=,G+5xW3MoKoc4RdflShi1P7ld4lw=
15,-17,iD4uFdyWoll9nWaoLgQgqkZ4lH0=,QFRcUnnnVc9tonmmLSYf9gmatBs=
15,-18,iD4uFdyWoll9nWaoLgQgqkZ4lH0=,2526kxPMMlsI410GF7XwxLDORDE=
15,-19,iD4uFdyWoll9nWaoLgQgqkZ4lH0=,UiV5dK0n+/yDONVL+5Fz+sfQ6OM=
15,-20,BoqnVbDfW3y6Iq6DtPtsfyaGAig=,fzNJpwEganXgJHfWw15OiSB5NMY=
15,-1,BoqnVbDfW3y6Iq6DtPtsfyaGAig=,0cwsLV8PilAcgnH8imUjGXHgop4=
15,-2,BoqnVbDfW3y6Iq6DtPtsfyaGAig=,lBBcWKklPjoicILIPWbACnkCpeA=
15,-3,BoqnVbDfW3y6Iq6DtPtsfyaGAig=,lHfl1/+Tlc2axWtxiUHY29YDMoM=
15,-4,BoqnVbDfW3y6Iq6DtPtsfyaGAig=,HxLo7klIx+N225og5TVP0k/EbVo=
15,-5,BoqnVbDfW3y6Iq6DtPtsfyaGAig=,nYS3YpsxXyxu2f/AtxuOEOJECYs=
15,-6,BoqnVbDfW3y6Iq6DtPtsfyaGAig=,M37jOE5auokhmaRITsFqfdzcp7I=
15,-7,BoqnVbDfW3y6Iq6DtPtsfyaGAig=,dX5VoRJbAg5AwZ0JvimXwxxUXFg=
15,-8,BoqnVbDfW3y6Iq6DtPtsfyaGAig=,6qLqX/F9ZMRZ4455ayH7wfomUaA=
15,-9,BoqnVbDfW3y6Iq6DtPtsfyaGAig=,Py0YKnxjFABRP2rqog9WBY9T4UU=
15,-10,BoqnVbDfW3y6Iq6DtPtsfyaGAig=,95Ix2kv0wpPWRxd1al4CyeplS5c=
15,-11,BoqnVbDfW3y6Iq6DtPtsfyaGAig=,95Ix2kv0wpPWRxd1al4CyeplS5c=
15,-12,BoqnVbDfW3y6Iq6DtPtsfyaGAig=,IElZKWPKFny4LPC/3Q9CRX10+rg=
15,-13,BoqnVbDfW3y6Iq6DtPtsfyaGAig=,9srxLIeiew92K0Jrd0m/zkbW1Qc=
15,-14,BoqnVbDfW3y6Iq6DtPtsfyaGAig=,ZBOaTvLI8Uj8eWKOum+UHCU3LvE=
15,-15,BoqnVbDfW3y6Iq6DtPtsfyaGAig=,A01Ai4HtNN/BVqKDrpZBQEUjrag=
15,-16,BoqnVbDfW3y6Iq6DtPtsfyaGAig=,h5fTzLrZUdUip3MObs0HgVc4vt0=
14,-18,BoqnVbDfW3y6Iq6DtPtsfyaGAig=,kk9pfWS6JCGcQTLeMg+//5B4BHM=
14,-17,BoqnVbDfW3y6Iq6DtPtsfyaGAig=,0xsNbniNkf8n862IXbsOLz5pSGY=
14,-20,BoqnVbDfW3y6Iq6DtPtsfyaGAig=,Rlr92bON/I1v2KxU0TCUYDL2GSM=
14,-19,BoqnVbDfW3y6Iq6DtPtsfyaGAig=,y9itJ4w8sMGpw2Wzz3FlLDkONNo=
14,-2,BoqnVbDfW3y6Iq6DtPtsfyaGAig=,Oad4VMlPojA4S4sYOggGAwt+/fk=
14,-1,BoqnVbDfW3y6Iq6DtPtsfyaGAig=,NpRFw5OOglPFrGRuJwPw3Yv5LLA=
14,-4,AHqp2xRKjj+wM8fwB2O8uYppMBc=,HmneuXcIEkiTFxuiFDr4y4dbQ6c=
14,-3,AHqp2xRKjj+wM8fwB2O8uYppMBc=,fZCiFg88qoxqsERLDLEmZWisft0=
14,-6,AHqp2xRKjj+wM8fwB2O8uYppMBc=,bJwaKhi/A744d83C4avu3vDcLs8=
14,-5,AHqp2xRKjj+wM8fwB2O8uYppMBc=,5H/XJgoPSx/WQsonEvx/ExcuRP0=
14,-8,AHqp2xRKjj+wM8fwB2O8uYppMBc=,EgVJ7PlczD3EDXrKr0PYlWsTa7c=
14,-7,AHqp2xRKjj+wM8fwB2O8uYppMBc=,n+AmOeW/dsqGb8NkAY2Mamu/+eE=
14,-10,AHqp2xRKjj+wM8fwB2O8uYppMBc=,qEybAEJhrWKZ8/yFdxOKFbaXkFM=
14,-9,AHqp2xRKjj+wM8fwB2O8uYppMBc=,zkuOIlqEwrcxHO1KVW5ilhYJYGA=
14,-12,AHqp2xRKjj+wM8fwB2O8uYppMBc=,BpEKWyZDQCYSJpW4+Kpz3RqxkDU=
14,-11,AHqp2xRKjj+wM8fwB2O8uYppMBc=,JddQaw6zKd1isfWganHbrVBvOWs=
14,-14,AHqp2xRKjj+wM8fwB2O8uYppMBc=,r9KMjz/K/4gEcDX0EZVrOLt95jg=
14,-13,AHqp2xRKjj+wM8fwB2O8uYppMBc=,0BGcy64GJkRxZkdjAJjI7ACDHnI=
14,-16,AHqp2xRKjj+wM8fwB2O8uYppMBc=,sIX8ydI7mof3jsQnOYRBfl4O4lA=
14,-15,AHqp2xRKjj+wM8fwB2O8uYppMBc=,owtw+N6VE+rIEIlN6ZwJX0/YxzE=
13,-19,AHqp2xRKjj+wM8fwB2O8uYppMBc=,sAhmcNZoS0AXjpiDbyUOdO4wPt4=
13,-20,AHqp2xRKjj+wM8fwB2O8uYppMBc=,j3F63fe1RBVKfMAjmS0NcZ+nYEs=
13,-17,AHqp2xRKjj+wM8fwB2O8uYppMBc=,bFqm0Z/YLAXtF8LH/D+uyJg5uFE=
13,-18,AHqp2xRKjj+wM8fwB2O8uYppMBc=,c8UTtFZy9HJ2DqjV//Yo68SXbZA=
13,-3,AHqp2xRKjj+wM8fwB2O8uYppMBc=,0+QM3pfqSsunyGi/y1zQNXEIR7A=
13,-4,AHqp2xRKjj+wM8fwB2O8uYppMBc=,mgrtE7rLH7qYBs4VcgbCgiaABLA=
13,-1,AHqp2xRKjj+wM8fwB2O8uYppMBc=,FDDdKXcHsBXEYayM05Vy2gVO//s=
13,-2,AHqp2xRKjj+wM8fwB2O8uYppMBc=,PM1AjAxp5cFthM+NpunQ8cnskl0=
13,-7,AHqp2xRKjj+wM8fwB2O8uYppMBc=,FQOdwQBFee4pZX6NEexEe+udcYk=
13,-8,uFjHEM/55C9wxuYGvFMx+wSTmnk=,hOsFcHQLErUk9cgvGkzmjPMm/d4=
13,-5,uFjHEM/55C9wxuYGvFMx+wSTmnk=,rq6VWMz2K3+vd7xsb9KAiPB1IH8=
13,-6,uFjHEM/55C9wxuYGvFMx+wSTmnk=,ba1hbeqT0nmvcDeOwiTa7GKOb4w=
13,-11,uFjHEM/55C9wxuYGvFMx+wSTmnk=,zH/dsnRJdYu222xrSi+UuJquDcc=
13,-12,uFjHEM/55C9wxuYGvFMx+wSTmnk=,rqTnvXqviuHXSezOscrdXKevzH0=
13,-9,uFjHEM/55C9wxuYGvFMx+wSTmnk=,DIjqkjVss/BogOKvGZ83V4kOC5E=
13,-10,uFjHEM/55C9wxuYGvFMx+wSTmnk=,lcp/9+ta4tw0ohEh01k+2B2eBRo=
13,-15,uFjHEM/55C9wxuYGvFMx+wSTmnk=,qEt38aJyDMWwagWEEsJHjci+5kg=
13,-16,uFjHEM/55C9wxuYGvFMx+wSTmnk=,d8dhJQKIaOpkYNFsdTRlHNU1JFk=
13,-13,uFjHEM/55C9wxuYGvFMx+wSTmnk=,w/zRJKCNvoLB3eprPT7GAc1L2xY=
13,-14,uFjHEM/55C9wxuYGvFMx+wSTmnk=,OET4qMsbz3jRuPCtznWRxazkoXs=
12,-20,uFjHEM/55C9wxuYGvFMx+wSTmnk=,DssfuSI5ZvYy/B/qVHFtjNXgGiA=
12,-19,uFjHEM/55C9wxuYGvFMx+wSTmnk=,UMz9Rj5FklbFUpG9iE4PC5TxEXs=
12,-18,uFjHEM/55C9wxuYGvFMx+wSTmnk=,j0qVb8hkc1GryZaZFVQYu4kyx1Q=
12,-17,uFjHEM/55C9wxuYGvFMx+wSTmnk=,SiGIDayCo2wdvtl6YQa0Q4FMN5k=
12,-4,uFjHEM/55C9wxuYGvFMx+wSTmnk=,qaHMxu1BeIgdmhB4/8hFUgPblYA=
12,-3,uFjHEM/55C9wxuYGvFMx+wSTmnk=,Je0q0+s6PGt4GINxkJvAxtZZvDI=
12,-2,uFjHEM/55C9wxuYGvFMx+wSTmnk=,95ont37DwhCmLuISmvLZXNkuKtg=
12,-1,uFjHEM/55C9wxuYGvFMx+wSTmnk=,g3Sixd3xonFI8jzQO34oHhKIZB8=
12,-8,uFjHEM/55C9wxuYGvFMx+wSTmnk=,yWOF+v7g/6u+7SHVv5NjGn8jOUA=
12,-7,uFjHEM/55C9wxuYGvFMx+wSTmnk=,00cUTc3kqcY1IuZG1mF/r/m9qW0=
12,-6,uFjHEM/55C9wxuYGvFMx+wSTmnk=,ehsWDbwjr8b/N2ah+N0WtJwneC8=
12,-5,uFjHEM/55C9wxuYGvFMx+wSTmnk=,7/XPhuDfhiJSMUyRAr1qg5ALgX8=
12,-12,oLA5R7n2+pabnFO3jxh+7ICUPco=,AOd6zWkpu+NXtv0+8u0MGDXv9+w=
12,-11,oLA5R7n2+pabnFO3jxh+7ICUPco=,t2tFT5Z04W6wvQsprqmJg5SfRYw=
12,-10,oLA5R7n2+pabnFO3jxh+7ICUPco=,2Dtks6PNrtW51tv+Mbvu9O7cbR0=
12,-9,oLA5R7n2+pabnFO3jxh+7ICUPco=,SOgq/GwsB/iZN5PVSVXkZwhLFOY=
12,-16,oLA5R7n2+pabnFO3jxh+7ICUPco=,+JIduty0kbHBAa4BxkchYnr8gE8=
12,-15,oLA5R7n2+pabnFO3jxh+7ICUPco=,ScdLh+N8tDUmWhXvh+Dbcw45UEM=
12,-14,oLA5R7n2+pabnFO3jxh+7ICUPco=,S5b1ekq7yZ24IFj+7b7bh4NSQ8k=
12,-13,oLA5R7n2+pabnFO3jxh+7ICUPco=,76xxGmgGREASmcrWOPtgqqaHI5w=
11,-17,oLA5R7n2+pabnFO3jxh+7ICUPco=,VG6C4pYHSNgl87CAKmbffshpn9I=
11,-18,oLA5R7n2+pabnFO3jxh+7ICUPco=,wdhm2A2dExFTIhBWIbdo5aqvTiY=
11,-19,oLA5R7n2+pabnFO3jxh+7ICUPco=,yhB0ENoH8DKosbTVJ7s0j5H5D2o=
11,-20,oLA5R7n2+pabnFO3jxh+7ICUPco=,OUfVGEij/EPfxRn4ZWGdyS9k2Ug=
11,-5,oLA5R7n2+pabnFO3jxh+7ICUPco=,0s9a6Dh++Sr4U2kRmrrY7c+9Gbc=
11,-6,oLA5R7n2+pabnFO3jxh+7ICUPco=,U7UndBBf/o37Ni3onCWwXRtkyGU=
11,-7,oLA5R7n2+pabnFO3jxh+7ICUPco=,KNEC6aAjqD9r6i9+soh05Anq/4I=
11,-8,oLA5R7n2+pabnFO3jxh+7ICUPco=,J37J3d/iYhhdjkia3OV6W2vFPfM=
11,-1,oLA5R7n2+pabnFO3jxh+7ICUPco=,I0zLII7viJ4Hsm+ps8K1sAq9b8w=
11,-2,oLA5R7n2+pabnFO3jxh+7ICUPco=,O2vD4OwtwpONtlh7Qw1HYMKV36Q=
11,-3,oLA5R7n2+pabnFO3jxh+7ICUPco=,y/lWSK7ocB2J+vdZx/A8vN5rbGE=
11,-4,oLA5R7n2+pabnFO3jxh+7ICUPco=,tDrYg9EMv5N/Z7eijTVSvu+cwHE=
11,-13,oLA5R7n2+pabnFO3jxh+7ICUPco=,lQxrEQrnoJCtZ8DXNC2oPkIKSXk=
11,-14,oLA5R7n2+pabnFO3jxh+7ICUPco=,N5WAqKdzOew8wTWt3y2h213UTok=
11,-15,4MfubG3l+5YDsju0uyRB66W5bfA=,/BCBPNIuub0OCZ7MjGxseemO0A4=
11,-16,4MfubG3l+5YDsju0uyRB66W5bfA=,BqqkfmlT8MlJ5ZVX3oCjPbLZGnU=
11,-9,4MfubG3l+5YDsju0uyRB66W5bfA=,AdI/LeZLIka3R5jeyQ+xni4Eo9Q=
11,-10,4MfubG3l+5YDsju0uyRB66W5bfA=,WNvulYCiU40FoYtgiSHXt3/1R5g=
11,-11,4MfubG3l+5YDsju0uyRB66W5bfA=,KmAPR8JafMXciAf9hNT1nNVWb3s=
11,-12,4MfubG3l+5YDsju0uyRB66W5bfA=,U3Legv+lhvil/RtPTXhK6ONKjIw=
10,-18,4MfubG3l+5YDsju0uyRB66W5bfA=,jEKpbAktTCuV05TDTmqhYMMATQg=
10,-17,4MfubG3l+5YDsju0uyRB66W5bfA=,CKeKu7+gAF4KTUvUEKnquHxcd1I=
10,-20,4MfubG3l+5YDsju0uyRB66W5bfA=,+vJcxUqOd/RTN84LPqBBp8FRYVk=
10,-19,4MfubG3l+5YDsju0uyRB66W5bfA=,hmArLOtTHNJ+6ifGFGBg918ccHE=
10,-6,4MfubG3l+5YDsju0uyRB66W5bfA=,JZhRdnabj+PbJtRvyRCW14vV3FA=
10,-5,4MfubG3l+5YDsju0uyRB66W5bfA=,bWj/asCMzGNKREcE+hmKisrt3YY=
10,-8,4MfubG3l+5YDsju0uyRB66W5bfA=,LckWvT3lDxkLEJcADF4Uyc9fEGA=
10,-7,4MfubG3l+5YDsju0uyRB66W5bfA=,GS5DoAePILVz5Ow9cOKdEnoty9Q=
10,-2,4MfubG3l+5YDsju0uyRB66W5bfA=,bNBRCiRRhtkr5wexPIz2gQGYBxY=
10,-1,4MfubG3l+5YDsju0uyRB66W5bfA=,xQhNPIrfH1dsLJg50v6T88NXvcc=
10,-4,4MfubG3l+5YDsju0uyRB66W5bfA=,bemqGBYNHgOe8WO+IOVLNSTPRw0=
10,-3,4MfubG3l+5YDsju0uyRB66W5bfA=,eBiOxfovJfzOdzNwJjezAnEE6j0=
10,-14,4MfubG3l+5YDsju0uyRB66W5bfA=,mRX7Tv/aiZOHh+2UcMNt2XY4x5Q=
10,-13,4MfubG3l+5YDsju0uyRB66W5bfA=,JJmo/Rm5bQQ8C4AU2NE1mTS9lTQ=
10,-16,4MfubG3l+5YDsju0uyRB66W5bfA=,7gXZToBBX1vrAhE7UBXynGnE2qw=
10,-15,4MfubG3l+5YDsju0uyRB66W5bfA=,qsc8HauOeDsEh92emobRzaS2pB8=
10,-10,x88tUlk5DS92DgIuayrOd1u4Loc=,R77V+3pZIrF2/kM8X5gI1sfVmw0=
10,-9,x88tUlk5DS92DgIuayrOd1u4Loc=,H9oqvHAFUSC8LZ0y8Dx5M6t1QaQ=
10,-12,x88tUlk5DS92DgIuayrOd1u4Loc=,wN5WwqOOOTTCoxbybP2Yz3sYxmY=
10,-11,x88tUlk5DS92DgIuayrOd1u4Loc=,Tv2HZUvk3wNG46D2rhSsQHW7GKU=
9,-19,x88tUlk5DS92DgIuayrOd1u4Loc=,yd3UFPi4iRyznpNwbvHxdhH0i74=
9,-20,x88tUlk5DS92DgIuayrOd1u4Loc=,9If6PshUIDd13ZREYOvF9UYkGvg=
9,-17,x88tUlk5DS92DgIuayrOd1u4Loc=,+yJYAoO0n4Rw20Az+DsjhoxM+hs=
9,-18,x88tUlk5DS92DgIuayrOd1u4Loc=,BQ1BoDwjMe6iCpmnrsZXlEpTGW0=
9,-7,x88tUlk5DS92DgIuayrOd1u4Loc=,LfXoN+Yas8AwLpAKvIoeQZfmyIw=
9,-8,x88tUlk5DS92DgIuayrOd1u4Loc=,Gjc+lcQBZJxFzVjMapV2hIOxZnk=
9,-5,x88tUlk5DS92DgIuayrOd1u4Loc=,gPzxZ5xcgCZ7XybXROfmhu16Tzo=
9,-6,x88tUlk5DS92DgIuayrOd1u4Loc=,IRvPTCq95Z3zOL2PR7PznpBqKgE=
9,-3,x88tUlk5DS92DgIuayrOd1u4Loc=,WgRoncFE4MM0jRRi/azuAPUsc3w=
9,-4,x88tUlk5DS92DgIuayrOd1u4Loc=,azxAgzzZgv7dXYfQR1Q5e820UcI=
9,-1,x88tUlk5DS92DgIuayrOd1u4Loc=,FS4GLnxrUKuWfVFq1SabhzaC6Pk=
9,-2,x88tUlk5DS92DgIuayrOd1u4Loc=,H3zrdz4EPQeEs1a1nnkFRa+zLS4=
9,-15,x88tUlk5DS92DgIuayrOd1u4Loc=,OedkdogoemvJutVH5s65q1Ey06Y=
9,-16,x88tUlk5DS92DgIuayrOd1u4Loc=,H1KZnfZ0AD5q6dQpy9xxRl49EGA=
9,-13,x88tUlk5DS92DgIuayrOd1u4Loc=,hBHkNnR/bcLaC2DqmXnwMYD/OlQ=
9,-14,x88tUlk5DS92DgIuayrOd1u4Loc=,fsJ7V2Uzmyecaiu9GrYxtaW67W0=
9,-11,x88tUlk5DS92DgIuayrOd1u4Loc=,JZysXAh7yoHLY3rEIs+A9OOVDog=
9,-12,x88tUlk5DS92DgIuayrOd1u4Loc=,qr610O1rFQ53yc3l2+EDUxtq7/Q=
9,-9,ypxN8I0us/f2mJUD8D1CRJiog40=,nqMW9hp6d3aVGmnYQq2/fmse8A0=
9,-10,ypxN8I0us/f2mJUD8D1CRJiog40=,R3qXRVUnR6dUYMXyS7LYOp5xKxI=
8,-20,ypxN8I0us/f2mJUD8D1CRJiog40=,J3bB9/45bk/nwsDs3dK7bSeSgk8=
8,-19,ypxN8I0us/f2mJUD8D1CRJiog40=,h9RnstGBaBvMG3YfLQe0hXvukNc=
8,-18,ypxN8I0us/f2mJUD8D1CRJiog40=,X9FzdOk3t8OMFM+AJsCgy/ygBJc=
8,-17,ypxN8I0us/f2mJUD8D1CRJiog40=,yvUvwGe3dh7slrHFm3WFTeJdizY=
8,-8,ypxN8I0us/f2mJUD8D1CRJiog40=,E7JQ3bvRuwtNW/aVkcSVFlMcXFM=
8,-7,ypxN8I0us/f2mJUD8D1CRJiog40=,ayG+Y9qvLcNv0vL3BlvQ4dt6WAo=
8,-6,ypxN8I0us/f2mJUD8D1CRJiog40=,LfDAGxKP4fu8k/KQ4K4FG1N6HPw=
8,-5,ypxN8I0us/f2mJUD8D1CRJiog40=,B2F66uGkYqM5p/U2rklzEz8uWtI=
8,-4,ypxN8I0us/f2mJUD8D1CRJiog40=,lqr3UyF4dOYN4nfzP80XwgxAEJ0=
8,-3,ypxN8I0us/f2mJUD8D1CRJiog40=,maWaqkMKWtehjGcwOIm3Pc/N7CI=
8,-2,ypxN8I0us/f2mJUD8D1CRJiog40=,vz2yWoO+PoZmFb+2HQRJ8U/B46w=
8,-1,ypxN8I0us/f2mJUD8D1CRJiog40=,Oh1ZVadVzoAjM5+fCgp2kzFvJmk=
8,-16,ypxN8I0us/f2mJUD8D1CRJiog40=,YC65S4nqwZc6NvM19uHJBt4zg3A=
8,-15,ypxN8I0us/f2mJUD8D1CRJiog40=,wRTvkat2OPbYLl1uMXZ2bEu7e7A=
8,-14,ypxN8I0us/f2mJUD8D1CRJiog40=,MF2wxZfoK9//Vp9KMQ0xcvBJM+8=
8,-13,ypxN8I0us/f2mJUD8D1CRJiog40=,aX/2WDNt6MG4L1RrDVhUvbJtIF8=
8,-12,ypxN8I0us/f2mJUD8D1CRJiog40=,evrXrnG+d11EXZMGCX7aLE5fM/k=
8,-11,ypxN8I0us/f2mJUD8D1CRJiog40=,hkoWcpKyMTfYQhaCHE3Wx1h5cog=
8,-10,ypxN8I0us/f2mJUD8D1CRJiog40=,dR9gK62hWYeUcjb+QgsMoeln45U=
8,-9,ypxN8I0us/f2mJUD8D1CRJiog40=,pecXwPd9qHdCjId0HaHSGL5nSL0=
7,-17,sCJqDDJ+iMl3wT8oarOW7N/vOQ0=,dBvw/nsENCn3LImH0qo3GMSpb/g=
7,-18,sCJqDDJ+iMl3wT8oarOW7N/vOQ0=,zN+uyyqdMWH29xVPlMjKvciwiaU=
7,-19,sCJqDDJ+iMl3wT8oarOW7N/vOQ0=,1QWkEcBmNFgsLrjXxWYYK5g1LbY=
7,-20,sCJqDDJ+iMl3wT8oarOW7N/vOQ0=,ukjM0xzZkcyeqWEG/Q4hAtpAKlE=
7,-9,sCJqDDJ+iMl3wT8oarOW7N/vOQ0=,Jn5noPOu8uId+ywSkXH+P3GDEHY=
7,-10,sCJqDDJ+iMl3wT8oarOW7N/vOQ0=,N3pd+Ufz+Y7WI7ViyL5drgvh5Fg=
7,-11,sCJqDDJ+iMl3wT8oarOW7N/vOQ0=,AomGhRYVary84sxwIBL/jKwTAHk=
7,-12,sCJqDDJ+iMl3wT8oarOW7N/vOQ0=,qfIrmPTthr8oJV7PtZ0osKw43Wo=
7,-13,sCJqDDJ+iMl3wT8oarOW7N/vOQ0=,SDckJNR3gFdF5uh+weAPmOJdNJg=
7,-14,sCJqDDJ+iMl3wT8oarOW7N/vOQ0=,J/LfMrwHWFVJyTdEdyI2cuBSRZo=
7,-15,sCJqDDJ+iMl3wT8oarOW7N/vOQ0=,fASKhRkK+LUkxYwVMeiMDF4XLPY=
7,-16,sCJqDDJ+iMl3wT8oarOW7N/vOQ0=,/bLZsWG48ZsXAlPWKnA1ijVEjxI=
7,-1,sCJqDDJ+iMl3wT8oarOW7N/vOQ0=,QdF3Ohr0PGu/q59cX/cXcRB3wXM=
7,-2,sCJqDDJ+iMl3wT8oarOW7N/vOQ0=,RVTrRt53NsTrCsPosWC6VgB/GdU=
7,-3,sCJqDDJ+iMl3wT8oarOW7N/vOQ0=,3LGzli8U8G8uGMETRsUm2T9A0D0=
7,-4,sCJqDDJ+iMl3wT8oarOW7N/vOQ0=,d9MzWRTNCNYWdnr17OfYg1UU5K0=
7,-5,sCJqDDJ+iMl3wT8oarOW7N/vOQ0=,5Ghn2TUgjjQmESqeJ6rpdmosqmg=
7,-6,sCJqDDJ+iMl3wT8oarOW7N/vOQ0=,6biJy5LGXGqSKMGerK+/0V8NGvU=
7,-7,sCJqDDJ+iMl3wT8oarOW7N/vOQ0=,x3gQp9fXJblSTxIdROlJb9lMax4=
7,-8,sCJqDDJ+iMl3wT8oarOW7N/vOQ0=,2CSthaKsAfmtoMZRZy3DBu94eBI=
6,-18,sCJqDDJ+iMl3wT8oarOW7N/vOQ0=,kmG3Apkvrz61frfxloCMElonl2Y=
6,-17,sCJqDDJ+iMl3wT8oarOW7N/vOQ0=,Oj1heuR76VCgtc90PdO9csY6IN0=
6,-20,sCJqDDJ+iMl3wT8oarOW7N/vOQ0=,hTyXO+OXjHoY0bnxqiUcQAshP/0=
6,-19,sCJqDDJ+iMl3wT8oarOW7N/vOQ0=,jJzLY2nTIoyAAwviheO//Mo87Pc=
6,-10,5M7A5aNC0Zorhe12npAYgfHonpY=,Y/DAVLSazEIgRGfHAX53vfMToHQ=
6,-9,5M7A5aNC0Zorhe12npAYgfHonpY=,RMTdyPQ9UTp+buKVFU9wDaZcWfQ=
6,-12,5M7A5aNC0Zorhe12npAYgfHonpY=,1JkjPHdW9auoA7LTI1H4WlTU2Fk=
6,-11,5M7A5aNC0Zorhe12npAYgfHonpY=,t9Zne6um0QDtSoF/ljiQ6iC3WJU=
6,-14,5M7A5aNC0Zorhe12npAYgfHonpY=,0+7cfyMrrguAXlwXGm6NhTlFWY8=
6,-13,5M7A5aNC0Zorhe12npAYgfHonpY=,JTVj11gv1gq19nikW8dZ2JrES+A=
6,-16,5M7A5aNC0Zorhe12npAYgfHonpY=,5fJyRH7MtWuoxFvBBwhe5Sj8dRg=
6,-15,5M7A5aNC0Zorhe12npAYgfHonpY=,3zMoKuLQ8kegI6V4vqZWgYcJ5eg=
6,-2,5M7A5aNC0Zorhe12npAYgfHonpY=,yWK5CGg16EGzVrIGHHavW2O5ogE=
6,-1,5M7A5aNC0Zorhe12npAYgfHonpY=,0RlpOQCLxpc85PgooMVE2YoRS0Y=
6,-4,5M7A5aNC0Zorhe12npAYgfHonpY=,q1ZwGJx7edrVZZj/QhUFzceovOM=
6,-3,5M7A5aNC0Zorhe12npAYgfHonpY=,o+ks8sBAA3evzsqu5BXxrnLJ5Ao=
6,-6,5M7A5aNC0Zorhe12npAYgfHonpY=,uN2gUhG1bzqwSliWT8QvNSN3rzk=
6,-5,5M7A5aNC0Zorhe12npAYgfHonpY=,n05Lt/1sH3z1QKrCOyeEfvHdgcs=
6,-8,5M7A5aNC0Zorhe12npAYgfHonpY=,f6BB68H/q0FThxG1efwTRLBnFvg=
6,-7,5M7A5aNC0Zorhe12npAYgfHonpY=,VmqWepfWirsCFprtt8DLKUUz9MA=
5,-19,5M7A5aNC0Zorhe12npAYgfHonpY=,t0b+2/l8BWGjZ58e0NUNbdptvC8=
5,-20,5M7A5aNC0Zorhe12npAYgfHonpY=,j3pGdV+J1IUg1rUZL1Gcz0mVpdI=
5,-17,5M7A5aNC0Zorhe12npAYgfHonpY=,PUcK+Rm4t7wc9YKBwwIFyZ+R188=
5,-18,5M7A5aNC0Zorhe12npAYgfHonpY=,en9uPUn5o+iNIPPZdt02wkWurxg=
5,-11,5M7A5aNC0Zorhe12npAYgfHonpY=,JpOgHSzhTVCJpNqXgTf3KQ7XBK8=
5,-12,5M7A5aNC0Zorhe12npAYgfHonpY=,WLh0UDZjvaYPvL242//fnarFCyA=
5,-9,5M7A5aNC0Zorhe12npAYgfHonpY=,kyTVqUYwttKUm2nvOpn2K3nQVEA=
5,-10,5M7A5aNC0Zorhe12npAYgfHonpY=,5b8cXdwTmFnuhbk23toJy6PE8Z8=
5,-15,+PHgUzZbp2CGd6MrLe363doj9KY=,lglZK223yaTVOb+5kaE85ba5P9Q=
5,-16,+PHgUzZbp2CGd6MrLe363doj9KY=,GB754wGn53C3+ey6F/shmH6HSCU=
5,-13,+PHgUzZbp2CGd6MrLe363doj9KY=,mciSAjQWNTb//p9awsszmh4sMaY=
5,-14,+PHgUzZbp2CGd6MrLe363doj9KY=,+HGKIcQ/EKp+Zgf9gz3kqTtZkX4=
5,-3,+PHgUzZbp2CGd6MrLe363doj9KY=,xcnv1J74fn4nHXpImpzKpxg4r8A=
5,-4,+PHgUzZbp2CGd6MrLe363doj9KY=,ZZ0KnNP0kydNBfmjTK8DlPt8ef4=
5,-1,+PHgUzZbp2CGd6MrLe363doj9KY=,ByLYaXDplcuNIG4aLCPWEMZSRKQ=
5,-2,+PHgUzZbp2CGd6MrLe363doj9KY=,a7XfbhYh6mgJ8tu9uyjqhEGa8KU=
5,-7,+PHgUzZbp2CGd6MrLe363doj9KY=,4M+vfe0MoSOOJ46VBUq9RZcoL8s=
5,-8,+PHgUzZbp2CGd6MrLe363doj9KY=,uyayLoCKEgdtLOE1bKP4WYBwZkU=
5,-5,+PHgUzZbp2CGd6MrLe363doj9KY=,hdOjnJvvc9H+RVsyQI4SjXQbVBA=
5,-6,+PHgUzZbp2CGd6MrLe363doj9KY=,AdR3iOvohS0PQ71aZCu8mr4B704=
4,-20,+PHgUzZbp2CGd6MrLe363doj9KY=,ihpb9x4vbAZbZjFyrEM7+RfB8Q4=
4,-19,+PHgUzZbp2CGd6MrLe363doj9KY=,X5my5aymBHiofj4MrEQoCA3jq9k=
4,-18,+PHgUzZbp2CGd6MrLe363doj9KY=,w07hhGQFziH6JxFeKDC3ueS36+4=
4,-17,+PHgUzZbp2CGd6MrLe363doj9KY=,3Xzt2q3Xzn0lhXfIPK8f20fEYFE=
4,-12,+PHgUzZbp2CGd6MrLe363doj9KY=,RWHoHIxzwZtfFlN4sy6oXHf+3Dk=
4,-11,+PHgUzZbp2CGd6MrLe363doj9KY=,m7z5vCODG3q/MedGhZNG9QEN1kE=
4,-10,+PHgUzZbp2CGd6MrLe363doj9KY=,iG831/kbX/MTUQdi/gmc4NyZw5k=
4,-9,+PHgUzZbp2CGd6MrLe363doj9KY=,pFvP3bHtpDl0mnURa55lR1EUuvI=
4,-16,+PHgUzZbp2CGd6MrLe363doj9KY=,ukKijyABKwaEHBRtz3UXw70GM8Y=
4,-15,+PHgUzZbp2CGd6MrLe363doj9KY=,pKn2aQAQYAx7LA43kEn6q6P2AO8=
4,-14,+PHgUzZbp2CGd6MrLe363doj9KY=,C2Ctsav9/XcrLTRJ0mFFZS/wU5k=
4,-13,1Q9vMnCUcQuzHZcJFw2WxMIpiBk=,vzpcHMPGXXba/1dZwMh8kxDVrLY=
4,-4,1Q9vMnCUcQuzHZcJFw2WxMIpiBk=,mn+dOh9pvhljbCSWhocvLnBmXcM=
4,-3,1Q9vMnCUcQuzHZcJFw2WxMIpiBk=,3iVTJTXr6PDp6Wo7bGKEGKPG428=
4,-2,1Q9vMnCUcQuzHZcJFw2WxMIpiBk=,uI9oDOXmjt3uB47vK47zRdiShaI=
4,-1,1Q9vMnCUcQuzHZcJFw2WxMIpiBk=,bJVBiOeEfFRJ0ycj3bRQX1J++0c=
4,-8,1Q9vMnCUcQuzHZcJFw2WxMIpiBk=,L+u2LWFnMh4H4QK1Iz2VprCIVuw=
4,-7,1Q9vMnCUcQuzHZcJFw2WxMIpiBk=,j2lLkNZJYyto6EDvCdvKsh4sCEs=
4,-6,1Q9vMnCUcQuzHZcJFw2WxMIpiBk=,oFcNjnDnyYLq/E/NwL6HturAUt0=
4,-5,1Q9vMnCUcQuzHZcJFw2WxMIpiBk=,g9q1HGCEtT8vVgoerrZ+11EP8u0=
3,-17,1Q9vMnCUcQuzHZcJFw2WxMIpiBk=,XDiC4e3ssuu21S0vMAlHTJU9S10=
3,-18,1Q9vMnCUcQuzHZcJFw2WxMIpiBk=,ZfqXrLjjy3Ol35NgQKl+i5L1Bs8=
3,-19,1Q9vMnCUcQuzHZcJFw2WxMIpiBk=,frBtBZ0tZ2T11kfLfiQxCZ6LEsY=
3,-20,1Q9vMnCUcQuzHZcJFw2WxMIpiBk=,iakWTV4NssqgvTrXmoCbVy38eOs=
3,-13,1Q9vMnCUcQuzHZcJFw2WxMIpiBk=,i0E9QwcTghEVFfyYI0fHnlzhhSE=
3,-14,1Q9vMnCUcQuzHZcJFw2WxMIpiBk=,i2b6LV5pBNY3n/jSV5znVkN3YMI=
3,-15,1Q9vMnCUcQuzHZcJFw2WxMIpiBk=,MJukqmcMHrErC0mhuQJYj0BtAnQ=
3,-16,1Q9vMnCUcQuzHZcJFw2WxMIpiBk=,SpPpNMuO9loWKapx3U2k+xvIYlc=
3,-9,1Q9vMnCUcQuzHZcJFw2WxMIpiBk=,UyEb538Y8WK2C1tke7MFTvLxZgA=
3,-10,1Q9vMnCUcQuzHZcJFw2WxMIpiBk=,kAa4Jr4ZmH85QZ4/OwdUvodvMeg=
3,-11,1Q9vMnCUcQuzHZcJFw2WxMIpiBk=,6eoWqU8rZxV6vNFjZxZk1zITq+4=
3,-12,1Q9vMnCUcQuzHZcJFw2WxMIpiBk=,2MNcUz5eLSHvfIB9JH/wTvEJ4no=
3,-5,1Q9vMnCUcQuzHZcJFw2WxMIpiBk=,N3FFCiTtNbe0vm7qRCVlbipYig8=
3,-6,1Q9vMnCUcQuzHZcJFw2WxMIpiBk=,IU1pcN4j5FME1Eol7XNH1XSCEz4=
3,-7,OM8PiKoJlesymAXsyVBxqFLQT2c=,38pDTxJcKUU3Pr9utHC2mIOPpXE=
3,-8,OM8PiKoJlesymAXsyVBxqFLQT2c=,HLbCf3NidCTSRbyJOEsU1MPlHQo=
3,-1,OM8PiKoJlesymAXsyVBxqFLQT2c=,HYVXvtmLJ/HyM5QErv0dIIKUnQA=
3,-2,OM8PiKoJlesymAXsyVBxqFLQT2c=,erkL7yb8PqV0u4Dffefm3tr1eLA=
3,-3,OM8PiKoJlesymAXsyVBxqFLQT2c=,ESQkut1gfDWYbqvoVxnoTyXfMc4=
3,-4,OM8PiKoJlesymAXsyVBxqFLQT2c=,7ono5MGsiHiALUhgFFLMSkI19D4=
2,-18,OM8PiKoJlesymAXsyVBxqFLQT2c=,M3PG58pRXuTvLOdR0T/dboTiLGs=
2,-17,OM8PiKoJlesymAXsyVBxqFLQT2c=,PWPOga4406NarvctgzTTLRu0E+o=
2,-20,OM8PiKoJlesymAXsyVBxqFLQT2c=,iWegYSagV85FPB6tJBx9lLU5jdQ=
2,-19,OM8PiKoJlesymAXsyVBxqFLQT2c=,n0BoIIBTeDUrnhzMbwxQEVKeOVE=
2,-14,OM8PiKoJlesymAXsyVBxqFLQT2c=,omgcvXVowPd2sF1FJn3C7ZAOnWM=
2,-13,OM8PiKoJlesymAXsyVBxqFLQT2c=,lkQEbHJ6sDmjMJEPtJRsrps32QQ=
2,-16,OM8PiKoJlesymAXsyVBxqFLQT2c=,R0Js06PgO+AzdZdlyrutD5ul1oY=
2,-15,OM8PiKoJlesymAXsyVBxqFLQT2c=,z5jCEUcehNPdy8Bh69HvvMwHswU=
2,-10,OM8PiKoJlesymAXsyVBxqFLQT2c=,GHwRLQ74CNxiFmv1+EXQJYKQIwM=
2,-9,OM8PiKoJlesymAXsyVBxqFLQT2c=,+xBr0zfAByNUS0RYNH6mOIkGPBc=
2,-12,OM8PiKoJlesymAXsyVBxqFLQT2c=,rNt0SIZ8e5oFbdUwn0ZMiROrgmQ=
2,-11,OM8PiKoJlesymAXsyVBxqFLQT2c=,QPvhFOVDUXv6cZnf8uR1mAMN2pY=
2,-6,OM8PiKoJlesymAXsyVBxqFLQT2c=,4BtBAqmP3LdEQmLHTpflo4kQKus=
2,-5,OM8PiKoJlesymAXsyVBxqFLQT2c=,R59pNHHdS3wGh7+ZoKxvYfiyn0o=
2,-8,OM8PiKoJlesymAXsyVBxqFLQT2c=,e5mPPcse2FqOmdib8gqWhhmEIVg=
2,-7,OM8PiKoJlesymAXsyVBxqFLQT2c=,JTmqwzhT8Dgo45gEuQx3dcrxD+A=
2,-2,OM8PiKoJlesymAXsyVBxqFLQT2c=,XbHJnVADo3hIgdjpFtsF+JZCp90=
2,-1,dXc0cZxarrxQ8YCQ9av7Len80Q8=,eNKstLQb1BMhJ7gET4g7tDVeCdk=
2,-4,dXc0cZxarrxQ8YCQ9av7Len80Q8=,bcKA+Wg5S+OH16a0e1A7p4z36zU=
2,-3,dXc0cZxarrxQ8YCQ9av7Len80Q8=,gAmLphGmUGT6clmzflQVtYkwCHo=
1,-19,dXc0cZxarrxQ8YCQ9av7Len80Q8=,GlKLhYoshYCxfSfEVOvxJhBCvf8=
1,-20,dXc0cZxarrxQ8YCQ9av7Len80Q8=,5vRo7HEU3lDl28qYmUtLNVj4E9Y=
1,-17,dXc0cZxarrxQ8YCQ9av7Len80Q8=,ZrgWEbdYB2O0+50/a+dMmEXQP8o=
1,-18,dXc0cZxarrxQ8YCQ9av7Len80Q8=,7zhUnrrrF2fmEL6vT8utbS+b0aQ=
1,-15,dXc0cZxarrxQ8YCQ9av7Len80Q8=,dC9G3bkgI6ww2+v3gpbYCww4gBU=
1,-16,dXc0cZxarrxQ8YCQ9av7Len80Q8=,HZ8HHAqBSyf9qXAZRbTMTyViSrk=
1,-13,dXc0cZxarrxQ8YCQ9av7Len80Q8=,YJorq24i1B3/b+PnrRHC0FrlNHo=
1,-14,dXc0cZxarrxQ8YCQ9av7Len80Q8=,aq0RO+WysVifOHtTHdykYlYKt2U=
1,-11,dXc0cZxarrxQ8YCQ9av7Len80Q8=,zy8rBE7TmzvunbT8XoBLk3C69j8=
1,-12,dXc0cZxarrxQ8YCQ9av7Len80Q8=,wXGyTCtDGaAeSeTlCWoKkYiA88w=
1,-9,dXc0cZxarrxQ8YCQ9av7Len80Q8=,M8d+oIL5iNOQfrZHXxEfMqyxqZI=
1,-10,dXc0cZxarrxQ8YCQ9av7Len80Q8=,Cshp6hltxaoQRaCg8P6JaVaBWBg=
1,-7,dXc0cZxarrxQ8YCQ9av7Len80Q8=,OIdAHXDTPmUW8vSd7IxDTLjMDRw=
1,-8,dXc0cZxarrxQ8YCQ9av7Len80Q8=,2WPI02okzURcrNgzt9nOtLiPWiA=
1,-5,dXc0cZxarrxQ8YCQ9av7Len80Q8=,ULvQLYDTdQKwtg9paC0pgOGMbL8=
1,-6,dXc0cZxarrxQ8YCQ9av7Len80Q8=,LJX7MBx+t4yXBKaJJl2XrJTUNGc=
1,-3,dXc0cZxarrxQ8YCQ9av7Len80Q8=,XGGlQdUaV4YGmn58z1OzCbfDeNg=
1,-4,dXc0cZxarrxQ8YCQ9av7Len80Q8=,W7+VyURVG3OOS6ZRQ8SlLnaBxSY=
1,-1,dXc0cZxarrxQ8YCQ9av7Len80Q8=,3iH+qWMZ431C13Rw+NXqNK0Ilo4=
1,-2,dXc0cZxarrxQ8YCQ9av7Len80Q8=,gs+7ALB0tWRonwI2a35JkwyP4EE=
0,-20,dXc0cZxarrxQ8YCQ9av7Len80Q8=,lUgO8fgI5KEcW7yMBzjRHHHZz28=
0,-19,dXc0cZxarrxQ8YCQ9av7Len80Q8=,Cb06WhZg+Yh3A+WhZBMevdNgh/s=
0,-18,tKGYe3lzwoO697hzEUmBE/H1Iak=,4PvoChcH15uHNghWCqRusSb7XUQ=
0,-17,tKGYe3lzwoO697hzEUmBE/H1Iak=,QIDKxXkjkD/Jl13oibYMJGlOyPQ=
0,-16,tKGYe3lzwoO697hzEUmBE/H1Iak=,5kfZMh/YKvzpXGGfWTxGvhjRoLE=
0,-15,tKGYe3lzwoO697hzEUmBE/H1Iak=,XYVIQqgfUg34FsHHSuPY2D5NDEA=
0,-14,tKGYe3lzwoO697hzEUmBE/H1Iak=,pdD9PPYTTwwXnsxHNBCYq0kO1F4=
0,-13,tKGYe3lzwoO697hzEUmBE/H1Iak=,KaPjvQNC3lCzz5DDOcpu0aaV344=
0,-12,tKGYe3lzwoO697hzEUmBE/H1Iak=,Dge5uPenXry8JGek1d24HZ6Oox4=
0,-11,tKGYe3lzwoO697hzEUmBE/H1Iak=,+/rhFiOPW+K6gsaYScc+6uCyHMM=
0,-10,tKGYe3lzwoO697hzEUmBE/H1Iak=,EWI1dPHWU+yNu/ZaLnkN5hIb0eg=
0,-9,tKGYe3lzwoO697hzEUmBE/H1Iak=,bwYCkXqQPiIbM+pcD9HhkkrkVeU=
0,-8,tKGYe3lzwoO697hzEUmBE/H1Iak=,axoW/O/JIhuJqOAQbaOlSHpMu10=
0,-7,tKGYe3lzwoO697hzEUmBE/H1Iak=,YtrZJEiz1XU16ISxbZ3b+beFIxk=
0,-6,tKGYe3lzwoO697hzEUmBE/H1Iak=,i01E1yqPjsAZDeoFGCZOK7+bIhE=
0,-5,tKGYe3lzwoO697hzEUmBE/H1Iak=,K44/fxJDMYDjV72d2JUDPrSRLAM=
0,-4,tKGYe3lzwoO697hzEUmBE/H1Iak=,U0K3DDONryB0akWhBw9GM8ryi+U=
0,-3,tKGYe3lzwoO697hzEUmBE/H1Iak=,7DmR78y+tnHuYDNziZDI7eis8jw=
0,-2,tKGYe3lzwoO697hzEUmBE/H1Iak=,y9+MSnlvYP1TyJavY45XTUtf6HY=
0,-1,tKGYe3lzwoO697hzEUmBE/H1Iak=,EPx/r1khD7MQbCGvI5+qnY/G01o=
