-41,-5,NvhAcpP9XNQr8ixd9efQihnnNJ4=,IJNde9TY7oLIn9r9YiSVIBZ+KMw=
-41,-4,NvhAcpP9XNQr8ixd9efQihnnNJ4=,FyYMtiTb2OwTcde9hD1gWMYBFBc=
-40,-5,NvhAcpP9XNQr8ixd9efQihnnNJ4=,A7eFh67nZuIFKur/sYAzxhHsH3k=
-40,-4,NvhAcpP9XNQr8ixd9efQihnnNJ4=,A7eFh67nZuIFKur/sYAzxhHsH3k=
-38,-5,C/n3NDcak/7tZxJp2h1m0rcKiJ0=,A7eFh67nZuIFKur/sYAzxhHsH3k=
-39,-5,C/n3NDcak/7tZxJp2h1m0rcKiJ0=,A7eFh67nZuIFKur/sYAzxhHsH3k=
-39,-2,C/n3NDcak/7tZxJp2h1m0rcKiJ0=,7s3efXBX3SxJnEW2ZkqcCHggla0=
-39,-4,C/n3NDcak/7tZxJp2h1m0rcKiJ0=,A7eFh67nZuIFKur/sYAzxhHsH3k=
-38,-3,C/n3NDcak/7tZxJp2h1m0rcKiJ0=,A7eFh67nZuIFKur/sYAzxhHsH3k=
-39,-3,C/n3NDcak/7tZxJp2h1m0rcKiJ0=,A7eFh67nZuIFKur/sYAzxhHsH3k=
-38,-4,C/n3NDcak/7tZxJp2h1m0rcKiJ0=,A7eFh67nZuIFKur/sYAzxhHsH3k=
-38,-2,C/n3NDcak/7tZxJp2h1m0rcKiJ0=,A7eFh67nZuIFKur/sYAzxhHsH3k=
-36,-5,C/n3NDcak/7tZxJp2h1m0rcKiJ0=,LyoknHao/a7Ru397O/F0zaiCcMc=
-37,-5,C/n3NDcak/7tZxJp2h1m0rcKiJ0=,A7eFh67nZuIFKur/sYAzxhHsH3k=
-37,-4,C/n3NDcak/7tZxJp2h1m0rcKiJ0=,A7eFh67nZuIFKur/sYAzxhHsH3k=
-36,-4,C/n3NDcak/7tZxJp2h1m0rcKiJ0=,LyoknHao/a7Ru397O/F0zaiCcMc=
-35,-5,F3H7svClx4cWJ+QCYTq73waZ2Ls=,LyoknHao/a7Ru397O/F0zaiCcMc=
-37,-3,F3H7svClx4cWJ+QCYTq73waZ2Ls=,A7eFh67nZuIFKur/sYAzxhHsH3k=
-37,-2,F3H7svClx4cWJ+QCYTq73waZ2Ls=,A7eFh67nZuIFKur/sYAzxhHsH3k=
-36,-2,F3H7svClx4cWJ+QCYTq73waZ2Ls=,LyoknHao/a7Ru397O/F0zaiCcMc=
-36,-3,F3H7svClx4cWJ+QCYTq73waZ2Ls=,LyoknHao/a7Ru397O/F0zaiCcMc=
-35,-4,F3H7svClx4cWJ+QCYTq73waZ2Ls=,LyoknHao/a7Ru397O/F0zaiCcMc=
-35,-3,F3H7svClx4cWJ+QCYTq73waZ2Ls=,LyoknHao/a7Ru397O/F0zaiCcMc=
-34,-3,F3H7svClx4cWJ+QCYTq73waZ2Ls=,hS6ttGqI3MpXCkHAfmRvAnxO9DI=
-35,-2,F3H7svClx4cWJ+QCYTq73waZ2Ls=,LyoknHao/a7Ru397O/F0zaiCcMc=
-34,-2,F3H7svClx4cWJ+QCYTq73waZ2Ls=,ALqclnbhct4CRWnxYMEbODObt1A=
-34,-5,AoBds+bm52iYGNgjyJA8OT8zAKE=,hS6ttGqI3MpXCkHAfmRvAnxO9DI=
-34,-4,AoBds+bm52iYGNgjyJA8OT8zAKE=,hS6ttGqI3MpXCkHAfmRvAnxO9DI=
-35,-6,AoBds+bm52iYGNgjyJA8OT8zAKE=,LyoknHao/a7Ru397O/F0zaiCcMc=
-35,-7,AoBds+bm52iYGNgjyJA8OT8zAKE=,LyoknHao/a7Ru397O/F0zaiCcMc=
-35,-8,AoBds+bm52iYGNgjyJA8OT8zAKE=,LyoknHao/a7Ru397O/F0zaiCcMc=
-35,-9,AoBds+bm52iYGNgjyJA8OT8zAKE=,LyoknHao/a7Ru397O/F0zaiCcMc=
-34,-6,8LQo7O7wuna2yPUNgy9opVhhZAY=,hS6ttGqI3MpXCkHAfmRvAnxO9DI=
-34,-7,8LQo7O7wuna2yPUNgy9opVhhZAY=,hS6ttGqI3MpXCkHAfmRvAnxO9DI=
-34,-8,8LQo7O7wuna2yPUNgy9opVhhZAY=,hS6ttGqI3MpXCkHAfmRvAnxO9DI=
-34,-9,8LQo7O7wuna2yPUNgy9opVhhZAY=,hS6ttGqI3MpXCkHAfmRvAnxO9DI=
-35,-11,8LQo7O7wuna2yPUNgy9opVhhZAY=,LyoknHao/a7Ru397O/F0zaiCcMc=
-35,-10,8LQo7O7wuna2yPUNgy9opVhhZAY=,LyoknHao/a7Ru397O/F0zaiCcMc=
-34,-11,8LQo7O7wuna2yPUNgy9opVhhZAY=,hS6ttGqI3MpXCkHAfmRvAnxO9DI=
-36,-10,nNFjqlE5a5zqjYyP34mPflpVuWM=,LyoknHao/a7Ru397O/F0zaiCcMc=
-36,-11,nNFjqlE5a5zqjYyP34mPflpVuWM=,LyoknHao/a7Ru397O/F0zaiCcMc=
-37,-11,nNFjqlE5a5zqjYyP34mPflpVuWM=,A7eFh67nZuIFKur/sYAzxhHsH3k=
-37,-10,nNFjqlE5a5zqjYyP34mPflpVuWM=,A7eFh67nZuIFKur/sYAzxhHsH3k=
-34,-10,nNFjqlE5a5zqjYyP34mPflpVuWM=,hS6ttGqI3MpXCkHAfmRvAnxO9DI=
-39,-6,nNFjqlE5a5zqjYyP34mPflpVuWM=,A7eFh67nZuIFKur/sYAzxhHsH3k=
-38,-7,nNFjqlE5a5zqjYyP34mPflpVuWM=,A7eFh67nZuIFKur/sYAzxhHsH3k=
-39,-7,nNFjqlE5a5zqjYyP34mPflpVuWM=,A7eFh67nZuIFKur/sYAzxhHsH3k=
-36,-6,nNFjqlE5a5zqjYyP34mPflpVuWM=,LyoknHao/a7Ru397O/F0zaiCcMc=
-37,-7,nNFjqlE5a5zqjYyP34mPflpVuWM=,A7eFh67nZuIFKur/sYAzxhHsH3k=
-36,-9,nNFjqlE5a5zqjYyP34mPflpVuWM=,LyoknHao/a7Ru397O/F0zaiCcMc=
-38,-6,nNFjqlE5a5zqjYyP34mPflpVuWM=,A7eFh67nZuIFKur/sYAzxhHsH3k=
-37,-6,nNFjqlE5a5zqjYyP34mPflpVuWM=,A7eFh67nZuIFKur/sYAzxhHsH3k=
-39,-8,nNFjqlE5a5zqjYyP34mPflpVuWM=,A7eFh67nZuIFKur/sYAzxhHsH3k=
-36,-8,nNFjqlE5a5zqjYyP34mPflpVuWM=,LyoknHao/a7Ru397O/F0zaiCcMc=
-36,-7,nNFjqlE5a5zqjYyP34mPflpVuWM=,LyoknHao/a7Ru397O/F0zaiCcMc=
-37,-9,nNFjqlE5a5zqjYyP34mPflpVuWM=,A7eFh67nZuIFKur/sYAzxhHsH3k=
-39,-9,nNFjqlE5a5zqjYyP34mPflpVuWM=,A7eFh67nZuIFKur/sYAzxhHsH3k=
-38,-9,nNFjqlE5a5zqjYyP34mPflpVuWM=,A7eFh67nZuIFKur/sYAzxhHsH3k=
-37,-8,nNFjqlE5a5zqjYyP34mPflpVuWM=,A7eFh67nZuIFKur/sYAzxhHsH3k=
-38,-8,yQ4q0YlMfxHKgeh/UXZp9if4X/w=,A7eFh67nZuIFKur/sYAzxhHsH3k=
-39,-10,yQ4q0YlMfxHKgeh/UXZp9if4X/w=,A7eFh67nZuIFKur/sYAzxhHsH3k=
-38,-10,yQ4q0YlMfxHKgeh/UXZp9if4X/w=,A7eFh67nZuIFKur/sYAzxhHsH3k=
-38,-11,yQ4q0YlMfxHKgeh/UXZp9if4X/w=,A7eFh67nZuIFKur/sYAzxhHsH3k=
-39,-11,yQ4q0YlMfxHKgeh/UXZp9if4X/w=,A7eFh67nZuIFKur/sYAzxhHsH3k=
-39,-14,5tSPz4h0Sjz/k6wNbXeBF2Cs110=,A7eFh67nZuIFKur/sYAzxhHsH3k=
-38,-15,5tSPz4h0Sjz/k6wNbXeBF2Cs110=,A7eFh67nZuIFKur/sYAzxhHsH3k=
-38,-12,5tSPz4h0Sjz/k6wNbXeBF2Cs110=,A7eFh67nZuIFKur/sYAzxhHsH3k=
-39,-15,5tSPz4h0Sjz/k6wNbXeBF2Cs110=,A7eFh67nZuIFKur/sYAzxhHsH3k=
-38,-14,5tSPz4h0Sjz/k6wNbXeBF2Cs110=,A7eFh67nZuIFKur/sYAzxhHsH3k=
-39,-12,5tSPz4h0Sjz/k6wNbXeBF2Cs110=,A7eFh67nZuIFKur/sYAzxhHsH3k=
-38,-13,5tSPz4h0Sjz/k6wNbXeBF2Cs110=,A7eFh67nZuIFKur/sYAzxhHsH3k=
-39,-13,5tSPz4h0Sjz/k6wNbXeBF2Cs110=,A7eFh67nZuIFKur/sYAzxhHsH3k=
-37,-13,5tSPz4h0Sjz/k6wNbXeBF2Cs110=,A7eFh67nZuIFKur/sYAzxhHsH3k=
-36,-13,5tSPz4h0Sjz/k6wNbXeBF2Cs110=,LyoknHao/a7Ru397O/F0zaiCcMc=
-36,-12,5tSPz4h0Sjz/k6wNbXeBF2Cs110=,LyoknHao/a7Ru397O/F0zaiCcMc=
-37,-12,5tSPz4h0Sjz/k6wNbXeBF2Cs110=,A7eFh67nZuIFKur/sYAzxhHsH3k=
-37,-14,5tSPz4h0Sjz/k6wNbXeBF2Cs110=,A7eFh67nZuIFKur/sYAzxhHsH3k=
-37,-15,5tSPz4h0Sjz/k6wNbXeBF2Cs110=,A7eFh67nZuIFKur/sYAzxhHsH3k=
-36,-15,rNPqSQ/MCs53b59ZhsE2odUrFSA=,LyoknHao/a7Ru397O/F0zaiCcMc=
-36,-14,rNPqSQ/MCs53b59ZhsE2odUrFSA=,LyoknHao/a7Ru397O/F0zaiCcMc=
-35,-12,rNPqSQ/MCs53b59ZhsE2odUrFSA=,LyoknHao/a7Ru397O/F0zaiCcMc=
-34,-12,rNPqSQ/MCs53b59ZhsE2odUrFSA=,hS6ttGqI3MpXCkHAfmRvAnxO9DI=
-34,-13,rNPqSQ/MCs53b59ZhsE2odUrFSA=,hS6ttGqI3MpXCkHAfmRvAnxO9DI=
-35,-13,rNPqSQ/MCs53b59ZhsE2odUrFSA=,LyoknHao/a7Ru397O/F0zaiCcMc=
-34,-15,rNPqSQ/MCs53b59ZhsE2odUrFSA=,hS6ttGqI3MpXCkHAfmRvAnxO9DI=
-35,-15,rNPqSQ/MCs53b59ZhsE2odUrFSA=,LyoknHao/a7Ru397O/F0zaiCcMc=
-35,-14,rNPqSQ/MCs53b59ZhsE2odUrFSA=,LyoknHao/a7Ru397O/F0zaiCcMc=
-34,-14,rNPqSQ/MCs53b59ZhsE2odUrFSA=,hS6ttGqI3MpXCkHAfmRvAnxO9DI=
-35,-16,rNPqSQ/MCs53b59ZhsE2odUrFSA=,LyoknHao/a7Ru397O/F0zaiCcMc=
-34,-16,rNPqSQ/MCs53b59ZhsE2odUrFSA=,hS6ttGqI3MpXCkHAfmRvAnxO9DI=
-33,-14,rNPqSQ/MCs53b59ZhsE2odUrFSA=,hS6ttGqI3MpXCkHAfmRvAnxO9DI=
-33,-13,rNPqSQ/MCs53b59ZhsE2odUrFSA=,hS6ttGqI3MpXCkHAfmRvAnxO9DI=
-33,-15,rNPqSQ/MCs53b59ZhsE2odUrFSA=,hS6ttGqI3MpXCkHAfmRvAnxO9DI=
-33,-12,HPfSkt9kCVSehlKLT3KckOE8z0g=,hS6ttGqI3MpXCkHAfmRvAnxO9DI=
-33,-11,HPfSkt9kCVSehlKLT3KckOE8z0g=,hS6ttGqI3MpXCkHAfmRvAnxO9DI=
-33,-3,HPfSkt9kCVSehlKLT3KckOE8z0g=,hS6ttGqI3MpXCkHAfmRvAnxO9DI=
-41,-2,HPfSkt9kCVSehlKLT3KckOE8z0g=,bbrAO/yUB4UUK4z8hY4Rp3aqUzY=
-33,-10,HPfSkt9kCVSehlKLT3KckOE8z0g=,hS6ttGqI3MpXCkHAfmRvAnxO9DI=
-40,-3,HPfSkt9kCVSehlKLT3KckOE8z0g=,A7eFh67nZuIFKur/sYAzxhHsH3k=
-33,-2,HPfSkt9kCVSehlKLT3KckOE8z0g=,ALqclnbhct4CRWnxYMEbODObt1A=
-41,-3,HPfSkt9kCVSehlKLT3KckOE8z0g=,FyYMtiTb2OwTcde9hD1gWMYBFBc=
-40,-2,HPfSkt9kCVSehlKLT3KckOE8z0g=,7s3efXBX3SxJnEW2ZkqcCHggla0=
-33,-8,HPfSkt9kCVSehlKLT3KckOE8z0g=,hS6ttGqI3MpXCkHAfmRvAnxO9DI=
-33,-6,HPfSkt9kCVSehlKLT3KckOE8z0g=,hS6ttGqI3MpXCkHAfmRvAnxO9DI=
-41,-1,HPfSkt9kCVSehlKLT3KckOE8z0g=,bbrAO/yUB4UUK4z8hY4Rp3aqUzY=
-41,-14,HPfSkt9kCVSehlKLT3KckOE8z0g=,RaCldyNGY5F9NIaSFb8UiO/yIWM=
-41,-15,HPfSkt9kCVSehlKLT3KckOE8z0g=,bCXRM+XDpsFqYN7s1dfllR8KBQA=
-41,-13,HPfSkt9kCVSehlKLT3KckOE8z0g=,RaCldyNGY5F9NIaSFb8UiO/yIWM=
-33,-4,HPfSkt9kCVSehlKLT3KckOE8z0g=,hS6ttGqI3MpXCkHAfmRvAnxO9DI=
-40,-6,HPfSkt9kCVSehlKLT3KckOE8z0g=,A7eFh67nZuIFKur/sYAzxhHsH3k=
-41,-7,HPfSkt9kCVSehlKLT3KckOE8z0g=,LnsIRd5Wfr5HDs6KynIUlQj4fZc=
-41,-6,HPfSkt9kCVSehlKLT3KckOE8z0g=,IJNde9TY7oLIn9r9YiSVIBZ+KMw=
-40,-7,HPfSkt9kCVSehlKLT3KckOE8z0g=,A7eFh67nZuIFKur/sYAzxhHsH3k=
-41,-9,HPfSkt9kCVSehlKLT3KckOE8z0g=,aU1u7FImK8tRSq0OFjShIktM4rQ=
-41,-8,HPfSkt9kCVSehlKLT3KckOE8z0g=,LnsIRd5Wfr5HDs6KynIUlQj4fZc=
-41,-11,HPfSkt9kCVSehlKLT3KckOE8z0g=,eznElHxpU4RFs+aZVQMpby5RARg=
-40,-8,HPfSkt9kCVSehlKLT3KckOE8z0g=,A7eFh67nZuIFKur/sYAzxhHsH3k=
-40,-14,HPfSkt9kCVSehlKLT3KckOE8z0g=,A7eFh67nZuIFKur/sYAzxhHsH3k=
-40,-15,HPfSkt9kCVSehlKLT3KckOE8z0g=,A7eFh67nZuIFKur/sYAzxhHsH3k=
-40,-1,HPfSkt9kCVSehlKLT3KckOE8z0g=,7s3efXBX3SxJnEW2ZkqcCHggla0=
-33,-9,HPfSkt9kCVSehlKLT3KckOE8z0g=,hS6ttGqI3MpXCkHAfmRvAnxO9DI=
-33,-7,HPfSkt9kCVSehlKLT3KckOE8z0g=,hS6ttGqI3MpXCkHAfmRvAnxO9DI=
-40,-9,HPfSkt9kCVSehlKLT3KckOE8z0g=,A7eFh67nZuIFKur/sYAzxhHsH3k=
-41,-10,HPfSkt9kCVSehlKLT3KckOE8z0g=,aU1u7FImK8tRSq0OFjShIktM4rQ=
-41,-12,HPfSkt9kCVSehlKLT3KckOE8z0g=,eznElHxpU4RFs+aZVQMpby5RARg=
-33,-5,HPfSkt9kCVSehlKLT3KckOE8z0g=,hS6ttGqI3MpXCkHAfmRvAnxO9DI=
-41,-16,HPfSkt9kCVSehlKLT3KckOE8z0g=,bCXRM+XDpsFqYN7s1dfllR8KBQA=
-35,-1,HPfSkt9kCVSehlKLT3KckOE8z0g=,LyoknHao/a7Ru397O/F0zaiCcMc=
-34,-1,HPfSkt9kCVSehlKLT3KckOE8z0g=,ALqclnbhct4CRWnxYMEbODObt1A=
-36,-1,HPfSkt9kCVSehlKLT3KckOE8z0g=,LyoknHao/a7Ru397O/F0zaiCcMc=
-40,-13,HPfSkt9kCVSehlKLT3KckOE8z0g=,A7eFh67nZuIFKur/sYAzxhHsH3k=
-40,-10,HPfSkt9kCVSehlKLT3KckOE8z0g=,A7eFh67nZuIFKur/sYAzxhHsH3k=
-37,-1,Zdj7kn1GsMkpg+9qAqCCtKEvKz4=,A7eFh67nZuIFKur/sYAzxhHsH3k=
-40,-12,Zdj7kn1GsMkpg+9qAqCCtKEvKz4=,A7eFh67nZuIFKur/sYAzxhHsH3k=
-40,-11,Zdj7kn1GsMkpg+9qAqCCtKEvKz4=,A7eFh67nZuIFKur/sYAzxhHsH3k=
-40,-16,Zdj7kn1GsMkpg+9qAqCCtKEvKz4=,A7eFh67nZuIFKur/sYAzxhHsH3k=
-37,-16,Zdj7kn1GsMkpg+9qAqCCtKEvKz4=,A7eFh67nZuIFKur/sYAzxhHsH3k=
-36,-16,Zdj7kn1GsMkpg+9qAqCCtKEvKz4=,LyoknHao/a7Ru397O/F0zaiCcMc=
-33,-16,Zdj7kn1GsMkpg+9qAqCCtKEvKz4=,hS6ttGqI3MpXCkHAfmRvAnxO9DI=
-33,-1,Zdj7kn1GsMkpg+9qAqCCtKEvKz4=,ALqclnbhct4CRWnxYMEbODObt1A=
-38,-1,Zdj7kn1GsMkpg+9qAqCCtKEvKz4=,A7eFh67nZuIFKur/sYAzxhHsH3k=
-39,-1,Zdj7kn1GsMkpg+9qAqCCtKEvKz4=,7s3efXBX3SxJnEW2ZkqcCHggla0=
-39,-16,Zdj7kn1GsMkpg+9qAqCCtKEvKz4=,A7eFh67nZuIFKur/sYAzxhHsH3k=
-38,-16,Zdj7kn1GsMkpg+9qAqCCtKEvKz4=,A7eFh67nZuIFKur/sYAzxhHsH3k=
-39,-20,f0cXtJEUATSmhp2gmWuAuO5uriQ=,A7eFh67nZuIFKur/sYAzxhHsH3k=
-39,-21,f0cXtJEUATSmhp2gmWuAuO5uriQ=,A7eFh67nZuIFKur/sYAzxhHsH3k=
-38,-20,f0cXtJEUATSmhp2gmWuAuO5uriQ=,A7eFh67nZuIFKur/sYAzxhHsH3k=
-38,-21,f0cXtJEUATSmhp2gmWuAuO5uriQ=,A7eFh67nZuIFKur/sYAzxhHsH3k=
-39,-19,pgDErSzjanoCAOY+AfRk+Jttxyc=,A7eFh67nZuIFKur/sYAzxhHsH3k=
-38,-19,pgDErSzjanoCAOY+AfRk+Jttxyc=,A7eFh67nZuIFKur/sYAzxhHsH3k=
-38,-18,pgDErSzjanoCAOY+AfRk+Jttxyc=,A7eFh67nZuIFKur/sYAzxhHsH3k=
-39,-18,pgDErSzjanoCAOY+AfRk+Jttxyc=,A7eFh67nZuIFKur/sYAzxhHsH3k=
-36,-21,pgDErSzjanoCAOY+AfRk+Jttxyc=,LyoknHao/a7Ru397O/F0zaiCcMc=
-36,-20,pgDErSzjanoCAOY+AfRk+Jttxyc=,LyoknHao/a7Ru397O/F0zaiCcMc=
-37,-21,pgDErSzjanoCAOY+AfRk+Jttxyc=,A7eFh67nZuIFKur/sYAzxhHsH3k=
-37,-20,BUd/c/qjuFqCZvNXASwWnS8uCIo=,A7eFh67nZuIFKur/sYAzxhHsH3k=
-37,-19,BUd/c/qjuFqCZvNXASwWnS8uCIo=,A7eFh67nZuIFKur/sYAzxhHsH3k=
-37,-18,BUd/c/qjuFqCZvNXASwWnS8uCIo=,A7eFh67nZuIFKur/sYAzxhHsH3k=
-36,-18,BUd/c/qjuFqCZvNXASwWnS8uCIo=,LyoknHao/a7Ru397O/F0zaiCcMc=
-36,-19,BUd/c/qjuFqCZvNXASwWnS8uCIo=,LyoknHao/a7Ru397O/F0zaiCcMc=
-36,-29,AJKiK0cdCKy68jhjHrrL+H/7R9w=,Fen7+5Z7IdBY45LcbRdTXbZLTgw=
-36,-28,AJKiK0cdCKy68jhjHrrL+H/7R9w=,Fen7+5Z7IdBY45LcbRdTXbZLTgw=
-37,-29,AJKiK0cdCKy68jhjHrrL+H/7R9w=,ol8xX3i2m8u8aOSs5PMTD2Gt8a0=
-37,-28,AJKiK0cdCKy68jhjHrrL+H/7R9w=,ol8xX3i2m8u8aOSs5PMTD2Gt8a0=
-37,-31,AJKiK0cdCKy68jhjHrrL+H/7R9w=,ol8xX3i2m8u8aOSs5PMTD2Gt8a0=
-37,-30,AJKiK0cdCKy68jhjHrrL+H/7R9w=,ol8xX3i2m8u8aOSs5PMTD2Gt8a0=
-36,-31,AJKiK0cdCKy68jhjHrrL+H/7R9w=,Fen7+5Z7IdBY45LcbRdTXbZLTgw=
-36,-30,AJKiK0cdCKy68jhjHrrL+H/7R9w=,Fen7+5Z7IdBY45LcbRdTXbZLTgw=
-39,-30,AJKiK0cdCKy68jhjHrrL+H/7R9w=,ol8xX3i2m8u8aOSs5PMTD2Gt8a0=
-39,-31,AJKiK0cdCKy68jhjHrrL+H/7R9w=,ol8xX3i2m8u8aOSs5PMTD2Gt8a0=
-38,-31,miG8JkJVlHpYMzCWiFrKAKxtusw=,ol8xX3i2m8u8aOSs5PMTD2Gt8a0=
-38,-30,miG8JkJVlHpYMzCWiFrKAKxtusw=,ol8xX3i2m8u8aOSs5PMTD2Gt8a0=
-39,-29,miG8JkJVlHpYMzCWiFrKAKxtusw=,ol8xX3i2m8u8aOSs5PMTD2Gt8a0=
-38,-29,miG8JkJVlHpYMzCWiFrKAKxtusw=,ol8xX3i2m8u8aOSs5PMTD2Gt8a0=
-39,-28,miG8JkJVlHpYMzCWiFrKAKxtusw=,ol8xX3i2m8u8aOSs5PMTD2Gt8a0=
-38,-28,miG8JkJVlHpYMzCWiFrKAKxtusw=,ol8xX3i2m8u8aOSs5PMTD2Gt8a0=
-41,-26,miG8JkJVlHpYMzCWiFrKAKxtusw=,tOJKmNcWlacT5diEfhXkKEfO0uA=
-41,-29,miG8JkJVlHpYMzCWiFrKAKxtusw=,MD5mPEjbrKforY27A1zUu96e2hk=
-41,-27,miG8JkJVlHpYMzCWiFrKAKxtusw=,5RI+LXBiFBkLevdv+HD59UkWDeI=
-41,-28,miG8JkJVlHpYMzCWiFrKAKxtusw=,5RI+LXBiFBkLevdv+HD59UkWDeI=
-40,-26,miG8JkJVlHpYMzCWiFrKAKxtusw=,A7eFh67nZuIFKur/sYAzxhHsH3k=
-40,-29,miG8JkJVlHpYMzCWiFrKAKxtusw=,ol8xX3i2m8u8aOSs5PMTD2Gt8a0=
-40,-27,miG8JkJVlHpYMzCWiFrKAKxtusw=,ol8xX3i2m8u8aOSs5PMTD2Gt8a0=
-40,-28,miG8JkJVlHpYMzCWiFrKAKxtusw=,ol8xX3i2m8u8aOSs5PMTD2Gt8a0=
-41,-24,miG8JkJVlHpYMzCWiFrKAKxtusw=,1lUP9Pj3v1ASyo/B5rQJTc9sgDk=
-41,-25,miG8JkJVlHpYMzCWiFrKAKxtusw=,tOJKmNcWlacT5diEfhXkKEfO0uA=
-41,-23,miG8JkJVlHpYMzCWiFrKAKxtusw=,1lUP9Pj3v1ASyo/B5rQJTc9sgDk=
-41,-22,miG8JkJVlHpYMzCWiFrKAKxtusw=,AlxnTvyTxoL7GY8zWgzF5j6+EZg=
-40,-24,miG8JkJVlHpYMzCWiFrKAKxtusw=,A7eFh67nZuIFKur/sYAzxhHsH3k=
-40,-22,miG8JkJVlHpYMzCWiFrKAKxtusw=,A7eFh67nZuIFKur/sYAzxhHsH3k=
-40,-23,miG8JkJVlHpYMzCWiFrKAKxtusw=,A7eFh67nZuIFKur/sYAzxhHsH3k=
-40,-25,miG8JkJVlHpYMzCWiFrKAKxtusw=,A7eFh67nZuIFKur/sYAzxhHsH3k=
-36,-26,Cd9U1cXP8QoPu1htz1AHGRsR75s=,Fen7+5Z7IdBY45LcbRdTXbZLTgw=
-36,-27,Cd9U1cXP8QoPu1htz1AHGRsR75s=,Fen7+5Z7IdBY45LcbRdTXbZLTgw=
-39,-27,Cd9U1cXP8QoPu1htz1AHGRsR75s=,ol8xX3i2m8u8aOSs5PMTD2Gt8a0=
-39,-26,Cd9U1cXP8QoPu1htz1AHGRsR75s=,A7eFh67nZuIFKur/sYAzxhHsH3k=
-37,-26,Cd9U1cXP8QoPu1htz1AHGRsR75s=,A7eFh67nZuIFKur/sYAzxhHsH3k=
-37,-27,Cd9U1cXP8QoPu1htz1AHGRsR75s=,ol8xX3i2m8u8aOSs5PMTD2Gt8a0=
-38,-27,Cd9U1cXP8QoPu1htz1AHGRsR75s=,ol8xX3i2m8u8aOSs5PMTD2Gt8a0=
-38,-26,Cd9U1cXP8QoPu1htz1AHGRsR75s=,A7eFh67nZuIFKur/sYAzxhHsH3k=
-36,-24,Cd9U1cXP8QoPu1htz1AHGRsR75s=,Fen7+5Z7IdBY45LcbRdTXbZLTgw=
-36,-23,Cd9U1cXP8QoPu1htz1AHGRsR75s=,Fen7+5Z7IdBY45LcbRdTXbZLTgw=
-39,-23,Cd9U1cXP8QoPu1htz1AHGRsR75s=,A7eFh67nZuIFKur/sYAzxhHsH3k=
-39,-24,Cd9U1cXP8QoPu1htz1AHGRsR75s=,A7eFh67nZuIFKur/sYAzxhHsH3k=
-37,-25,Cd9U1cXP8QoPu1htz1AHGRsR75s=,A7eFh67nZuIFKur/sYAzxhHsH3k=
-39,-22,Cd9U1cXP8QoPu1htz1AHGRsR75s=,A7eFh67nZuIFKur/sYAzxhHsH3k=
-38,-25,Cd9U1cXP8QoPu1htz1AHGRsR75s=,A7eFh67nZuIFKur/sYAzxhHsH3k=
-38,-22,Cd9U1cXP8QoPu1htz1AHGRsR75s=,A7eFh67nZuIFKur/sYAzxhHsH3k=
-39,-25,Cd9U1cXP8QoPu1htz1AHGRsR75s=,A7eFh67nZuIFKur/sYAzxhHsH3k=
-37,-23,Cd9U1cXP8QoPu1htz1AHGRsR75s=,A7eFh67nZuIFKur/sYAzxhHsH3k=
-36,-22,Cd9U1cXP8QoPu1htz1AHGRsR75s=,LyoknHao/a7Ru397O/F0zaiCcMc=
-36,-25,Cd9U1cXP8QoPu1htz1AHGRsR75s=,Fen7+5Z7IdBY45LcbRdTXbZLTgw=
-38,-23,Cd9U1cXP8QoPu1htz1AHGRsR75s=,A7eFh67nZuIFKur/sYAzxhHsH3k=
-37,-22,Cd9U1cXP8QoPu1htz1AHGRsR75s=,A7eFh67nZuIFKur/sYAzxhHsH3k=
-37,-24,Cd9U1cXP8QoPu1htz1AHGRsR75s=,A7eFh67nZuIFKur/sYAzxhHsH3k=
-38,-24,Cd9U1cXP8QoPu1htz1AHGRsR75s=,A7eFh67nZuIFKur/sYAzxhHsH3k=
-34,-28,oix9AIACSuu+UErUiOWp8+fbBfM=,hS6ttGqI3MpXCkHAfmRvAnxO9DI=
-34,-29,oix9AIACSuu+UErUiOWp8+fbBfM=,hS6ttGqI3MpXCkHAfmRvAnxO9DI=
-35,-28,oix9AIACSuu+UErUiOWp8+fbBfM=,Fen7+5Z7IdBY45LcbRdTXbZLTgw=
-35,-29,oix9AIACSuu+UErUiOWp8+fbBfM=,Fen7+5Z7IdBY45LcbRdTXbZLTgw=
-34,-27,oix9AIACSuu+UErUiOWp8+fbBfM=,hS6ttGqI3MpXCkHAfmRvAnxO9DI=
-35,-30,oix9AIACSuu+UErUiOWp8+fbBfM=,Fen7+5Z7IdBY45LcbRdTXbZLTgw=
-34,-30,oix9AIACSuu+UErUiOWp8+fbBfM=,hS6ttGqI3MpXCkHAfmRvAnxO9DI=
-34,-26,oix9AIACSuu+UErUiOWp8+fbBfM=,hS6ttGqI3MpXCkHAfmRvAnxO9DI=
-35,-31,oix9AIACSuu+UErUiOWp8+fbBfM=,Fen7+5Z7IdBY45LcbRdTXbZLTgw=
-34,-31,oix9AIACSuu+UErUiOWp8+fbBfM=,hS6ttGqI3MpXCkHAfmRvAnxO9DI=
-35,-27,oix9AIACSuu+UErUiOWp8+fbBfM=,Fen7+5Z7IdBY45LcbRdTXbZLTgw=
-35,-26,oix9AIACSuu+UErUiOWp8+fbBfM=,Fen7+5Z7IdBY45LcbRdTXbZLTgw=
-34,-25,vsvwGicQg+sUa2ZTheGFGumFfM4=,hS6ttGqI3MpXCkHAfmRvAnxO9DI=
-35,-25,vsvwGicQg+sUa2ZTheGFGumFfM4=,Fen7+5Z7IdBY45LcbRdTXbZLTgw=
-35,-24,vsvwGicQg+sUa2ZTheGFGumFfM4=,Fen7+5Z7IdBY45LcbRdTXbZLTgw=
-34,-24,vsvwGicQg+sUa2ZTheGFGumFfM4=,hS6ttGqI3MpXCkHAfmRvAnxO9DI=
-35,-23,vsvwGicQg+sUa2ZTheGFGumFfM4=,Fen7+5Z7IdBY45LcbRdTXbZLTgw=
-34,-22,vsvwGicQg+sUa2ZTheGFGumFfM4=,hS6ttGqI3MpXCkHAfmRvAnxO9DI=
-34,-23,vsvwGicQg+sUa2ZTheGFGumFfM4=,hS6ttGqI3MpXCkHAfmRvAnxO9DI=
-35,-22,vsvwGicQg+sUa2ZTheGFGumFfM4=,LyoknHao/a7Ru397O/F0zaiCcMc=
-35,-21,vsvwGicQg+sUa2ZTheGFGumFfM4=,LyoknHao/a7Ru397O/F0zaiCcMc=
-35,-20,vsvwGicQg+sUa2ZTheGFGumFfM4=,LyoknHao/a7Ru397O/F0zaiCcMc=
-34,-21,vsvwGicQg+sUa2ZTheGFGumFfM4=,hS6ttGqI3MpXCkHAfmRvAnxO9DI=
-34,-20,vsvwGicQg+sUa2ZTheGFGumFfM4=,hS6ttGqI3MpXCkHAfmRvAnxO9DI=
-35,-18,vsvwGicQg+sUa2ZTheGFGumFfM4=,LyoknHao/a7Ru397O/F0zaiCcMc=
-34,-18,sh3TRLKzYWdmN7PFtGKpuemOqOo=,hS6ttGqI3MpXCkHAfmRvAnxO9DI=
-35,-19,sh3TRLKzYWdmN7PFtGKpuemOqOo=,LyoknHao/a7Ru397O/F0zaiCcMc=
-34,-19,sh3TRLKzYWdmN7PFtGKpuemOqOo=,hS6ttGqI3MpXCkHAfmRvAnxO9DI=
-41,-20,sh3TRLKzYWdmN7PFtGKpuemOqOo=,mjs/dd0VkgTuaEH+QtuQZAwQ4Wc=
-41,-21,sh3TRLKzYWdmN7PFtGKpuemOqOo=,AlxnTvyTxoL7GY8zWgzF5j6+EZg=
-41,-18,sh3TRLKzYWdmN7PFtGKpuemOqOo=,0Wfp22QLfsbGyysWVmqqLcwsrQI=
-41,-19,sh3TRLKzYWdmN7PFtGKpuemOqOo=,mjs/dd0VkgTuaEH+QtuQZAwQ4Wc=
-33,-18,sh3TRLKzYWdmN7PFtGKpuemOqOo=,hS6ttGqI3MpXCkHAfmRvAnxO9DI=
-40,-18,sh3TRLKzYWdmN7PFtGKpuemOqOo=,A7eFh67nZuIFKur/sYAzxhHsH3k=
-40,-19,sh3TRLKzYWdmN7PFtGKpuemOqOo=,A7eFh67nZuIFKur/sYAzxhHsH3k=
-40,-21,sh3TRLKzYWdmN7PFtGKpuemOqOo=,A7eFh67nZuIFKur/sYAzxhHsH3k=
-40,-20,sh3TRLKzYWdmN7PFtGKpuemOqOo=,A7eFh67nZuIFKur/sYAzxhHsH3k=
-34,-17,sh3TRLKzYWdmN7PFtGKpuemOqOo=,hS6ttGqI3MpXCkHAfmRvAnxO9DI=
-33,-19,sh3TRLKzYWdmN7PFtGKpuemOqOo=,hS6ttGqI3MpXCkHAfmRvAnxO9DI=
-35,-17,sh3TRLKzYWdmN7PFtGKpuemOqOo=,LyoknHao/a7Ru397O/F0zaiCcMc=
-33,-20,sh3TRLKzYWdmN7PFtGKpuemOqOo=,hS6ttGqI3MpXCkHAfmRvAnxO9DI=
-33,-21,sh3TRLKzYWdmN7PFtGKpuemOqOo=,hS6ttGqI3MpXCkHAfmRvAnxO9DI=
-37,-17,sh3TRLKzYWdmN7PFtGKpuemOqOo=,A7eFh67nZuIFKur/sYAzxhHsH3k=
-36,-17,sh3TRLKzYWdmN7PFtGKpuemOqOo=,LyoknHao/a7Ru397O/F0zaiCcMc=
-41,-17,sh3TRLKzYWdmN7PFtGKpuemOqOo=,0Wfp22QLfsbGyysWVmqqLcwsrQI=
-41,-30,sh3TRLKzYWdmN7PFtGKpuemOqOo=,MD5mPEjbrKforY27A1zUu96e2hk=
-41,-31,sh3TRLKzYWdmN7PFtGKpuemOqOo=,qqQ31jzjTrvNs7RVD8gBxxxJRX8=
-40,-31,sh3TRLKzYWdmN7PFtGKpuemOqOo=,ol8xX3i2m8u8aOSs5PMTD2Gt8a0=
-40,-17,sh3TRLKzYWdmN7PFtGKpuemOqOo=,A7eFh67nZuIFKur/sYAzxhHsH3k=
-40,-30,sh3TRLKzYWdmN7PFtGKpuemOqOo=,ol8xX3i2m8u8aOSs5PMTD2Gt8a0=
-38,-17,sh3TRLKzYWdmN7PFtGKpuemOqOo=,A7eFh67nZuIFKur/sYAzxhHsH3k=
-39,-17,sh3TRLKzYWdmN7PFtGKpuemOqOo=,A7eFh67nZuIFKur/sYAzxhHsH3k=
-41,-32,sh3TRLKzYWdmN7PFtGKpuemOqOo=,qqQ31jzjTrvNs7RVD8gBxxxJRX8=
-40,-32,sh3TRLKzYWdmN7PFtGKpuemOqOo=,ol8xX3i2m8u8aOSs5PMTD2Gt8a0=
-37,-32,sh3TRLKzYWdmN7PFtGKpuemOqOo=,ol8xX3i2m8u8aOSs5PMTD2Gt8a0=
-38,-32,sh3TRLKzYWdmN7PFtGKpuemOqOo=,ol8xX3i2m8u8aOSs5PMTD2Gt8a0=
-39,-32,sh3TRLKzYWdmN7PFtGKpuemOqOo=,ol8xX3i2m8u8aOSs5PMTD2Gt8a0=
-36,-32,sh3TRLKzYWdmN7PFtGKpuemOqOo=,Fen7+5Z7IdBY45LcbRdTXbZLTgw=
-33,-29,JKjqu2nOZjFGNsP4d8ajkM+5bDE=,hS6ttGqI3MpXCkHAfmRvAnxO9DI=
-34,-32,JKjqu2nOZjFGNsP4d8ajkM+5bDE=,hS6ttGqI3MpXCkHAfmRvAnxO9DI=
-33,-28,JKjqu2nOZjFGNsP4d8ajkM+5bDE=,hS6ttGqI3MpXCkHAfmRvAnxO9DI=
-33,-17,JKjqu2nOZjFGNsP4d8ajkM+5bDE=,hS6ttGqI3MpXCkHAfmRvAnxO9DI=
-35,-32,JKjqu2nOZjFGNsP4d8ajkM+5bDE=,Fen7+5Z7IdBY45LcbRdTXbZLTgw=
-33,-26,JKjqu2nOZjFGNsP4d8ajkM+5bDE=,hS6ttGqI3MpXCkHAfmRvAnxO9DI=
-33,-27,JKjqu2nOZjFGNsP4d8ajkM+5bDE=,hS6ttGqI3MpXCkHAfmRvAnxO9DI=
-33,-31,JKjqu2nOZjFGNsP4d8ajkM+5bDE=,hS6ttGqI3MpXCkHAfmRvAnxO9DI=
-33,-30,JKjqu2nOZjFGNsP4d8ajkM+5bDE=,hS6ttGqI3MpXCkHAfmRvAnxO9DI=
-33,-25,JKjqu2nOZjFGNsP4d8ajkM+5bDE=,hS6ttGqI3MpXCkHAfmRvAnxO9DI=
-33,-22,JKjqu2nOZjFGNsP4d8ajkM+5bDE=,hS6ttGqI3MpXCkHAfmRvAnxO9DI=
-33,-23,JKjqu2nOZjFGNsP4d8ajkM+5bDE=,hS6ttGqI3MpXCkHAfmRvAnxO9DI=
-33,-24,JKjqu2nOZjFGNsP4d8ajkM+5bDE=,hS6ttGqI3MpXCkHAfmRvAnxO9DI=
-33,-32,JKjqu2nOZjFGNsP4d8ajkM+5bDE=,hS6ttGqI3MpXCkHAfmRvAnxO9DI=
