33,-19,a0ix78bscQhyOpTGzBXpUAsbpj8=,CswZ/r3czXyqEK/CvFWjZWMEW10=
34,-19,a0ix78bscQhyOpTGzBXpUAsbpj8=,WXe4u244LWV55mfSunCYvb49Weg=
34,-18,a0ix78bscQhyOpTGzBXpUAsbpj8=,WXe4u244LWV55mfSunCYvb49Weg=
33,-18,a0ix78bscQhyOpTGzBXpUAsbpj8=,CswZ/r3czXyqEK/CvFWjZWMEW10=
36,-18,a0ix78bscQhyOpTGzBXpUAsbpj8=,qjGAPQdJp6+RZSK8H5SBkOUyIq4=
35,-19,a0ix78bscQhyOpTGzBXpUAsbpj8=,WXe4u244LWV55mfSunCYvb49Weg=
35,-18,a0ix78bscQhyOpTGzBXpUAsbpj8=,WXe4u244LWV55mfSunCYvb49Weg=
36,-19,a0ix78bscQhyOpTGzBXpUAsbpj8=,qjGAPQdJp6+RZSK8H5SBkOUyIq4=
35,-21,W0UKFjRw4UhfW+IwHtZ19E6jU78=,WXe4u244LWV55mfSunCYvb49Weg=
36,-21,W0UKFjRw4UhfW+IwHtZ19E6jU78=,qjGAPQdJp6+RZSK8H5SBkOUyIq4=
36,-20,W0UKFjRw4UhfW+IwHtZ19E6jU78=,qjGAPQdJp6+RZSK8H5SBkOUyIq4=
35,-20,W0UKFjRw4UhfW+IwHtZ19E6jU78=,WXe4u244LWV55mfSunCYvb49Weg=
33,-21,W0UKFjRw4UhfW+IwHtZ19E6jU78=,CswZ/r3czXyqEK/CvFWjZWMEW10=
33,-20,W0UKFjRw4UhfW+IwHtZ19E6jU78=,CswZ/r3czXyqEK/CvFWjZWMEW10=
34,-21,W0UKFjRw4UhfW+IwHtZ19E6jU78=,WXe4u244LWV55mfSunCYvb49Weg=
34,-20,W0UKFjRw4UhfW+IwHtZ19E6jU78=,WXe4u244LWV55mfSunCYvb49Weg=
36,-23,0PCcALc6+vPkxxsJ1vUo2CNaBuI=,qjGAPQdJp6+RZSK8H5SBkOUyIq4=
35,-23,0PCcALc6+vPkxxsJ1vUo2CNaBuI=,WXe4u244LWV55mfSunCYvb49Weg=
35,-22,0PCcALc6+vPkxxsJ1vUo2CNaBuI=,WXe4u244LWV55mfSunCYvb49Weg=
36,-22,0PCcALc6+vPkxxsJ1vUo2CNaBuI=,qjGAPQdJp6+RZSK8H5SBkOUyIq4=
33,-23,0PCcALc6+vPkxxsJ1vUo2CNaBuI=,CswZ/r3czXyqEK/CvFWjZWMEW10=
33,-22,0PCcALc6+vPkxxsJ1vUo2CNaBuI=,CswZ/r3czXyqEK/CvFWjZWMEW10=
34,-22,0PCcALc6+vPkxxsJ1vUo2CNaBuI=,WXe4u244LWV55mfSunCYvb49Weg=
34,-23,0PCcALc6+vPkxxsJ1vUo2CNaBuI=,WXe4u244LWV55mfSunCYvb49Weg=
40,-23,0PCcALc6+vPkxxsJ1vUo2CNaBuI=,2UbATKWnmcLjMh98uxzJp2ny23I=
40,-22,0PCcALc6+vPkxxsJ1vUo2CNaBuI=,2eIWwllvJwVxzCrW90dTx6P/uUY=
40,-20,0PCcALc6+vPkxxsJ1vUo2CNaBuI=,z/Y8LaopTKnN2xcX1XBd9grkhmE=
40,-21,0PCcALc6+vPkxxsJ1vUo2CNaBuI=,2eIWwllvJwVxzCrW90dTx6P/uUY=
39,-21,0PCcALc6+vPkxxsJ1vUo2CNaBuI=,qjGAPQdJp6+RZSK8H5SBkOUyIq4=
39,-22,0PCcALc6+vPkxxsJ1vUo2CNaBuI=,qjGAPQdJp6+RZSK8H5SBkOUyIq4=
39,-23,0PCcALc6+vPkxxsJ1vUo2CNaBuI=,qjGAPQdJp6+RZSK8H5SBkOUyIq4=
39,-20,0PCcALc6+vPkxxsJ1vUo2CNaBuI=,qjGAPQdJp6+RZSK8H5SBkOUyIq4=
38,-20,0PCcALc6+vPkxxsJ1vUo2CNaBuI=,qjGAPQdJp6+RZSK8H5SBkOUyIq4=
37,-20,0PCcALc6+vPkxxsJ1vUo2CNaBuI=,qjGAPQdJp6+RZSK8H5SBkOUyIq4=
38,-22,0PCcALc6+vPkxxsJ1vUo2CNaBuI=,qjGAPQdJp6+RZSK8H5SBkOUyIq4=
38,-23,0PCcALc6+vPkxxsJ1vUo2CNaBuI=,qjGAPQdJp6+RZSK8H5SBkOUyIq4=
38,-21,0PCcALc6+vPkxxsJ1vUo2CNaBuI=,qjGAPQdJp6+RZSK8H5SBkOUyIq4=
37,-21,0PCcALc6+vPkxxsJ1vUo2CNaBuI=,qjGAPQdJp6+RZSK8H5SBkOUyIq4=
37,-22,0PCcALc6+vPkxxsJ1vUo2CNaBuI=,qjGAPQdJp6+RZSK8H5SBkOUyIq4=
37,-23,0PCcALc6+vPkxxsJ1vUo2CNaBuI=,qjGAPQdJp6+RZSK8H5SBkOUyIq4=
40,-24,/S5yLzKX1vCJnBE8dhkYVivDc3g=,2UbATKWnmcLjMh98uxzJp2ny23I=
40,-25,/S5yLzKX1vCJnBE8dhkYVivDc3g=,OaLFD8M1Mt6LWu7Py+hI9gjBTiQ=
39,-24,/S5yLzKX1vCJnBE8dhkYVivDc3g=,qjGAPQdJp6+RZSK8H5SBkOUyIq4=
39,-25,/S5yLzKX1vCJnBE8dhkYVivDc3g=,qjGAPQdJp6+RZSK8H5SBkOUyIq4=
38,-26,/S5yLzKX1vCJnBE8dhkYVivDc3g=,qjGAPQdJp6+RZSK8H5SBkOUyIq4=
37,-25,/S5yLzKX1vCJnBE8dhkYVivDc3g=,qjGAPQdJp6+RZSK8H5SBkOUyIq4=
37,-26,/S5yLzKX1vCJnBE8dhkYVivDc3g=,qjGAPQdJp6+RZSK8H5SBkOUyIq4=
38,-24,/S5yLzKX1vCJnBE8dhkYVivDc3g=,qjGAPQdJp6+RZSK8H5SBkOUyIq4=
38,-25,/S5yLzKX1vCJnBE8dhkYVivDc3g=,qjGAPQdJp6+RZSK8H5SBkOUyIq4=
37,-24,/S5yLzKX1vCJnBE8dhkYVivDc3g=,qjGAPQdJp6+RZSK8H5SBkOUyIq4=
37,-27,kgGQdQdNC00otSsmuNvPiXAcei0=,qjGAPQdJp6+RZSK8H5SBkOUyIq4=
38,-27,kgGQdQdNC00otSsmuNvPiXAcei0=,qjGAPQdJp6+RZSK8H5SBkOUyIq4=
35,-28,kgGQdQdNC00otSsmuNvPiXAcei0=,WXe4u244LWV55mfSunCYvb49Weg=
35,-29,kgGQdQdNC00otSsmuNvPiXAcei0=,WXe4u244LWV55mfSunCYvb49Weg=
38,-29,7b4uku61bzd5R131uOTO+WpiEpM=,qjGAPQdJp6+RZSK8H5SBkOUyIq4=
37,-28,7b4uku61bzd5R131uOTO+WpiEpM=,qjGAPQdJp6+RZSK8H5SBkOUyIq4=
38,-28,7b4uku61bzd5R131uOTO+WpiEpM=,qjGAPQdJp6+RZSK8H5SBkOUyIq4=
37,-29,7b4uku61bzd5R131uOTO+WpiEpM=,qjGAPQdJp6+RZSK8H5SBkOUyIq4=
36,-28,7b4uku61bzd5R131uOTO+WpiEpM=,qjGAPQdJp6+RZSK8H5SBkOUyIq4=
36,-29,7b4uku61bzd5R131uOTO+WpiEpM=,qjGAPQdJp6+RZSK8H5SBkOUyIq4=
34,-28,7b4uku61bzd5R131uOTO+WpiEpM=,WXe4u244LWV55mfSunCYvb49Weg=
34,-29,7b4uku61bzd5R131uOTO+WpiEpM=,WXe4u244LWV55mfSunCYvb49Weg=
33,-30,tztASM/wL4ENGoFeGvO/svXfr+k=,CswZ/r3czXyqEK/CvFWjZWMEW10=
34,-30,tztASM/wL4ENGoFeGvO/svXfr+k=,WXe4u244LWV55mfSunCYvb49Weg=
34,-31,tztASM/wL4ENGoFeGvO/svXfr+k=,WXe4u244LWV55mfSunCYvb49Weg=
33,-31,tztASM/wL4ENGoFeGvO/svXfr+k=,CswZ/r3czXyqEK/CvFWjZWMEW10=
35,-30,tztASM/wL4ENGoFeGvO/svXfr+k=,WXe4u244LWV55mfSunCYvb49Weg=
35,-31,tztASM/wL4ENGoFeGvO/svXfr+k=,WXe4u244LWV55mfSunCYvb49Weg=
33,-28,tztASM/wL4ENGoFeGvO/svXfr+k=,CswZ/r3czXyqEK/CvFWjZWMEW10=
33,-29,tztASM/wL4ENGoFeGvO/svXfr+k=,CswZ/r3czXyqEK/CvFWjZWMEW10=
40,-32,Hzi6UqrA+m6seVl1RBcoRK2RRDQ=,Bgi37QJdnlnRzbV7Qc+DLROPld0=
40,-30,Hzi6UqrA+m6seVl1RBcoRK2RRDQ=,V1d3xgJ43gq6H69o0ftWQZRBGHg=
40,-31,Hzi6UqrA+m6seVl1RBcoRK2RRDQ=,Bgi37QJdnlnRzbV7Qc+DLROPld0=
39,-30,Hzi6UqrA+m6seVl1RBcoRK2RRDQ=,qjGAPQdJp6+RZSK8H5SBkOUyIq4=
39,-32,Hzi6UqrA+m6seVl1RBcoRK2RRDQ=,Fen7+5Z7IdBY45LcbRdTXbZLTgw=
39,-31,Hzi6UqrA+m6seVl1RBcoRK2RRDQ=,Fen7+5Z7IdBY45LcbRdTXbZLTgw=
36,-31,Hzi6UqrA+m6seVl1RBcoRK2RRDQ=,qjGAPQdJp6+RZSK8H5SBkOUyIq4=
36,-30,Hzi6UqrA+m6seVl1RBcoRK2RRDQ=,qjGAPQdJp6+RZSK8H5SBkOUyIq4=
34,-26,Hzi6UqrA+m6seVl1RBcoRK2RRDQ=,WXe4u244LWV55mfSunCYvb49Weg=
33,-24,Hzi6UqrA+m6seVl1RBcoRK2RRDQ=,CswZ/r3czXyqEK/CvFWjZWMEW10=
33,-25,Hzi6UqrA+m6seVl1RBcoRK2RRDQ=,CswZ/r3czXyqEK/CvFWjZWMEW10=
34,-27,Hzi6UqrA+m6seVl1RBcoRK2RRDQ=,WXe4u244LWV55mfSunCYvb49Weg=
33,-26,Hzi6UqrA+m6seVl1RBcoRK2RRDQ=,CswZ/r3czXyqEK/CvFWjZWMEW10=
34,-25,Hzi6UqrA+m6seVl1RBcoRK2RRDQ=,WXe4u244LWV55mfSunCYvb49Weg=
35,-27,Hzi6UqrA+m6seVl1RBcoRK2RRDQ=,WXe4u244LWV55mfSunCYvb49Weg=
35,-26,Hzi6UqrA+m6seVl1RBcoRK2RRDQ=,WXe4u244LWV55mfSunCYvb49Weg=
35,-25,Hzi6UqrA+m6seVl1RBcoRK2RRDQ=,WXe4u244LWV55mfSunCYvb49Weg=
36,-26,Hzi6UqrA+m6seVl1RBcoRK2RRDQ=,qjGAPQdJp6+RZSK8H5SBkOUyIq4=
36,-25,Hzi6UqrA+m6seVl1RBcoRK2RRDQ=,qjGAPQdJp6+RZSK8H5SBkOUyIq4=
34,-24,Hzi6UqrA+m6seVl1RBcoRK2RRDQ=,WXe4u244LWV55mfSunCYvb49Weg=
36,-24,Hzi6UqrA+m6seVl1RBcoRK2RRDQ=,qjGAPQdJp6+RZSK8H5SBkOUyIq4=
35,-24,Hzi6UqrA+m6seVl1RBcoRK2RRDQ=,WXe4u244LWV55mfSunCYvb49Weg=
37,-31,Hzi6UqrA+m6seVl1RBcoRK2RRDQ=,qjGAPQdJp6+RZSK8H5SBkOUyIq4=
38,-31,Hzi6UqrA+m6seVl1RBcoRK2RRDQ=,Fen7+5Z7IdBY45LcbRdTXbZLTgw=
38,-32,Hzi6UqrA+m6seVl1RBcoRK2RRDQ=,Fen7+5Z7IdBY45LcbRdTXbZLTgw=
37,-30,Hzi6UqrA+m6seVl1RBcoRK2RRDQ=,qjGAPQdJp6+RZSK8H5SBkOUyIq4=
38,-30,Hzi6UqrA+m6seVl1RBcoRK2RRDQ=,qjGAPQdJp6+RZSK8H5SBkOUyIq4=
37,-32,Hzi6UqrA+m6seVl1RBcoRK2RRDQ=,qjGAPQdJp6+RZSK8H5SBkOUyIq4=
36,-32,Hzi6UqrA+m6seVl1RBcoRK2RRDQ=,qjGAPQdJp6+RZSK8H5SBkOUyIq4=
36,-27,Hzi6UqrA+m6seVl1RBcoRK2RRDQ=,qjGAPQdJp6+RZSK8H5SBkOUyIq4=
35,-32,Hzi6UqrA+m6seVl1RBcoRK2RRDQ=,WXe4u244LWV55mfSunCYvb49Weg=
33,-27,Hzi6UqrA+m6seVl1RBcoRK2RRDQ=,CswZ/r3czXyqEK/CvFWjZWMEW10=
34,-32,Hzi6UqrA+m6seVl1RBcoRK2RRDQ=,WXe4u244LWV55mfSunCYvb49Weg=
33,-32,Hzi6UqrA+m6seVl1RBcoRK2RRDQ=,CswZ/r3czXyqEK/CvFWjZWMEW10=
32,-25,JQ9oCI/vCS2azlt7UQ1cloCncg8=,CswZ/r3czXyqEK/CvFWjZWMEW10=
32,-24,JQ9oCI/vCS2azlt7UQ1cloCncg8=,CswZ/r3czXyqEK/CvFWjZWMEW10=
32,-23,JQ9oCI/vCS2azlt7UQ1cloCncg8=,CswZ/r3czXyqEK/CvFWjZWMEW10=
32,-22,JQ9oCI/vCS2azlt7UQ1cloCncg8=,CswZ/r3czXyqEK/CvFWjZWMEW10=
32,-18,JQ9oCI/vCS2azlt7UQ1cloCncg8=,CswZ/r3czXyqEK/CvFWjZWMEW10=
32,-21,JQ9oCI/vCS2azlt7UQ1cloCncg8=,CswZ/r3czXyqEK/CvFWjZWMEW10=
32,-20,JQ9oCI/vCS2azlt7UQ1cloCncg8=,CswZ/r3czXyqEK/CvFWjZWMEW10=
32,-17,JQ9oCI/vCS2azlt7UQ1cloCncg8=,CswZ/r3czXyqEK/CvFWjZWMEW10=
32,-19,JQ9oCI/vCS2azlt7UQ1cloCncg8=,CswZ/r3czXyqEK/CvFWjZWMEW10=
34,-17,JQ9oCI/vCS2azlt7UQ1cloCncg8=,WXe4u244LWV55mfSunCYvb49Weg=
35,-17,JQ9oCI/vCS2azlt7UQ1cloCncg8=,WXe4u244LWV55mfSunCYvb49Weg=
33,-17,JQ9oCI/vCS2azlt7UQ1cloCncg8=,CswZ/r3czXyqEK/CvFWjZWMEW10=
36,-17,JQ9oCI/vCS2azlt7UQ1cloCncg8=,qjGAPQdJp6+RZSK8H5SBkOUyIq4=
40,-18,7rfBF6w1Y/p06ulHjEB6mkb9epk=,ADDMQrVExy7j7tUITyBeeOWBeyI=
40,-19,7rfBF6w1Y/p06ulHjEB6mkb9epk=,z/Y8LaopTKnN2xcX1XBd9grkhmE=
40,-17,7rfBF6w1Y/p06ulHjEB6mkb9epk=,ADDMQrVExy7j7tUITyBeeOWBeyI=
39,-18,7rfBF6w1Y/p06ulHjEB6mkb9epk=,qjGAPQdJp6+RZSK8H5SBkOUyIq4=
39,-19,7rfBF6w1Y/p06ulHjEB6mkb9epk=,qjGAPQdJp6+RZSK8H5SBkOUyIq4=
40,-29,7rfBF6w1Y/p06ulHjEB6mkb9epk=,V1d3xgJ43gq6H69o0ftWQZRBGHg=
40,-26,7rfBF6w1Y/p06ulHjEB6mkb9epk=,OaLFD8M1Mt6LWu7Py+hI9gjBTiQ=
39,-28,7rfBF6w1Y/p06ulHjEB6mkb9epk=,qjGAPQdJp6+RZSK8H5SBkOUyIq4=
39,-27,7rfBF6w1Y/p06ulHjEB6mkb9epk=,qjGAPQdJp6+RZSK8H5SBkOUyIq4=
40,-28,7rfBF6w1Y/p06ulHjEB6mkb9epk=,mJY6bv7F9zjaoChB5/nvInI5uc0=
40,-27,7rfBF6w1Y/p06ulHjEB6mkb9epk=,mJY6bv7F9zjaoChB5/nvInI5uc0=
39,-29,7rfBF6w1Y/p06ulHjEB6mkb9epk=,qjGAPQdJp6+RZSK8H5SBkOUyIq4=
39,-17,7rfBF6w1Y/p06ulHjEB6mkb9epk=,qjGAPQdJp6+RZSK8H5SBkOUyIq4=
37,-19,7rfBF6w1Y/p06ulHjEB6mkb9epk=,qjGAPQdJp6+RZSK8H5SBkOUyIq4=
39,-26,7rfBF6w1Y/p06ulHjEB6mkb9epk=,qjGAPQdJp6+RZSK8H5SBkOUyIq4=
38,-19,7rfBF6w1Y/p06ulHjEB6mkb9epk=,qjGAPQdJp6+RZSK8H5SBkOUyIq4=
37,-18,7rfBF6w1Y/p06ulHjEB6mkb9epk=,qjGAPQdJp6+RZSK8H5SBkOUyIq4=
32,-30,7rfBF6w1Y/p06ulHjEB6mkb9epk=,CswZ/r3czXyqEK/CvFWjZWMEW10=
38,-18,7rfBF6w1Y/p06ulHjEB6mkb9epk=,qjGAPQdJp6+RZSK8H5SBkOUyIq4=
32,-31,7rfBF6w1Y/p06ulHjEB6mkb9epk=,CswZ/r3czXyqEK/CvFWjZWMEW10=
32,-26,7rfBF6w1Y/p06ulHjEB6mkb9epk=,CswZ/r3czXyqEK/CvFWjZWMEW10=
37,-17,7rfBF6w1Y/p06ulHjEB6mkb9epk=,qjGAPQdJp6+RZSK8H5SBkOUyIq4=
38,-17,7rfBF6w1Y/p06ulHjEB6mkb9epk=,qjGAPQdJp6+RZSK8H5SBkOUyIq4=
32,-32,7rfBF6w1Y/p06ulHjEB6mkb9epk=,CswZ/r3czXyqEK/CvFWjZWMEW10=
32,-29,7rfBF6w1Y/p06ulHjEB6mkb9epk=,CswZ/r3czXyqEK/CvFWjZWMEW10=
32,-27,7rfBF6w1Y/p06ulHjEB6mkb9epk=,CswZ/r3czXyqEK/CvFWjZWMEW10=
32,-28,7rfBF6w1Y/p06ulHjEB6mkb9epk=,CswZ/r3czXyqEK/CvFWjZWMEW10=
34,-2,7RZVEh8arfb91qTwzD5tPgBK+d8=,WXe4u244LWV55mfSunCYvb49Weg=
33,-2,7RZVEh8arfb91qTwzD5tPgBK+d8=,CswZ/r3czXyqEK/CvFWjZWMEW10=
34,-3,7RZVEh8arfb91qTwzD5tPgBK+d8=,WXe4u244LWV55mfSunCYvb49Weg=
33,-3,7RZVEh8arfb91qTwzD5tPgBK+d8=,CswZ/r3czXyqEK/CvFWjZWMEW10=
33,-5,NkZ1bZx2OSMYdHNXy8LydXsGpYk=,CswZ/r3czXyqEK/CvFWjZWMEW10=
33,-4,NkZ1bZx2OSMYdHNXy8LydXsGpYk=,CswZ/r3czXyqEK/CvFWjZWMEW10=
34,-4,NkZ1bZx2OSMYdHNXy8LydXsGpYk=,WXe4u244LWV55mfSunCYvb49Weg=
34,-5,NkZ1bZx2OSMYdHNXy8LydXsGpYk=,WXe4u244LWV55mfSunCYvb49Weg=
35,-5,NkZ1bZx2OSMYdHNXy8LydXsGpYk=,WXe4u244LWV55mfSunCYvb49Weg=
36,-5,NkZ1bZx2OSMYdHNXy8LydXsGpYk=,qjGAPQdJp6+RZSK8H5SBkOUyIq4=
36,-4,NkZ1bZx2OSMYdHNXy8LydXsGpYk=,qjGAPQdJp6+RZSK8H5SBkOUyIq4=
35,-4,66l76fxVCKi3gkmwpPIEoosDJPk=,WXe4u244LWV55mfSunCYvb49Weg=
35,-6,66l76fxVCKi3gkmwpPIEoosDJPk=,WXe4u244LWV55mfSunCYvb49Weg=
36,-6,66l76fxVCKi3gkmwpPIEoosDJPk=,qjGAPQdJp6+RZSK8H5SBkOUyIq4=
34,-6,66l76fxVCKi3gkmwpPIEoosDJPk=,WXe4u244LWV55mfSunCYvb49Weg=
33,-6,66l76fxVCKi3gkmwpPIEoosDJPk=,CswZ/r3czXyqEK/CvFWjZWMEW10=
33,-7,66l76fxVCKi3gkmwpPIEoosDJPk=,CswZ/r3czXyqEK/CvFWjZWMEW10=
36,-7,66l76fxVCKi3gkmwpPIEoosDJPk=,qjGAPQdJp6+RZSK8H5SBkOUyIq4=
35,-7,66l76fxVCKi3gkmwpPIEoosDJPk=,WXe4u244LWV55mfSunCYvb49Weg=
34,-7,66l76fxVCKi3gkmwpPIEoosDJPk=,WXe4u244LWV55mfSunCYvb49Weg=
38,-6,tF/9zGx1UcU1rCXh9/B2X59N3AA=,qjGAPQdJp6+RZSK8H5SBkOUyIq4=
37,-7,tF/9zGx1UcU1rCXh9/B2X59N3AA=,qjGAPQdJp6+RZSK8H5SBkOUyIq4=
37,-6,tF/9zGx1UcU1rCXh9/B2X59N3AA=,qjGAPQdJp6+RZSK8H5SBkOUyIq4=
38,-7,tF/9zGx1UcU1rCXh9/B2X59N3AA=,qjGAPQdJp6+RZSK8H5SBkOUyIq4=
38,-8,tF/9zGx1UcU1rCXh9/B2X59N3AA=,qjGAPQdJp6+RZSK8H5SBkOUyIq4=
37,-5,tF/9zGx1UcU1rCXh9/B2X59N3AA=,qjGAPQdJp6+RZSK8H5SBkOUyIq4=
38,-4,tF/9zGx1UcU1rCXh9/B2X59N3AA=,qjGAPQdJp6+RZSK8H5SBkOUyIq4=
38,-5,tF/9zGx1UcU1rCXh9/B2X59N3AA=,qjGAPQdJp6+RZSK8H5SBkOUyIq4=
37,-4,tF/9zGx1UcU1rCXh9/B2X59N3AA=,qjGAPQdJp6+RZSK8H5SBkOUyIq4=
37,-8,tF/9zGx1UcU1rCXh9/B2X59N3AA=,qjGAPQdJp6+RZSK8H5SBkOUyIq4=
38,-9,tF/9zGx1UcU1rCXh9/B2X59N3AA=,qjGAPQdJp6+RZSK8H5SBkOUyIq4=
37,-9,tF/9zGx1UcU1rCXh9/B2X59N3AA=,qjGAPQdJp6+RZSK8H5SBkOUyIq4=
38,-13,2XHXTCCQOWXNYLgbwQTPtV601fs=,qjGAPQdJp6+RZSK8H5SBkOUyIq4=
38,-12,2XHXTCCQOWXNYLgbwQTPtV601fs=,qjGAPQdJp6+RZSK8H5SBkOUyIq4=
37,-12,2XHXTCCQOWXNYLgbwQTPtV601fs=,qjGAPQdJp6+RZSK8H5SBkOUyIq4=
38,-11,2XHXTCCQOWXNYLgbwQTPtV601fs=,qjGAPQdJp6+RZSK8H5SBkOUyIq4=
37,-13,2XHXTCCQOWXNYLgbwQTPtV601fs=,qjGAPQdJp6+RZSK8H5SBkOUyIq4=
37,-11,2XHXTCCQOWXNYLgbwQTPtV601fs=,qjGAPQdJp6+RZSK8H5SBkOUyIq4=
37,-10,2XHXTCCQOWXNYLgbwQTPtV601fs=,qjGAPQdJp6+RZSK8H5SBkOUyIq4=
38,-10,2XHXTCCQOWXNYLgbwQTPtV601fs=,qjGAPQdJp6+RZSK8H5SBkOUyIq4=
35,-12,2XHXTCCQOWXNYLgbwQTPtV601fs=,WXe4u244LWV55mfSunCYvb49Weg=
36,-12,SQDBWNa06SmRTP2xxHZBcnhCQK4=,qjGAPQdJp6+RZSK8H5SBkOUyIq4=
36,-13,SQDBWNa06SmRTP2xxHZBcnhCQK4=,qjGAPQdJp6+RZSK8H5SBkOUyIq4=
35,-13,SQDBWNa06SmRTP2xxHZBcnhCQK4=,WXe4u244LWV55mfSunCYvb49Weg=
33,-13,SQDBWNa06SmRTP2xxHZBcnhCQK4=,CswZ/r3czXyqEK/CvFWjZWMEW10=
33,-12,SQDBWNa06SmRTP2xxHZBcnhCQK4=,CswZ/r3czXyqEK/CvFWjZWMEW10=
34,-13,SQDBWNa06SmRTP2xxHZBcnhCQK4=,WXe4u244LWV55mfSunCYvb49Weg=
34,-12,SQDBWNa06SmRTP2xxHZBcnhCQK4=,WXe4u244LWV55mfSunCYvb49Weg=
35,-9,4mdj3GncSI82ss/hDVeYIGCinAc=,WXe4u244LWV55mfSunCYvb49Weg=
36,-10,4mdj3GncSI82ss/hDVeYIGCinAc=,qjGAPQdJp6+RZSK8H5SBkOUyIq4=
36,-11,4mdj3GncSI82ss/hDVeYIGCinAc=,qjGAPQdJp6+RZSK8H5SBkOUyIq4=
35,-10,4mdj3GncSI82ss/hDVeYIGCinAc=,WXe4u244LWV55mfSunCYvb49Weg=
35,-11,4mdj3GncSI82ss/hDVeYIGCinAc=,WXe4u244LWV55mfSunCYvb49Weg=
36,-8,4mdj3GncSI82ss/hDVeYIGCinAc=,qjGAPQdJp6+RZSK8H5SBkOUyIq4=
33,-8,4mdj3GncSI82ss/hDVeYIGCinAc=,CswZ/r3czXyqEK/CvFWjZWMEW10=
33,-9,4mdj3GncSI82ss/hDVeYIGCinAc=,CswZ/r3czXyqEK/CvFWjZWMEW10=
35,-8,4mdj3GncSI82ss/hDVeYIGCinAc=,WXe4u244LWV55mfSunCYvb49Weg=
33,-10,4mdj3GncSI82ss/hDVeYIGCinAc=,CswZ/r3czXyqEK/CvFWjZWMEW10=
40,-13,4mdj3GncSI82ss/hDVeYIGCinAc=,QvaKrZc6GfZhbOS2RbabUIrxk2Y=
40,-12,4mdj3GncSI82ss/hDVeYIGCinAc=,AAZDrXZNpZoFQiE+ZuegI4exK3M=
40,-11,4mdj3GncSI82ss/hDVeYIGCinAc=,AAZDrXZNpZoFQiE+ZuegI4exK3M=
40,-10,4mdj3GncSI82ss/hDVeYIGCinAc=,leAD84aaTRiqlK30cdASZ5I+o8M=
36,-9,4mdj3GncSI82ss/hDVeYIGCinAc=,qjGAPQdJp6+RZSK8H5SBkOUyIq4=
34,-11,4mdj3GncSI82ss/hDVeYIGCinAc=,WXe4u244LWV55mfSunCYvb49Weg=
39,-13,4mdj3GncSI82ss/hDVeYIGCinAc=,qjGAPQdJp6+RZSK8H5SBkOUyIq4=
39,-11,4mdj3GncSI82ss/hDVeYIGCinAc=,qjGAPQdJp6+RZSK8H5SBkOUyIq4=
39,-12,4mdj3GncSI82ss/hDVeYIGCinAc=,qjGAPQdJp6+RZSK8H5SBkOUyIq4=
33,-11,4mdj3GncSI82ss/hDVeYIGCinAc=,CswZ/r3czXyqEK/CvFWjZWMEW10=
39,-10,4mdj3GncSI82ss/hDVeYIGCinAc=,qjGAPQdJp6+RZSK8H5SBkOUyIq4=
34,-9,4mdj3GncSI82ss/hDVeYIGCinAc=,WXe4u244LWV55mfSunCYvb49Weg=
34,-8,4mdj3GncSI82ss/hDVeYIGCinAc=,WXe4u244LWV55mfSunCYvb49Weg=
34,-10,4mdj3GncSI82ss/hDVeYIGCinAc=,WXe4u244LWV55mfSunCYvb49Weg=
33,-14,WA28H11fQmRKW6wIp+gFDzLmWcw=,CswZ/r3czXyqEK/CvFWjZWMEW10=
34,-14,WA28H11fQmRKW6wIp+gFDzLmWcw=,WXe4u244LWV55mfSunCYvb49Weg=
40,-14,WA28H11fQmRKW6wIp+gFDzLmWcw=,QvaKrZc6GfZhbOS2RbabUIrxk2Y=
40,-15,WA28H11fQmRKW6wIp+gFDzLmWcw=,SL0AmSIOwnF+Rt4KC23IipyQK7Q=
34,-15,WA28H11fQmRKW6wIp+gFDzLmWcw=,WXe4u244LWV55mfSunCYvb49Weg=
39,-14,WA28H11fQmRKW6wIp+gFDzLmWcw=,qjGAPQdJp6+RZSK8H5SBkOUyIq4=
40,-16,WA28H11fQmRKW6wIp+gFDzLmWcw=,SL0AmSIOwnF+Rt4KC23IipyQK7Q=
33,-15,WA28H11fQmRKW6wIp+gFDzLmWcw=,CswZ/r3czXyqEK/CvFWjZWMEW10=
39,-15,WA28H11fQmRKW6wIp+gFDzLmWcw=,qjGAPQdJp6+RZSK8H5SBkOUyIq4=
39,-16,WA28H11fQmRKW6wIp+gFDzLmWcw=,qjGAPQdJp6+RZSK8H5SBkOUyIq4=
38,-14,WA28H11fQmRKW6wIp+gFDzLmWcw=,qjGAPQdJp6+RZSK8H5SBkOUyIq4=
36,-15,WA28H11fQmRKW6wIp+gFDzLmWcw=,qjGAPQdJp6+RZSK8H5SBkOUyIq4=
35,-15,WA28H11fQmRKW6wIp+gFDzLmWcw=,WXe4u244LWV55mfSunCYvb49Weg=
37,-14,WA28H11fQmRKW6wIp+gFDzLmWcw=,qjGAPQdJp6+RZSK8H5SBkOUyIq4=
38,-15,WA28H11fQmRKW6wIp+gFDzLmWcw=,qjGAPQdJp6+RZSK8H5SBkOUyIq4=
37,-15,WA28H11fQmRKW6wIp+gFDzLmWcw=,qjGAPQdJp6+RZSK8H5SBkOUyIq4=
35,-14,WA28H11fQmRKW6wIp+gFDzLmWcw=,WXe4u244LWV55mfSunCYvb49Weg=
36,-16,WA28H11fQmRKW6wIp+gFDzLmWcw=,qjGAPQdJp6+RZSK8H5SBkOUyIq4=
36,-14,WA28H11fQmRKW6wIp+gFDzLmWcw=,qjGAPQdJp6+RZSK8H5SBkOUyIq4=
35,-16,WA28H11fQmRKW6wIp+gFDzLmWcw=,WXe4u244LWV55mfSunCYvb49Weg=
38,-16,WA28H11fQmRKW6wIp+gFDzLmWcw=,qjGAPQdJp6+RZSK8H5SBkOUyIq4=
37,-16,WA28H11fQmRKW6wIp+gFDzLmWcw=,qjGAPQdJp6+RZSK8H5SBkOUyIq4=
40,-1,WA28H11fQmRKW6wIp+gFDzLmWcw=,1LD3OrX+gQgtgXInsJnP8BW8ajo=
39,-1,WA28H11fQmRKW6wIp+gFDzLmWcw=,qjGAPQdJp6+RZSK8H5SBkOUyIq4=
33,-1,d+Rbt8+1U31rHyYEfHtydS0cQ7g=,CswZ/r3czXyqEK/CvFWjZWMEW10=
34,-1,d+Rbt8+1U31rHyYEfHtydS0cQ7g=,WXe4u244LWV55mfSunCYvb49Weg=
37,-3,d+Rbt8+1U31rHyYEfHtydS0cQ7g=,qjGAPQdJp6+RZSK8H5SBkOUyIq4=
37,-1,d+Rbt8+1U31rHyYEfHtydS0cQ7g=,Gqz/J9h62xJ5r6EmwUC+JjwNegg=
38,-2,d+Rbt8+1U31rHyYEfHtydS0cQ7g=,qjGAPQdJp6+RZSK8H5SBkOUyIq4=
37,-2,d+Rbt8+1U31rHyYEfHtydS0cQ7g=,Gqz/J9h62xJ5r6EmwUC+JjwNegg=
38,-1,d+Rbt8+1U31rHyYEfHtydS0cQ7g=,qjGAPQdJp6+RZSK8H5SBkOUyIq4=
38,-3,d+Rbt8+1U31rHyYEfHtydS0cQ7g=,qjGAPQdJp6+RZSK8H5SBkOUyIq4=
36,-2,d+Rbt8+1U31rHyYEfHtydS0cQ7g=,Gqz/J9h62xJ5r6EmwUC+JjwNegg=
36,-3,d+Rbt8+1U31rHyYEfHtydS0cQ7g=,qjGAPQdJp6+RZSK8H5SBkOUyIq4=
35,-1,d+Rbt8+1U31rHyYEfHtydS0cQ7g=,WXe4u244LWV55mfSunCYvb49Weg=
36,-1,d+Rbt8+1U31rHyYEfHtydS0cQ7g=,Gqz/J9h62xJ5r6EmwUC+JjwNegg=
32,-13,d+Rbt8+1U31rHyYEfHtydS0cQ7g=,CswZ/r3czXyqEK/CvFWjZWMEW10=
32,-14,d+Rbt8+1U31rHyYEfHtydS0cQ7g=,CswZ/r3czXyqEK/CvFWjZWMEW10=
32,-12,d+Rbt8+1U31rHyYEfHtydS0cQ7g=,CswZ/r3czXyqEK/CvFWjZWMEW10=
32,-15,d+Rbt8+1U31rHyYEfHtydS0cQ7g=,CswZ/r3czXyqEK/CvFWjZWMEW10=
35,-2,dXNC19Mm7ymJhmiuZ9CxQcRHiAY=,WXe4u244LWV55mfSunCYvb49Weg=
35,-3,dXNC19Mm7ymJhmiuZ9CxQcRHiAY=,WXe4u244LWV55mfSunCYvb49Weg=
32,-6,dXNC19Mm7ymJhmiuZ9CxQcRHiAY=,CswZ/r3czXyqEK/CvFWjZWMEW10=
32,-7,dXNC19Mm7ymJhmiuZ9CxQcRHiAY=,CswZ/r3czXyqEK/CvFWjZWMEW10=
32,-9,dXNC19Mm7ymJhmiuZ9CxQcRHiAY=,CswZ/r3czXyqEK/CvFWjZWMEW10=
32,-8,dXNC19Mm7ymJhmiuZ9CxQcRHiAY=,CswZ/r3czXyqEK/CvFWjZWMEW10=
32,-10,dXNC19Mm7ymJhmiuZ9CxQcRHiAY=,CswZ/r3czXyqEK/CvFWjZWMEW10=
32,-11,dXNC19Mm7ymJhmiuZ9CxQcRHiAY=,CswZ/r3czXyqEK/CvFWjZWMEW10=
40,-9,dXNC19Mm7ymJhmiuZ9CxQcRHiAY=,leAD84aaTRiqlK30cdASZ5I+o8M=
40,-8,dXNC19Mm7ymJhmiuZ9CxQcRHiAY=,adgJ7ROpNOEBvQSFGx4Q7jVB6V4=
40,-7,dXNC19Mm7ymJhmiuZ9CxQcRHiAY=,adgJ7ROpNOEBvQSFGx4Q7jVB6V4=
40,-6,dXNC19Mm7ymJhmiuZ9CxQcRHiAY=,w1CUBSrgG8A5kKejhGWFy2IsH2s=
40,-5,dXNC19Mm7ymJhmiuZ9CxQcRHiAY=,w1CUBSrgG8A5kKejhGWFy2IsH2s=
40,-4,dXNC19Mm7ymJhmiuZ9CxQcRHiAY=,x0IljXUkgRzHZvNEBct2gRRuUjQ=
40,-3,dXNC19Mm7ymJhmiuZ9CxQcRHiAY=,x0IljXUkgRzHZvNEBct2gRRuUjQ=
40,-2,dXNC19Mm7ymJhmiuZ9CxQcRHiAY=,1LD3OrX+gQgtgXInsJnP8BW8ajo=
39,-8,dXNC19Mm7ymJhmiuZ9CxQcRHiAY=,qjGAPQdJp6+RZSK8H5SBkOUyIq4=
39,-7,dXNC19Mm7ymJhmiuZ9CxQcRHiAY=,qjGAPQdJp6+RZSK8H5SBkOUyIq4=
39,-4,dXNC19Mm7ymJhmiuZ9CxQcRHiAY=,qjGAPQdJp6+RZSK8H5SBkOUyIq4=
39,-6,dXNC19Mm7ymJhmiuZ9CxQcRHiAY=,qjGAPQdJp6+RZSK8H5SBkOUyIq4=
39,-3,dXNC19Mm7ymJhmiuZ9CxQcRHiAY=,qjGAPQdJp6+RZSK8H5SBkOUyIq4=
39,-5,dXNC19Mm7ymJhmiuZ9CxQcRHiAY=,qjGAPQdJp6+RZSK8H5SBkOUyIq4=
39,-2,dXNC19Mm7ymJhmiuZ9CxQcRHiAY=,qjGAPQdJp6+RZSK8H5SBkOUyIq4=
39,-9,dXNC19Mm7ymJhmiuZ9CxQcRHiAY=,qjGAPQdJp6+RZSK8H5SBkOUyIq4=
32,-1,dXNC19Mm7ymJhmiuZ9CxQcRHiAY=,CswZ/r3czXyqEK/CvFWjZWMEW10=
32,-5,dXNC19Mm7ymJhmiuZ9CxQcRHiAY=,CswZ/r3czXyqEK/CvFWjZWMEW10=
32,-4,dXNC19Mm7ymJhmiuZ9CxQcRHiAY=,CswZ/r3czXyqEK/CvFWjZWMEW10=
34,-16,dXNC19Mm7ymJhmiuZ9CxQcRHiAY=,WXe4u244LWV55mfSunCYvb49Weg=
33,-16,dXNC19Mm7ymJhmiuZ9CxQcRHiAY=,CswZ/r3czXyqEK/CvFWjZWMEW10=
32,-16,dXNC19Mm7ymJhmiuZ9CxQcRHiAY=,CswZ/r3czXyqEK/CvFWjZWMEW10=
32,-2,dXNC19Mm7ymJhmiuZ9CxQcRHiAY=,CswZ/r3czXyqEK/CvFWjZWMEW10=
32,-3,dXNC19Mm7ymJhmiuZ9CxQcRHiAY=,CswZ/r3czXyqEK/CvFWjZWMEW10=
