20,-12,c8tRgl9OiO7I0iBV2K5UnOO/0kk=,QVnfCQrMeeS1Fqo9r7YOoPtscw4=
20,-11,c8tRgl9OiO7I0iBV2K5UnOO/0kk=,3eVDd9vH930YL0fwrc5dBmBEA7o=
20,-10,c8tRgl9OiO7I0iBV2K5UnOO/0kk=,Hc0p85HI9hn5z2ynE2R95MFFWJ8=
20,-9,c8tRgl9OiO7I0iBV2K5UnOO/0kk=,eZ0KRxgFueXCl1c9cY2/mFhRHdQ=
20,-16,c8tRgl9OiO7I0iBV2K5UnOO/0kk=,jzQ+X2VGrto81DXcYz6x5kBJyRc=
20,-15,c8tRgl9OiO7I0iBV2K5UnOO/0kk=,B2tbIgEg3DmIiXb8MCCUlgqQVTo=
20,-14,c8tRgl9OiO7I0iBV2K5UnOO/0kk=,eZ0KRxgFueXCl1c9cY2/mFhRHdQ=
20,-13,c8tRgl9OiO7I0iBV2K5UnOO/0kk=,kFVZHy1xerawWWGgVL/VqabijEM=
20,-4,c8tRgl9OiO7I0iBV2K5UnOO/0kk=,VxEsS1Zy1JmG0l7lQAz1MSTThuI=
20,-3,c8tRgl9OiO7I0iBV2K5UnOO/0kk=,VxEsS1Zy1JmG0l7lQAz1MSTThuI=
20,-2,c8tRgl9OiO7I0iBV2K5UnOO/0kk=,VxEsS1Zy1JmG0l7lQAz1MSTThuI=
20,-1,c8tRgl9OiO7I0iBV2K5UnOO/0kk=,rCF9R4l66IjivWbeq5Rcno0hxrg=
20,-8,c8tRgl9OiO7I0iBV2K5UnOO/0kk=,kIbQ0AeU1yEbYlcLHcoe3UGn3+A=
20,-7,c8tRgl9OiO7I0iBV2K5UnOO/0kk=,YDtYUTFDh+sQ8d3z/g7AHjppGOQ=
20,-6,c8tRgl9OiO7I0iBV2K5UnOO/0kk=,59349yFhFEVDmMV+DjotfbzRtFY=
20,-5,c8tRgl9OiO7I0iBV2K5UnOO/0kk=,1R687HVsXvQpXk31KNBpSHskQxA=
20,-20,c8tRgl9OiO7I0iBV2K5UnOO/0kk=,Bm732JdTsMmF6Uy8bmbMIgtZRSc=
20,-19,c8tRgl9OiO7I0iBV2K5UnOO/0kk=,c5IYJnYsIKK/0oVJmrZKRCJzj0g=
20,-18,c8tRgl9OiO7I0iBV2K5UnOO/0kk=,KOBMWeYSSt4MLnUMQQoo9rEqDPc=
20,-17,c8tRgl9OiO7I0iBV2K5UnOO/0kk=,QXiOtGB6nBYXS1g/ZJuzv/4KZz0=
20,-21,c8tRgl9OiO7I0iBV2K5UnOO/0kk=,jvK52+7oGLkoe4KvyE+gW6HfpEs=
19,-13,c8tRgl9OiO7I0iBV2K5UnOO/0kk=,skFfXJCH6HavCnm73z3Bu7uQCvA=
19,-14,c8tRgl9OiO7I0iBV2K5UnOO/0kk=,C/x0OJeAmynNb/WJvz5eyZBgTZg=
19,-15,c8tRgl9OiO7I0iBV2K5UnOO/0kk=,m8qiaf+MQZvq8WgTV+1jExXw3TE=
19,-16,c8tRgl9OiO7I0iBV2K5UnOO/0kk=,BSTKJs/xXHupqZOxuQfp7LXFYy8=
19,-9,c8tRgl9OiO7I0iBV2K5UnOO/0kk=,hqa/PJYQZNLl02eZ33if5BENrdY=
19,-10,c8tRgl9OiO7I0iBV2K5UnOO/0kk=,DGHypB5d1h2PiT80UGT4s/r8rZY=
19,-11,c8tRgl9OiO7I0iBV2K5UnOO/0kk=,QwAF8X8/kWSAalAhICYuRwaCohg=
19,-12,c8tRgl9OiO7I0iBV2K5UnOO/0kk=,MLsmsLW0Q+d8gRECbAZIY4fd2CU=
19,-5,c8tRgl9OiO7I0iBV2K5UnOO/0kk=,Tvaz/7LPzpkt5vUPQ5oPmEv045s=
19,-6,c8tRgl9OiO7I0iBV2K5UnOO/0kk=,EtGPCLNrVr+ouYt2rJGesmbD7jE=
19,-7,c8tRgl9OiO7I0iBV2K5UnOO/0kk=,poiSxJL2M6VeyiYPggG9ivDXVfE=
19,-8,c8tRgl9OiO7I0iBV2K5UnOO/0kk=,6S6UxwGozXzOqfIIxZnyw1bNBPE=
19,-1,c8tRgl9OiO7I0iBV2K5UnOO/0kk=,c5vQiPSR0lW0SM3NLTha7KDsVnE=
19,-2,c8tRgl9OiO7I0iBV2K5UnOO/0kk=,3uw4k8fduie1yPbp91fgY42BiAo=
19,-3,c8tRgl9OiO7I0iBV2K5UnOO/0kk=,/98kJKbef312xdBOlfXsNFDHMu0=
19,-4,c8tRgl9OiO7I0iBV2K5UnOO/0kk=,/98kJKbef312xdBOlfXsNFDHMu0=
19,-21,veHBOOu1fMuUc0ResRoz48QnK3s=,Bm732JdTsMmF6Uy8bmbMIgtZRSc=
19,-17,veHBOOu1fMuUc0ResRoz48QnK3s=,NBpJK1+dmTecOrQZHRip6S4k+T4=
19,-18,veHBOOu1fMuUc0ResRoz48QnK3s=,spQt4pof2d0zi7tCOCQ+aAvenks=
19,-19,veHBOOu1fMuUc0ResRoz48QnK3s=,z+WtbfZxDNcj4AheMB8YYMS37J4=
19,-20,veHBOOu1fMuUc0ResRoz48QnK3s=,Ml0iFU5vPthPkmlOcsnRSyHlpgo=
18,-14,veHBOOu1fMuUc0ResRoz48QnK3s=,nmmPSa2AM1lSU9WB/aNF6OmB0BQ=
18,-13,veHBOOu1fMuUc0ResRoz48QnK3s=,o5hiTuS9ruaNSVRgo153939JH+U=
18,-16,veHBOOu1fMuUc0ResRoz48QnK3s=,BSTKJs/xXHupqZOxuQfp7LXFYy8=
18,-15,veHBOOu1fMuUc0ResRoz48QnK3s=,LgcovcLAVZm2esdSkpwWMCdMC+g=
18,-10,veHBOOu1fMuUc0ResRoz48QnK3s=,+K2iklHqt+NdTx4dA+/Ggkui9W0=
18,-9,veHBOOu1fMuUc0ResRoz48QnK3s=,rS3rQiTrdkm3EEPRasQbp6ssZqs=
18,-12,veHBOOu1fMuUc0ResRoz48QnK3s=,tjj7A3aIPriL/Phe/8lDaQp0UJc=
18,-11,veHBOOu1fMuUc0ResRoz48QnK3s=,yMsS2pTbMul69LLIN3pAplVzcyM=
18,-6,veHBOOu1fMuUc0ResRoz48QnK3s=,wzFVgWjYFWJTrvFcTVl4cgMoZ5A=
18,-5,veHBOOu1fMuUc0ResRoz48QnK3s=,oXJmbB00SFE4QoDuQwWCWiZ6T2M=
18,-8,veHBOOu1fMuUc0ResRoz48QnK3s=,6S6UxwGozXzOqfIIxZnyw1bNBPE=
18,-7,veHBOOu1fMuUc0ResRoz48QnK3s=,A3GUBQlEVGEVTekdULZ6D4OK6UE=
18,-2,veHBOOu1fMuUc0ResRoz48QnK3s=,VwEJRjuh7EYingkme35/SWetPc0=
18,-1,veHBOOu1fMuUc0ResRoz48QnK3s=,8Fe8JleH3T8/vgr4rhJLiQiwAKY=
18,-4,veHBOOu1fMuUc0ResRoz48QnK3s=,rAiDHVYjN/ofrvRqP41g1H6gqKQ=
18,-3,veHBOOu1fMuUc0ResRoz48QnK3s=,RS+0Dgl48jKPca6cWbSEIWGCmlo=
18,-21,veHBOOu1fMuUc0ResRoz48QnK3s=,Bm732JdTsMmF6Uy8bmbMIgtZRSc=
18,-18,veHBOOu1fMuUc0ResRoz48QnK3s=,mbF0JYQkZXK8rO6WGVmAyXRloVY=
18,-17,veHBOOu1fMuUc0ResRoz48QnK3s=,spQt4pof2d0zi7tCOCQ+aAvenks=
18,-20,veHBOOu1fMuUc0ResRoz48QnK3s=,Ml0iFU5vPthPkmlOcsnRSyHlpgo=
18,-19,veHBOOu1fMuUc0ResRoz48QnK3s=,YH8X/sVZvCiB4CQid6SaOWXiYHQ=
17,-15,veHBOOu1fMuUc0ResRoz48QnK3s=,xjfvX0pNpBFwsZghmQKdE2oFFtM=
17,-16,veHBOOu1fMuUc0ResRoz48QnK3s=,3VjIZAKmH5Jf+rF5MF/OQteL5ic=
17,-13,veHBOOu1fMuUc0ResRoz48QnK3s=,BSTKJs/xXHupqZOxuQfp7LXFYy8=
17,-14,veHBOOu1fMuUc0ResRoz48QnK3s=,K7yBBjwEkOPlHMSLTcmRL4JFnrs=
17,-11,veHBOOu1fMuUc0ResRoz48QnK3s=,jKzIlLWng323YvBn33jGOFn49Ok=
17,-12,veHBOOu1fMuUc0ResRoz48QnK3s=,D/WlLrz2D6ggM85v6QOryaxoXYM=
17,-9,veHBOOu1fMuUc0ResRoz48QnK3s=,885n8C6YYC8YVAbCQ12Dca6wvVA=
17,-10,veHBOOu1fMuUc0ResRoz48QnK3s=,RZ7yMgchyvQUxkVNE0+ucr5/X4A=
17,-7,veHBOOu1fMuUc0ResRoz48QnK3s=,xzRzkosQBCmHXQa+c1bU1urmUDc=
17,-8,veHBOOu1fMuUc0ResRoz48QnK3s=,/p263/tJvMFWNxgYcErDLnYX8gQ=
17,-5,iHvOkCux5T+1F6rctESd/tkjwIo=,p0m/SpLtLGMOHXDnSQg1xSzHf9U=
17,-6,iHvOkCux5T+1F6rctESd/tkjwIo=,/UEC/pZu8ufg+H+SCMyD5LTcQIk=
17,-3,iHvOkCux5T+1F6rctESd/tkjwIo=,wZ/yReEBt9OQ6kNACBjyRfD3rWw=
17,-4,iHvOkCux5T+1F6rctESd/tkjwIo=,iCuKebmNDqQvcMJbS0KIwUQ1rlk=
17,-1,iHvOkCux5T+1F6rctESd/tkjwIo=,bM6UYsn/qbfgYcL4mzASqsUATek=
17,-2,iHvOkCux5T+1F6rctESd/tkjwIo=,rZJJ4/gVpP/+IPj14kc2aIos3g8=
17,-21,iHvOkCux5T+1F6rctESd/tkjwIo=,Bm732JdTsMmF6Uy8bmbMIgtZRSc=
17,-19,iHvOkCux5T+1F6rctESd/tkjwIo=,2OUPCvw4kqvUDwk7gfQoWhQCq5o=
17,-20,iHvOkCux5T+1F6rctESd/tkjwIo=,Ml0iFU5vPthPkmlOcsnRSyHlpgo=
17,-17,iHvOkCux5T+1F6rctESd/tkjwIo=,bjErYidqQMYOwJ/zsivSevP86v8=
17,-18,iHvOkCux5T+1F6rctESd/tkjwIo=,LtJ8UUxEEIAorlzRwDXSAEsY0jk=
16,-16,iHvOkCux5T+1F6rctESd/tkjwIo=,a2TtNYhg3H6A8lJ7FtmFTUSAMrc=
16,-15,iHvOkCux5T+1F6rctESd/tkjwIo=,D78DAhJJ/0epqifJcaf2zCejNF4=
16,-14,iHvOkCux5T+1F6rctESd/tkjwIo=,ZQhfjF9QFpDxaluDvLPCMZ7RVU4=
16,-13,iHvOkCux5T+1F6rctESd/tkjwIo=,1pQa1z6r0g+MD0+DAWvhibEUVIw=
16,-12,iHvOkCux5T+1F6rctESd/tkjwIo=,Uycph6n0bpUoO6UQeLCgmbsRfJI=
16,-11,iHvOkCux5T+1F6rctESd/tkjwIo=,JSyoZq1ZX96ZuO7cJhT4zUQuZ90=
16,-10,iHvOkCux5T+1F6rctESd/tkjwIo=,JI+xqmweyJQWvP+d1IFrIaZUa7Q=
16,-9,iHvOkCux5T+1F6rctESd/tkjwIo=,2EksnAFn07Vx/EDyzLjysSZ9zZw=
16,-8,iHvOkCux5T+1F6rctESd/tkjwIo=,o4Yx+7zFMCHUB7yZnqh99s9P3VA=
16,-7,iHvOkCux5T+1F6rctESd/tkjwIo=,/dYhhwSuvVw+0kl2vA7CZpmLRnM=
16,-6,iHvOkCux5T+1F6rctESd/tkjwIo=,tzE+8ACAAOWaDLhY4aEGHZBrLHI=
16,-5,iHvOkCux5T+1F6rctESd/tkjwIo=,ibLGPB8SH+XmkCzVZuHwA6MVbEI=
16,-4,iHvOkCux5T+1F6rctESd/tkjwIo=,DIbM5DgXyee/IeMazJGEoFnm8cA=
16,-3,iHvOkCux5T+1F6rctESd/tkjwIo=,kyJCMyCWT3+1rGOympVXNTgS3GU=
16,-2,iHvOkCux5T+1F6rctESd/tkjwIo=,RLSn39rnueSu+ZBWpveMvRvYZoA=
16,-1,iHvOkCux5T+1F6rctESd/tkjwIo=,mTQwOLryMEx2yJRY08YovmCQAv0=
16,-21,iHvOkCux5T+1F6rctESd/tkjwIo=,Bm732JdTsMmF6Uy8bmbMIgtZRSc=
16,-20,iHvOkCux5T+1F6rctESd/tkjwIo=,Ml0iFU5vPthPkmlOcsnRSyHlpgo=
16,-19,iHvOkCux5T+1F6rctESd/tkjwIo=,465RMEi0JWPGOlpmJRwzXzUh4CE=
16,-18,iHvOkCux5T+1F6rctESd/tkjwIo=,z0ib74SBfTAFGyQhcI5u4/mUKnc=
16,-17,iHvOkCux5T+1F6rctESd/tkjwIo=,TW96H35xrYROfFeYohursoIi/x0=
15,-17,iHvOkCux5T+1F6rctESd/tkjwIo=,4+I2weP/YXzzRAaapCjMV347Fww=
15,-18,iHvOkCux5T+1F6rctESd/tkjwIo=,AOosCRFSZs2MB+G+LoqaVGitrhs=
15,-19,iHvOkCux5T+1F6rctESd/tkjwIo=,EEnExtSilVrtbjfLq5hOU3MZbIM=
15,-20,iHvOkCux5T+1F6rctESd/tkjwIo=,9MvC9JkxOsoPoUr/JiljQfjRpJk=
15,-21,iHvOkCux5T+1F6rctESd/tkjwIo=,oS7Oc8PbvpWNqC0seEzugrw54+s=
15,-1,vcUZ1cEmCNtQm0RdS4dOtToNtG8=,/67rCHKwGB1Qe+oudc+liGQOojM=
15,-2,vcUZ1cEmCNtQm0RdS4dOtToNtG8=,cb5pQu6YYPGfe2nbPb0WU92FDng=
15,-3,vcUZ1cEmCNtQm0RdS4dOtToNtG8=,I7BA1cRiGbtTU6Vtp1yWaEH1CC4=
15,-4,vcUZ1cEmCNtQm0RdS4dOtToNtG8=,vWTYBubxvdBFImw5jH9HhLkKdHc=
15,-5,vcUZ1cEmCNtQm0RdS4dOtToNtG8=,jf6aXpGKJCiBB4Xwagu3K8RoWDs=
15,-6,vcUZ1cEmCNtQm0RdS4dOtToNtG8=,pzV5ptFTZcOgh5V/yw1iJCTKguY=
15,-7,vcUZ1cEmCNtQm0RdS4dOtToNtG8=,pwpLI9DtxeWLQ43B6oUfr6+WoM4=
15,-8,vcUZ1cEmCNtQm0RdS4dOtToNtG8=,gtROf2HWeqAR4dXCV9xB8Ewu92Q=
15,-9,vcUZ1cEmCNtQm0RdS4dOtToNtG8=,FyzMerwM2VcDz8uaPXq+RZBEUVw=
15,-10,vcUZ1cEmCNtQm0RdS4dOtToNtG8=,UecVywuLPc86NSkSmhIv6ZZDTk4=
15,-11,vcUZ1cEmCNtQm0RdS4dOtToNtG8=,h+KV3ritmDF2pUQbF+EjbAX2SO8=
15,-12,vcUZ1cEmCNtQm0RdS4dOtToNtG8=,xIqq4jVwtQCRtKD7UN40uGw5Tew=
15,-13,vcUZ1cEmCNtQm0RdS4dOtToNtG8=,aKldEj2sQHXvn8ONXrIfhzH1OeE=
15,-14,vcUZ1cEmCNtQm0RdS4dOtToNtG8=,W4r7Csiz9IkqyBqm26vrYD0Jy5Y=
15,-15,vcUZ1cEmCNtQm0RdS4dOtToNtG8=,Ubp2E9EonNfh8LLUkzU6odXWX08=
15,-16,vcUZ1cEmCNtQm0RdS4dOtToNtG8=,p2Bmk2ZuM/Hxcex1LRRXkgmEcL0=
14,-18,vcUZ1cEmCNtQm0RdS4dOtToNtG8=,5WAinrjTGTuy5treQnJggg28RKo=
14,-17,vcUZ1cEmCNtQm0RdS4dOtToNtG8=,O847VXL3/wtiIF67wKboJXAB/WU=
14,-20,vcUZ1cEmCNtQm0RdS4dOtToNtG8=,8qnkO9kJeVgcxZ2sa4NgTZ8h6Nc=
14,-19,vcUZ1cEmCNtQm0RdS4dOtToNtG8=,z70r11qqMZA0bZL30xIqeHrmG0w=
14,-21,vcUZ1cEmCNtQm0RdS4dOtToNtG8=,hFdxMOdeanMPyQEKuHGU9FGsTpM=
14,-2,vcUZ1cEmCNtQm0RdS4dOtToNtG8=,/O2xz5MNVRqvO3wn/51wJXtxmRk=
14,-1,vcUZ1cEmCNtQm0RdS4dOtToNtG8=,s0X+NjENh65POpU+SYjLiY28qJY=
14,-4,vcUZ1cEmCNtQm0RdS4dOtToNtG8=,nAHFD4TkWRb70twqKaOTCtubMQo=
14,-3,vcUZ1cEmCNtQm0RdS4dOtToNtG8=,jUbjSGemqUa14TIdDqfOsiDoBhE=
14,-6,vcUZ1cEmCNtQm0RdS4dOtToNtG8=,e8zpsaRZ2NDuW01aFkKuLzULhas=
14,-5,vcUZ1cEmCNtQm0RdS4dOtToNtG8=,nCkGP+WUxk9kYGrLotlbBvKCJxk=
14,-8,vcUZ1cEmCNtQm0RdS4dOtToNtG8=,fOuhxoayzYHbq+z1FBQ1LYZHS6g=
14,-7,vcUZ1cEmCNtQm0RdS4dOtToNtG8=,D5R+bWD9vgBY4BL1uqtCckqGZe8=
14,-10,vcUZ1cEmCNtQm0RdS4dOtToNtG8=,mKfn4/lSh0cRvzw427Xts6E+WRU=
14,-9,vcUZ1cEmCNtQm0RdS4dOtToNtG8=,seeQcuk+N1HVDHXZHCbmvy8kAZg=
14,-12,vcUZ1cEmCNtQm0RdS4dOtToNtG8=,DIY3hHamSVtu8M//Gt5xIcasIqA=
14,-11,vcUZ1cEmCNtQm0RdS4dOtToNtG8=,5arzwxLLPEfXGqFwyScV6P4eMfw=
14,-14,vcUZ1cEmCNtQm0RdS4dOtToNtG8=,xurYvuRcB2nim1xq6qNP5PDL4VY=
14,-13,+Alf6JQvQfDSqGpNI1RjnoVBIBU=,rZfHtekWWG03gASJnVc31E5v7AU=
14,-16,+Alf6JQvQfDSqGpNI1RjnoVBIBU=,7Btq+Z/B/ndVteX80GYp74T/HfQ=
14,-15,+Alf6JQvQfDSqGpNI1RjnoVBIBU=,lH8I37z2APeiJWAY8wZeLF/MCDY=
13,-19,+Alf6JQvQfDSqGpNI1RjnoVBIBU=,eNQ9S04VvB6C1DNU9LylmQesyBo=
13,-20,+Alf6JQvQfDSqGpNI1RjnoVBIBU=,5XpuG9gsvEGlt91lRRQYmb+iwgs=
13,-17,+Alf6JQvQfDSqGpNI1RjnoVBIBU=,1iqTk2B71LI670OFNtTWTXTCgWM=
13,-18,+Alf6JQvQfDSqGpNI1RjnoVBIBU=,jhgq32FsDQ8TtTht1lRhFQJR/YM=
13,-21,+Alf6JQvQfDSqGpNI1RjnoVBIBU=,CFgdn/LY7XvwqxMVlba7bxSr/u8=
13,-3,+Alf6JQvQfDSqGpNI1RjnoVBIBU=,HyTax/9Dv3Gi+ppJcfLie494c38=
13,-4,+Alf6JQvQfDSqGpNI1RjnoVBIBU=,MmOQ+l3VwvCV3/NiHEs/VJ8gMfE=
13,-1,+Alf6JQvQfDSqGpNI1RjnoVBIBU=,s0X+NjENh65POpU+SYjLiY28qJY=
13,-2,+Alf6JQvQfDSqGpNI1RjnoVBIBU=,xmNjhfUZ6iVgJed0dFmRrfWtKJI=
13,-7,+Alf6JQvQfDSqGpNI1RjnoVBIBU=,BFndBkXevD/k4j0vrKApVu7iclA=
13,-8,+Alf6JQvQfDSqGpNI1RjnoVBIBU=,aaTt3bIwZ7uW/EStr6TP90ADUaY=
13,-5,+Alf6JQvQfDSqGpNI1RjnoVBIBU=,bZQyJGQaEYU2JVkVjyJC9YlrSsk=
13,-6,+Alf6JQvQfDSqGpNI1RjnoVBIBU=,9vnSYEI/PlJ/seBcnOndbFkYeCI=
13,-11,+Alf6JQvQfDSqGpNI1RjnoVBIBU=,iuMTlGNdLFAJ3bBnl4ispnygQmE=
13,-12,+Alf6JQvQfDSqGpNI1RjnoVBIBU=,vFySEGMgtE3DkSUCtwbuVKgv63E=
13,-9,+Alf6JQvQfDSqGpNI1RjnoVBIBU=,wLV9DuiB1ApKOgSmqOydV9SjtQg=
13,-10,+Alf6JQvQfDSqGpNI1RjnoVBIBU=,bQM7VadwGjrsWLDRIFfFouujrqA=
13,-15,+Alf6JQvQfDSqGpNI1RjnoVBIBU=,GkC9zt40u7h4j55gLoL/H8MUJxc=
13,-16,+Alf6JQvQfDSqGpNI1RjnoVBIBU=,SLIqTpGHUQWHM7kGWshWanA3r5g=
13,-13,+Alf6JQvQfDSqGpNI1RjnoVBIBU=,vFySEGMgtE3DkSUCtwbuVKgv63E=
13,-14,+Alf6JQvQfDSqGpNI1RjnoVBIBU=,Ya6wkwbeGzU9XmHnPJELnuc0xz4=
12,-20,+Alf6JQvQfDSqGpNI1RjnoVBIBU=,x4YrD7iGE8YtELGiood+kZce3jY=
12,-19,+Alf6JQvQfDSqGpNI1RjnoVBIBU=,ShkCJt4+zjCkbRiZQqt37JKLPLo=
12,-18,+Alf6JQvQfDSqGpNI1RjnoVBIBU=,b47kIf+FBlTZ+EEc6iTOKgfWDvg=
12,-17,+Alf6JQvQfDSqGpNI1RjnoVBIBU=,fhODm8d3gkaWLuV+nE/YdEL+nZU=
12,-21,+Alf6JQvQfDSqGpNI1RjnoVBIBU=,ZDPDKrh9bkAO/ynzptBcwmMIY9Y=
12,-4,+Alf6JQvQfDSqGpNI1RjnoVBIBU=,1Y9kNz6QlnFB57Y6TeUNND+txd0=
12,-3,+Alf6JQvQfDSqGpNI1RjnoVBIBU=,gzZkMMee21zKQj1FzWx6k6wKG20=
12,-2,+Alf6JQvQfDSqGpNI1RjnoVBIBU=,GQ0w9NaVDEMPHkgQgCrULeOJlqA=
12,-1,+Alf6JQvQfDSqGpNI1RjnoVBIBU=,8eomvxuUACtY6ehW16eG55Ygnls=
12,-8,+Alf6JQvQfDSqGpNI1RjnoVBIBU=,t2NE3IMr6DXngtHzmWCIxH8Er80=
12,-7,+Alf6JQvQfDSqGpNI1RjnoVBIBU=,ris1CYEQRTWGrSePCPx2yZSWNOc=
12,-6,sVcg2VJTfXPR/ai6Kt5bygYeqfI=,HaQu+/su6q81SXy2hGvL/eZXL8s=
12,-5,sVcg2VJTfXPR/ai6Kt5bygYeqfI=,hgdnWdtCWgkSCaQDmWjY+iV9bUo=
12,-12,sVcg2VJTfXPR/ai6Kt5bygYeqfI=,TNx1eGQL/fJZOXP7dcYKPrINqDA=
12,-11,sVcg2VJTfXPR/ai6Kt5bygYeqfI=,pr90pBZp2bOr+6zVzv2BJxyoC2M=
12,-10,sVcg2VJTfXPR/ai6Kt5bygYeqfI=,tCmf19ek0/si1S9XTHSMFddXuI4=
12,-9,sVcg2VJTfXPR/ai6Kt5bygYeqfI=,va5WrFNs4JHiM+G6tMd4v/oeT1M=
12,-16,sVcg2VJTfXPR/ai6Kt5bygYeqfI=,yAi5nnF3ICAU2QcO5Ewja7wWkh0=
12,-15,sVcg2VJTfXPR/ai6Kt5bygYeqfI=,tiCOUh2DRfwgtal5cm6nadSjySg=
12,-14,sVcg2VJTfXPR/ai6Kt5bygYeqfI=,GbVuxibSOTnebS+tFuZh3z77UAk=
12,-13,sVcg2VJTfXPR/ai6Kt5bygYeqfI=,pka8HfiL25MBHgbjkQZZ+c61TZM=
11,-21,sVcg2VJTfXPR/ai6Kt5bygYeqfI=,cExnLkLiF1ADM2tXMI+7n+5m/10=
11,-17,sVcg2VJTfXPR/ai6Kt5bygYeqfI=,m7u1BOPKCxbrecSjDRcCJRxPL40=
11,-18,sVcg2VJTfXPR/ai6Kt5bygYeqfI=,KnVgw/9gd46Bvwq5Go6RGhCmo5g=
11,-19,sVcg2VJTfXPR/ai6Kt5bygYeqfI=,j+B/KzAjaFvcYPJ/WURFMbbTQ14=
11,-20,sVcg2VJTfXPR/ai6Kt5bygYeqfI=,ziGne9GMw2Aud1tTVuRTb3/vSIo=
11,-5,sVcg2VJTfXPR/ai6Kt5bygYeqfI=,nSFVNP9JL6eNX73aiDC0XJJdKBU=
11,-6,sVcg2VJTfXPR/ai6Kt5bygYeqfI=,E4HF5FsxONtt32hNSbrAHaGLrzA=
11,-7,sVcg2VJTfXPR/ai6Kt5bygYeqfI=,StsZr1dZ+ex/2SpPtqiXgijr/JE=
11,-8,sVcg2VJTfXPR/ai6Kt5bygYeqfI=,HzsgXmUnKBhyiANhWQ30kbxOVYk=
11,-1,sVcg2VJTfXPR/ai6Kt5bygYeqfI=,oTAnOWqINbAhcNikokzsuRutUBo=
11,-2,sVcg2VJTfXPR/ai6Kt5bygYeqfI=,pY+mRWe6CUPV6d4Eeftd33nPsQE=
11,-3,sVcg2VJTfXPR/ai6Kt5bygYeqfI=,N1Akvd6GpB/ddavA3roPEwWpi08=
11,-4,sVcg2VJTfXPR/ai6Kt5bygYeqfI=,nSFVNP9JL6eNX73aiDC0XJJdKBU=
11,-13,sVcg2VJTfXPR/ai6Kt5bygYeqfI=,eFO5UP/y/Tm9roE6JVu1swW2Ekk=
11,-14,sVcg2VJTfXPR/ai6Kt5bygYeqfI=,QmUo/+uDyU8KYxslcNjGgPv+hrA=
11,-15,sVcg2VJTfXPR/ai6Kt5bygYeqfI=,2CB8kFm/IERxcTAi/Lws8XetBS0=
11,-16,sVcg2VJTfXPR/ai6Kt5bygYeqfI=,BgoT1TCZifEY1jRU29Xte0YQ+XU=
11,-9,sVcg2VJTfXPR/ai6Kt5bygYeqfI=,7Jpqr5mV3St7GhOxOz7jYZ4leRc=
11,-10,CBcRvW62+buhh1GvTsb2BzEQ+vE=,fkSZvPO6H9PGQSftwBkBxuPxn9Y=
11,-11,CBcRvW62+buhh1GvTsb2BzEQ+vE=,UfxahFgEFebgde36HbXDvu58GLc=
11,-12,CBcRvW62+buhh1GvTsb2BzEQ+vE=,TivzHGXR1I+p9JSrqPi0tglhTV8=
10,-21,CBcRvW62+buhh1GvTsb2BzEQ+vE=,fNwfxpZ96xhKYagAJ1vBs6OOBC8=
10,-18,CBcRvW62+buhh1GvTsb2BzEQ+vE=,nuo2HwBRsA2yPtr5zBeCUBrhICQ=
10,-17,CBcRvW62+buhh1GvTsb2BzEQ+vE=,1FKw3qMWdmnHpDsIPHsEI4tpXcU=
10,-20,CBcRvW62+buhh1GvTsb2BzEQ+vE=,Q5rjSSRrV2wwr9lKBNPeHOK5kfs=
10,-19,CBcRvW62+buhh1GvTsb2BzEQ+vE=,PeaVX2l+edMpU8CCq6Vx0Fk3sY8=
10,-6,CBcRvW62+buhh1GvTsb2BzEQ+vE=,8Z+q6OJkW1ozDoySQP8ZN3U5uAc=
10,-5,CBcRvW62+buhh1GvTsb2BzEQ+vE=,PS1LnBu/x+FFhjmRy2Hy4n/9JdQ=
10,-8,CBcRvW62+buhh1GvTsb2BzEQ+vE=,kwGwtx1nrbd66NYpyYXMfQRHxIk=
10,-7,CBcRvW62+buhh1GvTsb2BzEQ+vE=,jJYwtT5UqPO6RIsJ1qB5Yef3JqM=
10,-2,CBcRvW62+buhh1GvTsb2BzEQ+vE=,JT16uo+CQmrNqTifh3MhGy7F37I=
10,-1,CBcRvW62+buhh1GvTsb2BzEQ+vE=,ZAv9RgLjbeRIvF8EfRAUIYsNqRs=
10,-4,CBcRvW62+buhh1GvTsb2BzEQ+vE=,vTBK9EG+hsVFqnKUc8+kUec+VfY=
10,-3,CBcRvW62+buhh1GvTsb2BzEQ+vE=,tDvpQMQySlJfh8y500HmVMTSg48=
10,-14,CBcRvW62+buhh1GvTsb2BzEQ+vE=,fBGJDCxZqfal4mziQhkyMVNvITc=
10,-13,CBcRvW62+buhh1GvTsb2BzEQ+vE=,ZS+0X1Bxz0svNhdT8aNBU1SntMw=
10,-16,CBcRvW62+buhh1GvTsb2BzEQ+vE=,47GAocfdZRUj0m5kTwbnhS79U04=
10,-15,CBcRvW62+buhh1GvTsb2BzEQ+vE=,krfAL78Z0OyJkrGhEme6y8RP8DM=
10,-10,CBcRvW62+buhh1GvTsb2BzEQ+vE=,qq45CJQpbBl8ltTOZWMP6BQ50Ic=
10,-9,CBcRvW62+buhh1GvTsb2BzEQ+vE=,xuqOsXaXxIEQYjkmoSoKH8oKNMc=
10,-12,CBcRvW62+buhh1GvTsb2BzEQ+vE=,zWa78yDheVeV+PFmdEvZRUy9aw4=
10,-11,CBcRvW62+buhh1GvTsb2BzEQ+vE=,ppjxBu6TysiOrcS8eNwY/uYXgx4=
9,-21,CBcRvW62+buhh1GvTsb2BzEQ+vE=,20sQKWCzBl0V8cFfD6DM1o0Ngtk=
9,-19,CBcRvW62+buhh1GvTsb2BzEQ+vE=,4XAasnO25mvRSCuh/t27E91uodo=
9,-20,CBcRvW62+buhh1GvTsb2BzEQ+vE=,4XAasnO25mvRSCuh/t27E91uodo=
9,-17,CBcRvW62+buhh1GvTsb2BzEQ+vE=,bdYgFCS9lufcrO7nf2qa8w4uEVM=
9,-18,CBcRvW62+buhh1GvTsb2BzEQ+vE=,+dQFTJ8ZYc+mJGKFPDcXwPTOQAI=
9,-7,CBcRvW62+buhh1GvTsb2BzEQ+vE=,LmOJA2ZbuilS1+2MIOYTfZSDoxQ=
9,-8,CBcRvW62+buhh1GvTsb2BzEQ+vE=,kwGwtx1nrbd66NYpyYXMfQRHxIk=
9,-5,CBcRvW62+buhh1GvTsb2BzEQ+vE=,/34oWqtM4qN5eZ7CveHS+AJ+pPo=
9,-6,CBcRvW62+buhh1GvTsb2BzEQ+vE=,I64yBWJLLXNSv4ClCuz97ae5GSo=
9,-3,CBcRvW62+buhh1GvTsb2BzEQ+vE=,66E+eH0KJitGie9J/3IGrWN4sT4=
9,-4,5kTYTYI/YctPHrcDwp+LPXpRPSs=,O1AfiTGP9xS9mzAI8znCljYrH5I=
9,-1,5kTYTYI/YctPHrcDwp+LPXpRPSs=,vRNfEv+ylvfLqDxta7RW3T46EHY=
9,-2,5kTYTYI/YctPHrcDwp+LPXpRPSs=,1XysFLEYU9c6mRBWXcWk05P+nBw=
9,-15,5kTYTYI/YctPHrcDwp+LPXpRPSs=,+Io2Yf2tjtq6r9u8hPCFToL3j+I=
9,-16,5kTYTYI/YctPHrcDwp+LPXpRPSs=,kL9Idp5dH5pAiOwf/iuIl60Li1E=
9,-13,5kTYTYI/YctPHrcDwp+LPXpRPSs=,tE8sBoznX3FSXqSXy7pRLqBfxOk=
9,-14,5kTYTYI/YctPHrcDwp+LPXpRPSs=,dd2adGXvJVuGLIsODnRq+SK/iaA=
9,-11,5kTYTYI/YctPHrcDwp+LPXpRPSs=,DMGO1J94Nk/TWNNlgg2NdfpAuuc=
9,-12,5kTYTYI/YctPHrcDwp+LPXpRPSs=,NOoYdXxCDVvdIkzimMmES6vmKuU=
9,-9,5kTYTYI/YctPHrcDwp+LPXpRPSs=,qAY9U9ivUrSph5JHWho8RsGvAlI=
9,-10,5kTYTYI/YctPHrcDwp+LPXpRPSs=,YLKJxpgpxukf+fCmiYG0opP3UE0=
8,-21,5kTYTYI/YctPHrcDwp+LPXpRPSs=,AFyCrglx3nfxz8j7rkzsrCnXTYw=
8,-20,5kTYTYI/YctPHrcDwp+LPXpRPSs=,A4m36q8ouLqzhQIFmadDByqA3iE=
8,-19,5kTYTYI/YctPHrcDwp+LPXpRPSs=,xOx6Ov0bWusrIOF3wsr/VXq+iCM=
8,-18,5kTYTYI/YctPHrcDwp+LPXpRPSs=,mhSxNf05QVrYXhQWZ5ZKJnAXkQk=
8,-17,5kTYTYI/YctPHrcDwp+LPXpRPSs=,xgkvRN84FkyaH/RFDkXeZiiEt74=
8,-8,5kTYTYI/YctPHrcDwp+LPXpRPSs=,ScsGSgvEHeyW8KyHsOER/FYQvbU=
8,-7,5kTYTYI/YctPHrcDwp+LPXpRPSs=,fx4fPgB7b5Tr839f+cw4AofEfcM=
8,-6,5kTYTYI/YctPHrcDwp+LPXpRPSs=,xNmsic9RTSlSlf1GGl6VNOJXouQ=
8,-5,5kTYTYI/YctPHrcDwp+LPXpRPSs=,O2Bj2NdD36qrrZYk/4Ysb6rIbpE=
8,-4,5kTYTYI/YctPHrcDwp+LPXpRPSs=,95Sm7xz9FqYKTPGd77MMZLaw8Ow=
8,-3,5kTYTYI/YctPHrcDwp+LPXpRPSs=,3V0B1O8usc4lT6WpubQDgs6IKlk=
8,-2,5kTYTYI/YctPHrcDwp+LPXpRPSs=,ahpnkSN5kOHhKvRSWUKDLzZVPY4=
8,-1,5kTYTYI/YctPHrcDwp+LPXpRPSs=,mruCTX/P2tu4bbhHoZzbm4PLUV4=
8,-16,5kTYTYI/YctPHrcDwp+LPXpRPSs=,2WCvoCYTwqg7q6IR6QZhhQ4Z0mg=
8,-15,5kTYTYI/YctPHrcDwp+LPXpRPSs=,uzWsA+Wxdn6l9ZmI3d0C7vmGPrQ=
8,-14,5kTYTYI/YctPHrcDwp+LPXpRPSs=,hhfX4Veq/OnFw/vtH5wNgol8lMs=
8,-13,5kTYTYI/YctPHrcDwp+LPXpRPSs=,0Pq7gQOL87DMA7omBd49i3LpdAo=
8,-12,5kTYTYI/YctPHrcDwp+LPXpRPSs=,hW/5tF5xC4l38XoPQ06K+2GpBno=
8,-11,5kTYTYI/YctPHrcDwp+LPXpRPSs=,xa67wr7iWaxWQDc1VJ5M1WhFtF8=
8,-10,qFkHJwMJjy3kr+EcXWAQWSi6xjo=,KR1piLqw/mhzzQ1Ua833EpAEfGE=
8,-9,qFkHJwMJjy3kr+EcXWAQWSi6xjo=,cFhOrWfJHypBAuigbBxfvI7BaiU=
7,-17,qFkHJwMJjy3kr+EcXWAQWSi6xjo=,AK6OUoYjcrGniQzxdXD6NPF1Gc4=
7,-18,qFkHJwMJjy3kr+EcXWAQWSi6xjo=,JnaSkIK7iAf2sij6DmaNZNOgcHc=
7,-19,qFkHJwMJjy3kr+EcXWAQWSi6xjo=,SxF+Dx0B8apfkZz9R1VcS+9im6c=
7,-20,qFkHJwMJjy3kr+EcXWAQWSi6xjo=,yfM5PlXUtUlYHi94Yj+DgqE4dRI=
7,-21,qFkHJwMJjy3kr+EcXWAQWSi6xjo=,RLkEy/9dHx02zC7V1lZXlStUj+A=
7,-9,qFkHJwMJjy3kr+EcXWAQWSi6xjo=,5g9h1WexrnVNX4TM1tFOlp/M4g0=
7,-10,qFkHJwMJjy3kr+EcXWAQWSi6xjo=,ILxy6TOnOP38LyTV/s8c+eUP+DM=
7,-11,qFkHJwMJjy3kr+EcXWAQWSi6xjo=,XvzEim+Z5LksfoPrClE+irFOwuA=
7,-12,qFkHJwMJjy3kr+EcXWAQWSi6xjo=,4AFvqe2QykNkG9nYqmy5Dr48flE=
7,-13,qFkHJwMJjy3kr+EcXWAQWSi6xjo=,fSqWIY1Qs+7BJJvESHbjrEUO7GQ=
7,-14,qFkHJwMJjy3kr+EcXWAQWSi6xjo=,Ogj9q9miEEv6/gQqD2Fzek32iws=
7,-15,qFkHJwMJjy3kr+EcXWAQWSi6xjo=,Ve5LOWEIkeTPnAUiMzJGEwDuojk=
7,-16,qFkHJwMJjy3kr+EcXWAQWSi6xjo=,/sOkJVB/+0S94F0jTFNnP/PsqLA=
7,-1,qFkHJwMJjy3kr+EcXWAQWSi6xjo=,0/96CIoU7Gw68ZKAc7/MryrniS4=
7,-2,qFkHJwMJjy3kr+EcXWAQWSi6xjo=,uM8ZNZtvswcfTEgiqxblrndnC8k=
7,-3,qFkHJwMJjy3kr+EcXWAQWSi6xjo=,hKU0wQAP2q1fhNEV1AbLR96MogY=
7,-4,qFkHJwMJjy3kr+EcXWAQWSi6xjo=,T/sSnx0xE+tfQ/njVdN3SU6YEkc=
7,-5,qFkHJwMJjy3kr+EcXWAQWSi6xjo=,7zEOL1nRUHW5VewtSKOWgLunWgg=
7,-6,qFkHJwMJjy3kr+EcXWAQWSi6xjo=,Do2nUUIOxJVYSqSevJQWGnl8+6I=
7,-7,qFkHJwMJjy3kr+EcXWAQWSi6xjo=,E6s/bPTJcFiEFR9aS8NCaQQg9R4=
7,-8,qFkHJwMJjy3kr+EcXWAQWSi6xjo=,0a8xjc2RYGtUhUNdlCILq7jPwgc=
6,-18,qFkHJwMJjy3kr+EcXWAQWSi6xjo=,aQK3agfRJuCboP14nM3+1uMQMmo=
6,-17,qFkHJwMJjy3kr+EcXWAQWSi6xjo=,7kKpRTTimahaoRzTbUClJCXCEIQ=
6,-20,qFkHJwMJjy3kr+EcXWAQWSi6xjo=,Qh8GoWJ2UOB192g1F8K2feqY18Q=
6,-19,qFkHJwMJjy3kr+EcXWAQWSi6xjo=,H1BKafIOCL+MdOK2WVGSqyriZe4=
6,-21,qFkHJwMJjy3kr+EcXWAQWSi6xjo=,E6QogD7UZMax9yRLx0GxwXh/oUk=
6,-10,qFkHJwMJjy3kr+EcXWAQWSi6xjo=,PPtDmCQ22M/TjeCpa85RH5qGmdI=
6,-9,qFkHJwMJjy3kr+EcXWAQWSi6xjo=,vhAZxZiPceH4dKJceaqgcXqdubU=
6,-12,qFkHJwMJjy3kr+EcXWAQWSi6xjo=,3+PA1Yl/vK/GTyDTIlfv/KO+z1o=
6,-11,qFkHJwMJjy3kr+EcXWAQWSi6xjo=,QJ3WYxyg+QJnlDAxa1M1ZKry35Q=
6,-14,qFkHJwMJjy3kr+EcXWAQWSi6xjo=,lQKRFa0cxLj39l4dQcjBlevxokw=
6,-13,qFkHJwMJjy3kr+EcXWAQWSi6xjo=,5RGBfEWclFUGN59RYm+FnpwAHxQ=
6,-16,qFkHJwMJjy3kr+EcXWAQWSi6xjo=,rK4T042qXl1DhGB3A4J/J2QV2Jw=
6,-15,qFkHJwMJjy3kr+EcXWAQWSi6xjo=,jj+igcKh+rzDTmFSE9w+6D7YNa0=
6,-2,XhsDtQnq1z4msihHTuoVsG4Sn1k=,rgCfaoWb+nZbCJC2mmMjKe9uyak=
6,-1,XhsDtQnq1z4msihHTuoVsG4Sn1k=,8HCaaDn4olgJqNc2KGjADySujAc=
6,-4,XhsDtQnq1z4msihHTuoVsG4Sn1k=,/YWGdPwszg8TR/NpTSdDOizabno=
6,-3,XhsDtQnq1z4msihHTuoVsG4Sn1k=,3mqDDrdXcf9ZZqtBcy3uWWaKrkc=
6,-6,XhsDtQnq1z4msihHTuoVsG4Sn1k=,Jb+OC1nQ9zi7x65Dj/afHXGv9SE=
6,-5,XhsDtQnq1z4msihHTuoVsG4Sn1k=,ed7gygmAa1VrzijHhgw9JL4aixU=
6,-8,XhsDtQnq1z4msihHTuoVsG4Sn1k=,mtVVXAkbdkrYDiZr6XSglcKtRrw=
6,-7,XhsDtQnq1z4msihHTuoVsG4Sn1k=,PeTy/YPX0BPFbSv9OJPAT5lngEg=
5,-19,XhsDtQnq1z4msihHTuoVsG4Sn1k=,Ub9PgbSM6/djFfOE+kI45y92uR0=
5,-20,XhsDtQnq1z4msihHTuoVsG4Sn1k=,rIykQTlvGxhRLiG+qZXzGZHZ7PQ=
5,-17,XhsDtQnq1z4msihHTuoVsG4Sn1k=,XJSF8SEoE+JapamNgiEK8/oN0vA=
5,-18,XhsDtQnq1z4msihHTuoVsG4Sn1k=,GjkePXiJl81ki11H36jX10lFhEo=
5,-21,XhsDtQnq1z4msihHTuoVsG4Sn1k=,Ylx/Xcqq12Gs8Ci9Rntk05jNDyM=
5,-11,XhsDtQnq1z4msihHTuoVsG4Sn1k=,82dhtvnknSYDs6xWexFjkjnL02w=
5,-12,XhsDtQnq1z4msihHTuoVsG4Sn1k=,e4Y2p64ssZqGqswinDqKPEt0sxo=
5,-9,XhsDtQnq1z4msihHTuoVsG4Sn1k=,Y7u/28uyQHKXQncBgMmKB/Roffg=
5,-10,XhsDtQnq1z4msihHTuoVsG4Sn1k=,t/XmnKtL7mwlMsIx+vEWr0z70iE=
5,-15,XhsDtQnq1z4msihHTuoVsG4Sn1k=,mWRPCpN779ZFfkL4zbk5F1H7RBE=
5,-16,XhsDtQnq1z4msihHTuoVsG4Sn1k=,Vl6ZCCzrmX1n0+iGiQf2dchsV88=
5,-13,XhsDtQnq1z4msihHTuoVsG4Sn1k=,k/Njtjsgez+ZZ90/YtbbhBO4x+w=
5,-14,XhsDtQnq1z4msihHTuoVsG4Sn1k=,uaYKfmGp7tNTxKqW459oywNfynY=
5,-3,XhsDtQnq1z4msihHTuoVsG4Sn1k=,5OiVsgXeVXv/UYdZZcK2FQA7yx0=
5,-4,XhsDtQnq1z4msihHTuoVsG4Sn1k=,9mUapqGQQSXojVYN7Iuwgiv2Zn8=
5,-1,XhsDtQnq1z4msihHTuoVsG4Sn1k=,aVo6y9dOWfZ4jezno2+aYJvOz9U=
5,-2,XhsDtQnq1z4msihHTuoVsG4Sn1k=,TbGvGZo6hXeV3ef0H5Dh0zYb0eA=
5,-7,XhsDtQnq1z4msihHTuoVsG4Sn1k=,0TM/a7Q0O6pXJ2afZM/kacixB7I=
5,-8,XhsDtQnq1z4msihHTuoVsG4Sn1k=,Ww9lwBCsBHxe0T7BnEinckjG3gs=
5,-5,XhsDtQnq1z4msihHTuoVsG4Sn1k=,/Cz08zEj5U9lUBpK2CTFFg7m92A=
5,-6,XhsDtQnq1z4msihHTuoVsG4Sn1k=,4uKcPM/q/slsyobWDycOPV+THYI=
4,-20,XhsDtQnq1z4msihHTuoVsG4Sn1k=,O86cyETrP9w5y25k+1BkRIXT5go=
4,-19,XhsDtQnq1z4msihHTuoVsG4Sn1k=,ZUwh8xlzPAeMbHuE+QIfwahdIc0=
4,-18,XhsDtQnq1z4msihHTuoVsG4Sn1k=,wBnoiPlZThXM2RNu1Ghve+u/Cog=
4,-17,XhsDtQnq1z4msihHTuoVsG4Sn1k=,rYKz1n75ETmc5XNMwzlUI2tM4JI=
4,-21,XhsDtQnq1z4msihHTuoVsG4Sn1k=,Ylx/Xcqq12Gs8Ci9Rntk05jNDyM=
4,-12,XhsDtQnq1z4msihHTuoVsG4Sn1k=,nDQHAer8/SloWh90MIrZjek4WSk=
4,-11,XhsDtQnq1z4msihHTuoVsG4Sn1k=,VrQu0IM4Cpl6NCpxXNh14thL6Pw=
4,-10,XhsDtQnq1z4msihHTuoVsG4Sn1k=,MaYoL2LmYOThBC2llGTbpWmwe/U=
4,-9,XhsDtQnq1z4msihHTuoVsG4Sn1k=,xjbHeMX85vlXvXqsGtiThoXRUiE=
4,-16,GzZpDMsTxg3ZJFnMDHMZ6gx6kTg=,ZkgpRJj9H2Z9ZoQIprJBUpwFGU8=
4,-15,GzZpDMsTxg3ZJFnMDHMZ6gx6kTg=,SYUtLbh4cUCrOluw1UvjLe0+Cb0=
4,-14,GzZpDMsTxg3ZJFnMDHMZ6gx6kTg=,PVc9clfjcKhVlMXfa1JRIZUgjgM=
4,-13,GzZpDMsTxg3ZJFnMDHMZ6gx6kTg=,nDQHAer8/SloWh90MIrZjek4WSk=
4,-4,GzZpDMsTxg3ZJFnMDHMZ6gx6kTg=,5crnI9faPUeqtaamTg0tCsUdrD8=
4,-3,GzZpDMsTxg3ZJFnMDHMZ6gx6kTg=,u5pWr/oQ0x8/Xbrh4UMP9hqc/EI=
4,-2,GzZpDMsTxg3ZJFnMDHMZ6gx6kTg=,ozP6v5OO3o7s1PGxXmsq/7nEZAQ=
4,-1,GzZpDMsTxg3ZJFnMDHMZ6gx6kTg=,EzAy10NowLig12sxhIxd8+5emB8=
4,-8,GzZpDMsTxg3ZJFnMDHMZ6gx6kTg=,0TM/a7Q0O6pXJ2afZM/kacixB7I=
4,-7,GzZpDMsTxg3ZJFnMDHMZ6gx6kTg=,wlCMqdIH0iM/PH83zi6WsKFKa20=
4,-6,GzZpDMsTxg3ZJFnMDHMZ6gx6kTg=,iLOxfjPTYEdej/kEkqU5wv1jC1I=
4,-5,GzZpDMsTxg3ZJFnMDHMZ6gx6kTg=,gRzZydPYGo9da2g7e1ljRQpoLIM=
3,-21,GzZpDMsTxg3ZJFnMDHMZ6gx6kTg=,Ylx/Xcqq12Gs8Ci9Rntk05jNDyM=
3,-17,GzZpDMsTxg3ZJFnMDHMZ6gx6kTg=,+ZVlaHAy6Y+dZS7jxcPoIcnhMaU=
3,-18,GzZpDMsTxg3ZJFnMDHMZ6gx6kTg=,6pHur3lYBk9Wqj2Qht2IZ+k6mIw=
3,-19,GzZpDMsTxg3ZJFnMDHMZ6gx6kTg=,JVWgtgEx3nM/ptZoz4PTMg3L/B8=
3,-20,GzZpDMsTxg3ZJFnMDHMZ6gx6kTg=,mCfz3NzfUVPoQgmJFD9uBvXqeS8=
3,-13,GzZpDMsTxg3ZJFnMDHMZ6gx6kTg=,lvNNW4T+UzBRxKnKUoEdybvbLRU=
3,-14,GzZpDMsTxg3ZJFnMDHMZ6gx6kTg=,TyrW+xl6VP05pOyL977r5DVD1CM=
3,-15,GzZpDMsTxg3ZJFnMDHMZ6gx6kTg=,WJGV7Kj/dPFQiNID7mIt/tauTc8=
3,-16,GzZpDMsTxg3ZJFnMDHMZ6gx6kTg=,cr9M89Ufn8cizX68wVl6ehuUNtY=
3,-9,GzZpDMsTxg3ZJFnMDHMZ6gx6kTg=,MkbGeGEY/Zvqs200XX8sSJ7Zk/Q=
3,-10,GzZpDMsTxg3ZJFnMDHMZ6gx6kTg=,Gz37Q25xW0hNxBjXCvWEWbTQ02c=
3,-11,GzZpDMsTxg3ZJFnMDHMZ6gx6kTg=,nunfOwemh95oVD4XWlf8yfa8Y5g=
3,-12,GzZpDMsTxg3ZJFnMDHMZ6gx6kTg=,TyrW+xl6VP05pOyL977r5DVD1CM=
3,-5,GzZpDMsTxg3ZJFnMDHMZ6gx6kTg=,uzbzrUh1OPCh9XhLqFSBsn4HLC0=
3,-6,GzZpDMsTxg3ZJFnMDHMZ6gx6kTg=,Ror6V68mGVIYh3nCmppU+FA3h2w=
3,-7,GzZpDMsTxg3ZJFnMDHMZ6gx6kTg=,6SbvzWva8dxCf1jO6sUcQP3TLgY=
3,-8,GzZpDMsTxg3ZJFnMDHMZ6gx6kTg=,PX8m8YPnYLygaoMrY8wTCxYUjFU=
3,-1,GzZpDMsTxg3ZJFnMDHMZ6gx6kTg=,GqHYHFiKMVf8a9C2mP5dUTDsfr8=
3,-2,GzZpDMsTxg3ZJFnMDHMZ6gx6kTg=,T4jPx88WmIQ9NWY9TZ57ADCJHp4=
3,-3,GzZpDMsTxg3ZJFnMDHMZ6gx6kTg=,Q5vZILD2hOruZgBGUf4/dEdiVDI=
3,-4,GzZpDMsTxg3ZJFnMDHMZ6gx6kTg=,YGPF9Kir0w26NOsG4ekLmU6KU3c=
2,-21,GzZpDMsTxg3ZJFnMDHMZ6gx6kTg=,Ylx/Xcqq12Gs8Ci9Rntk05jNDyM=
2,-18,GzZpDMsTxg3ZJFnMDHMZ6gx6kTg=,HwQkdjvsBnMKLaMoneLGfcZqnb8=
2,-17,GzZpDMsTxg3ZJFnMDHMZ6gx6kTg=,ohV0tBAV3Su+Zy0VCMs1H7g2N5M=
2,-20,4aeDCnO1Y4UUVgvJONDsDgDpuRE=,rw59K7ELCiLuFP3u05kvyFXbfjA=
2,-19,4aeDCnO1Y4UUVgvJONDsDgDpuRE=,d5kcCnTBflvZUEvzUWatgWv3heM=
2,-14,4aeDCnO1Y4UUVgvJONDsDgDpuRE=,zh5/MkixAJSDlSTxKkkBk191DcI=
2,-13,4aeDCnO1Y4UUVgvJONDsDgDpuRE=,VMD94vMMhA6YfrVCXqvWHBT/pmk=
2,-16,4aeDCnO1Y4UUVgvJONDsDgDpuRE=,oEiiE3TeJ1u/ICbIL1vz/2eRslc=
2,-15,4aeDCnO1Y4UUVgvJONDsDgDpuRE=,kKDKRN3cESGXNpKdWvkadYZWm8o=
2,-10,4aeDCnO1Y4UUVgvJONDsDgDpuRE=,MbV/IURvI7coEN84hR8+BxOWmIU=
2,-9,4aeDCnO1Y4UUVgvJONDsDgDpuRE=,KH73wbMx+LEwFI/vBSUIPP83Bhs=
2,-12,4aeDCnO1Y4UUVgvJONDsDgDpuRE=,lJhXHmKQcmUhuClynANJpqhT3yM=
2,-11,4aeDCnO1Y4UUVgvJONDsDgDpuRE=,CB5zNVFRpvIEusN3IUno6lPYGN0=
2,-6,4aeDCnO1Y4UUVgvJONDsDgDpuRE=,EZIF4v0+FHykfDqVU1+jqwuEvWg=
2,-5,4aeDCnO1Y4UUVgvJONDsDgDpuRE=,BM/s85Go0OjyvnzbG1OcsE3t4OY=
2,-8,4aeDCnO1Y4UUVgvJONDsDgDpuRE=,oH5ODgbqyf0oAfzcRkiFXeiJrps=
2,-7,4aeDCnO1Y4UUVgvJONDsDgDpuRE=,qHJT3nnQ5qkELsV5nSuRpvMrc/I=
2,-2,4aeDCnO1Y4UUVgvJONDsDgDpuRE=,yB80oVngYK5h6/8KR98SOBvvHzk=
2,-1,4aeDCnO1Y4UUVgvJONDsDgDpuRE=,FjD7d+c7f1wQHR6una4tsfA7psg=
2,-4,4aeDCnO1Y4UUVgvJONDsDgDpuRE=,HRSAse1t2jm1AArHAsdqXk0qDcc=
2,-3,4aeDCnO1Y4UUVgvJONDsDgDpuRE=,2bvhmxcsQseewekS+Hd3waP4pug=
1,-21,4aeDCnO1Y4UUVgvJONDsDgDpuRE=,Ylx/Xcqq12Gs8Ci9Rntk05jNDyM=
1,-19,4aeDCnO1Y4UUVgvJONDsDgDpuRE=,FDrM63K5GbfFwU8HZkMg0cQip8o=
1,-20,4aeDCnO1Y4UUVgvJONDsDgDpuRE=,0EXJoWSLY/IaeggEZO4GeZyvyqU=
1,-17,4aeDCnO1Y4UUVgvJONDsDgDpuRE=,W1k49r/rzPg6KD28+d5JeVuHu0k=
1,-18,4aeDCnO1Y4UUVgvJONDsDgDpuRE=,d+3o/YgS5EKsBJCOl0xW+PR+T2I=
1,-15,4aeDCnO1Y4UUVgvJONDsDgDpuRE=,Kbkev2OTl80IBnz/vaq7C9L9jTI=
1,-16,4aeDCnO1Y4UUVgvJONDsDgDpuRE=,pdJ4FO4k7XafulYkGTu/uWIQbGQ=
1,-13,4aeDCnO1Y4UUVgvJONDsDgDpuRE=,CXsCJjZaLUEIXW9icEjaeXA7DP8=
1,-14,4aeDCnO1Y4UUVgvJONDsDgDpuRE=,lrCyYe4liy2MoPIlgSqFXJXFeOg=
1,-11,4aeDCnO1Y4UUVgvJONDsDgDpuRE=,BF73F1kXijls5gUYyq2mhg0Lnjc=
1,-12,4aeDCnO1Y4UUVgvJONDsDgDpuRE=,bJ5Ihd/BA+8gNHiRyfqENY1h/Dk=
1,-9,4aeDCnO1Y4UUVgvJONDsDgDpuRE=,4K/xc15ZyZ5WlAlfOclK3huovOY=
1,-10,4aeDCnO1Y4UUVgvJONDsDgDpuRE=,G+NoZl5lW3FZVLVnHGHKSAJUUL8=
1,-7,4aeDCnO1Y4UUVgvJONDsDgDpuRE=,VNl+u/reYoWcUpeYBmU97duONPg=
1,-8,4aeDCnO1Y4UUVgvJONDsDgDpuRE=,dNsVf4kUCaSQNP/Y5abQSqaPdaI=
1,-5,4aeDCnO1Y4UUVgvJONDsDgDpuRE=,GkA3CWX6FmX40wiYTbFfW+Yx/mE=
1,-6,4aeDCnO1Y4UUVgvJONDsDgDpuRE=,mY/26s7LbXfd+35++F6xedeGTkM=
1,-3,4aeDCnO1Y4UUVgvJONDsDgDpuRE=,dwdayv/0eQOpPWpP2eiRw+JWN9M=
1,-4,4aeDCnO1Y4UUVgvJONDsDgDpuRE=,xCpaEbJugWf/u65sQROnOnJw2BQ=
1,-1,4aeDCnO1Y4UUVgvJONDsDgDpuRE=,PpCEnJVWrfBSTnrm1lxK/QJrPbg=
1,-2,OzEG84igd3ffZuYP4Jzu++Rw8+w=,mRJ+j5ufijigudmpEk5vuwYpLos=
0,-21,OzEG84igd3ffZuYP4Jzu++Rw8+w=,Ylx/Xcqq12Gs8Ci9Rntk05jNDyM=
0,-20,OzEG84igd3ffZuYP4Jzu++Rw8+w=,cqu+NZRQGB3ye1ehCBOtuAtb16c=
0,-19,OzEG84igd3ffZuYP4Jzu++Rw8+w=,Turd7t2DhLMaJ2ougMxjjJyrRPM=
0,-18,OzEG84igd3ffZuYP4Jzu++Rw8+w=,1GCleZKLBlQ/4r+Suj5Sa4vmd1E=
0,-17,OzEG84igd3ffZuYP4Jzu++Rw8+w=,l2cLT2KxNqzIhQaf0o9hNQPwbQ8=
0,-16,OzEG84igd3ffZuYP4Jzu++Rw8+w=,KuXcz7K21ifrjtHPYKwNbUwgFgo=
0,-15,OzEG84igd3ffZuYP4Jzu++Rw8+w=,EAWIaP8fYplwCTjO01vPsIJrcF4=
0,-14,OzEG84igd3ffZuYP4Jzu++Rw8+w=,KnDi3EFl9A+NlZseGepqk1mux5Q=
0,-13,OzEG84igd3ffZuYP4Jzu++Rw8+w=,CDs5be9BmN+GQMcrBfgsK5bYbPg=
0,-12,OzEG84igd3ffZuYP4Jzu++Rw8+w=,7TrwZJYq0o1JYd/Pz4DwNdZfj/c=
0,-11,OzEG84igd3ffZuYP4Jzu++Rw8+w=,9fz5915aC9HTw7utubpsQ4qxVuk=
0,-10,OzEG84igd3ffZuYP4Jzu++Rw8+w=,Bib8wmQqHL6t+pBAJ5j4LPpx7/U=
0,-9,OzEG84igd3ffZuYP4Jzu++Rw8+w=,KuqYzO1YzYalfqm3SVT2Jg6ZqLQ=
0,-8,OzEG84igd3ffZuYP4Jzu++Rw8+w=,bUyAVVS91ILtq8b1Lp5qskRqsu4=
0,-7,OzEG84igd3ffZuYP4Jzu++Rw8+w=,aXzCl0OdTfTkccTxHdCAK4dq7fE=
0,-6,OzEG84igd3ffZuYP4Jzu++Rw8+w=,+Xk6Nlf8JEKl6R8bWpyR0gryc64=
0,-5,OzEG84igd3ffZuYP4Jzu++Rw8+w=,BK4rIxCrCbmtLKnf16dd6kHwIU8=
0,-4,OzEG84igd3ffZuYP4Jzu++Rw8+w=,D/kmRhc1kwmMfg99MLUdQd4twNI=
0,-3,OzEG84igd3ffZuYP4Jzu++Rw8+w=,MUlcCf+gz4LDjbQapYQunWSEqnI=
0,-2,OzEG84igd3ffZuYP4Jzu++Rw8+w=,l+YSlDq1iJCE4EC9ddUlprYNhLg=
0,-1,OzEG84igd3ffZuYP4Jzu++Rw8+w=,MvK07Lwq24nq32S/SWvG+Ayeir8=
