1,2,stTA1BICR4ilFb/8VX3ucrHfE/g=,5XXao1Ht7iN/4gNib9FCaNLd8w0=
2,2,stTA1BICR4ilFb/8VX3ucrHfE/g=,WtNYLNu00TtdIQaIDg9vlnmeRoE=
1,1,JZ5IPcvb/mlJt6010syrxBYO/Hs=,m4ebeEx7UhPo3gTcVDelQ2Y16So=
2,1,JZ5IPcvb/mlJt6010syrxBYO/Hs=,fzCrGmqrSdomyFXDl7cC3gYjTBw=
1,3,JZ5IPcvb/mlJt6010syrxBYO/Hs=,5XXao1Ht7iN/4gNib9FCaNLd8w0=
2,3,JZ5IPcvb/mlJt6010syrxBYO/Hs=,WtNYLNu00TtdIQaIDg9vlnmeRoE=
1,4,JZ5IPcvb/mlJt6010syrxBYO/Hs=,pub5rVDZXUiFAnpPk+Ld2Wc+GT0=
2,4,JZ5IPcvb/mlJt6010syrxBYO/Hs=,2bJh3jOIedsmvO1Edeq7HK1ycgo=
1,6,mlK/dTFR2++xiVKo6UUMO9+wAJo=,sGgDkqSmB+W1Qzz2P0GHfAFew2c=
2,5,mlK/dTFR2++xiVKo6UUMO9+wAJo=,2bJh3jOIedsmvO1Edeq7HK1ycgo=
1,5,mlK/dTFR2++xiVKo6UUMO9+wAJo=,pub5rVDZXUiFAnpPk+Ld2Wc+GT0=
2,6,mlK/dTFR2++xiVKo6UUMO9+wAJo=,vfSDu0LCZ+/fGrvL5apVORm0aTY=
2,8,SNYMQaLA8ZViBV5XGwTkQMURD+M=,vfSDu0LCZ+/fGrvL5apVORm0aTY=
1,8,SNYMQaLA8ZViBV5XGwTkQMURD+M=,sGgDkqSmB+W1Qzz2P0GHfAFew2c=
2,7,SNYMQaLA8ZViBV5XGwTkQMURD+M=,vfSDu0LCZ+/fGrvL5apVORm0aTY=
1,7,SNYMQaLA8ZViBV5XGwTkQMURD+M=,sGgDkqSmB+W1Qzz2P0GHfAFew2c=
2,10,SNYMQaLA8ZViBV5XGwTkQMURD+M=,zXGi/B6pRQi61ujcQQnaBkQy70o=
2,9,SNYMQaLA8ZViBV5XGwTkQMURD+M=,vfSDu0LCZ+/fGrvL5apVORm0aTY=
1,10,SNYMQaLA8ZViBV5XGwTkQMURD+M=,6Hzrb/pr6+BSudwJF8UvoYcLsgQ=
1,9,SNYMQaLA8ZViBV5XGwTkQMURD+M=,sGgDkqSmB+W1Qzz2P0GHfAFew2c=
1,12,mwtWZf7oL8G3ULLDXD5B/qzOFic=,w6GOmsyPDSL3JAiDw9wq2SHhYv4=
2,12,mwtWZf7oL8G3ULLDXD5B/qzOFic=,9nkWqNhI80LKGyxwI385rbzANl0=
2,11,mwtWZf7oL8G3ULLDXD5B/qzOFic=,zXGi/B6pRQi61ujcQQnaBkQy70o=
1,11,mwtWZf7oL8G3ULLDXD5B/qzOFic=,6Hzrb/pr6+BSudwJF8UvoYcLsgQ=
1,13,mwtWZf7oL8G3ULLDXD5B/qzOFic=,w6GOmsyPDSL3JAiDw9wq2SHhYv4=
1,14,mwtWZf7oL8G3ULLDXD5B/qzOFic=,MifWYremgwTmlnaUFa0Bn+8MbQM=
2,14,mwtWZf7oL8G3ULLDXD5B/qzOFic=,Xfr6JzUNzJ0u6DM1JxMYa/V+cbU=
2,13,mwtWZf7oL8G3ULLDXD5B/qzOFic=,9nkWqNhI80LKGyxwI385rbzANl0=
3,13,zr65zDcu8zbdIKH/2NgtGL8+AKc=,9nkWqNhI80LKGyxwI385rbzANl0=
3,14,zr65zDcu8zbdIKH/2NgtGL8+AKc=,Xfr6JzUNzJ0u6DM1JxMYa/V+cbU=
3,11,zr65zDcu8zbdIKH/2NgtGL8+AKc=,zXGi/B6pRQi61ujcQQnaBkQy70o=
4,13,zr65zDcu8zbdIKH/2NgtGL8+AKc=,4uoNQD0f1Mzo5KLtBudkC1+CaAM=
3,12,zr65zDcu8zbdIKH/2NgtGL8+AKc=,9nkWqNhI80LKGyxwI385rbzANl0=
4,14,zr65zDcu8zbdIKH/2NgtGL8+AKc=,h2XmSelLPKnNzx1/umHr/WaG39A=
4,12,00pcACLT8UZSd6B5wwEtcnNp/qo=,4uoNQD0f1Mzo5KLtBudkC1+CaAM=
4,11,00pcACLT8UZSd6B5wwEtcnNp/qo=,zXGi/B6pRQi61ujcQQnaBkQy70o=
4,10,00pcACLT8UZSd6B5wwEtcnNp/qo=,zXGi/B6pRQi61ujcQQnaBkQy70o=
3,10,00pcACLT8UZSd6B5wwEtcnNp/qo=,zXGi/B6pRQi61ujcQQnaBkQy70o=
3,9,00pcACLT8UZSd6B5wwEtcnNp/qo=,vfSDu0LCZ+/fGrvL5apVORm0aTY=
4,9,00pcACLT8UZSd6B5wwEtcnNp/qo=,TaFOUTVh+vr0iQbKioyMJEv8K0o=
3,5,RMSC5ZHzXezYsQlTW9CpY3y06MQ=,2bJh3jOIedsmvO1Edeq7HK1ycgo=
3,7,RMSC5ZHzXezYsQlTW9CpY3y06MQ=,vfSDu0LCZ+/fGrvL5apVORm0aTY=
4,5,RMSC5ZHzXezYsQlTW9CpY3y06MQ=,fvn8fo8C5tl6dEdFoVEwSSrMmUo=
3,8,RMSC5ZHzXezYsQlTW9CpY3y06MQ=,vfSDu0LCZ+/fGrvL5apVORm0aTY=
4,6,RMSC5ZHzXezYsQlTW9CpY3y06MQ=,x98vvR3/5Y2IF9iXAxU2XCyfbMQ=
4,7,RMSC5ZHzXezYsQlTW9CpY3y06MQ=,x98vvR3/5Y2IF9iXAxU2XCyfbMQ=
4,8,RMSC5ZHzXezYsQlTW9CpY3y06MQ=,TaFOUTVh+vr0iQbKioyMJEv8K0o=
3,6,RMSC5ZHzXezYsQlTW9CpY3y06MQ=,vfSDu0LCZ+/fGrvL5apVORm0aTY=
3,3,RMSC5ZHzXezYsQlTW9CpY3y06MQ=,WtNYLNu00TtdIQaIDg9vlnmeRoE=
4,3,RMSC5ZHzXezYsQlTW9CpY3y06MQ=,BGOSrynwdCsKmFxZaZnxAm7dJvc=
3,4,RMSC5ZHzXezYsQlTW9CpY3y06MQ=,2bJh3jOIedsmvO1Edeq7HK1ycgo=
4,4,RMSC5ZHzXezYsQlTW9CpY3y06MQ=,fvn8fo8C5tl6dEdFoVEwSSrMmUo=
4,2,yPFbPQolOlf/AIgjXpu1hy1of0U=,BGOSrynwdCsKmFxZaZnxAm7dJvc=
3,2,yPFbPQolOlf/AIgjXpu1hy1of0U=,WtNYLNu00TtdIQaIDg9vlnmeRoE=
4,1,yPFbPQolOlf/AIgjXpu1hy1of0U=,BGOSrynwdCsKmFxZaZnxAm7dJvc=
3,1,yPFbPQolOlf/AIgjXpu1hy1of0U=,fzCrGmqrSdomyFXDl7cC3gYjTBw=
5,3,GSBYolIxsN6IyKj4Kn528uJ3koA=,BGOSrynwdCsKmFxZaZnxAm7dJvc=
6,3,GSBYolIxsN6IyKj4Kn528uJ3koA=,CHWZp1CdalmdOmEriMSrIiKg5Wg=
6,4,GSBYolIxsN6IyKj4Kn528uJ3koA=,AyDZIJjWsIY+8sCyXdqyEsA3aVg=
5,4,GSBYolIxsN6IyKj4Kn528uJ3koA=,fvn8fo8C5tl6dEdFoVEwSSrMmUo=
5,2,GSBYolIxsN6IyKj4Kn528uJ3koA=,BGOSrynwdCsKmFxZaZnxAm7dJvc=
6,2,GSBYolIxsN6IyKj4Kn528uJ3koA=,CHWZp1CdalmdOmEriMSrIiKg5Wg=
5,1,GSBYolIxsN6IyKj4Kn528uJ3koA=,BGOSrynwdCsKmFxZaZnxAm7dJvc=
6,1,GSBYolIxsN6IyKj4Kn528uJ3koA=,iOiacbJvZBhOLQ1zcT3+jsr7C2Y=
6,5,SHVHnliNLZh4FXTrnvWEEyCJy9k=,AyDZIJjWsIY+8sCyXdqyEsA3aVg=
6,6,SHVHnliNLZh4FXTrnvWEEyCJy9k=,oPYfUOjzGdN8x5QPuGUFwfr8tMY=
5,5,SHVHnliNLZh4FXTrnvWEEyCJy9k=,fvn8fo8C5tl6dEdFoVEwSSrMmUo=
5,6,SHVHnliNLZh4FXTrnvWEEyCJy9k=,x98vvR3/5Y2IF9iXAxU2XCyfbMQ=
6,7,eemAp8G6wDYBBbb2AtO/uyWvYwU=,oPYfUOjzGdN8x5QPuGUFwfr8tMY=
5,9,eemAp8G6wDYBBbb2AtO/uyWvYwU=,TaFOUTVh+vr0iQbKioyMJEv8K0o=
5,8,eemAp8G6wDYBBbb2AtO/uyWvYwU=,TaFOUTVh+vr0iQbKioyMJEv8K0o=
6,8,eemAp8G6wDYBBbb2AtO/uyWvYwU=,KutKdGIO1qS1duRj0AuSTffgUDQ=
5,10,eemAp8G6wDYBBbb2AtO/uyWvYwU=,zXGi/B6pRQi61ujcQQnaBkQy70o=
6,10,eemAp8G6wDYBBbb2AtO/uyWvYwU=,XMtWp+vMBCIsG0n5VslsIGiknA4=
5,7,eemAp8G6wDYBBbb2AtO/uyWvYwU=,x98vvR3/5Y2IF9iXAxU2XCyfbMQ=
6,9,eemAp8G6wDYBBbb2AtO/uyWvYwU=,KutKdGIO1qS1duRj0AuSTffgUDQ=
6,11,eemAp8G6wDYBBbb2AtO/uyWvYwU=,XMtWp+vMBCIsG0n5VslsIGiknA4=
6,12,lMaN8GyKndtmtlfV0BKxZ4Rceb8=,bA/dgn+7J4X56LxBjb1hCDlBQUY=
5,11,lMaN8GyKndtmtlfV0BKxZ4Rceb8=,zXGi/B6pRQi61ujcQQnaBkQy70o=
5,12,lMaN8GyKndtmtlfV0BKxZ4Rceb8=,4uoNQD0f1Mzo5KLtBudkC1+CaAM=
6,13,lMaN8GyKndtmtlfV0BKxZ4Rceb8=,bA/dgn+7J4X56LxBjb1hCDlBQUY=
6,14,lMaN8GyKndtmtlfV0BKxZ4Rceb8=,07vJKKfaNNclemkIONpO26zrRXI=
5,14,lMaN8GyKndtmtlfV0BKxZ4Rceb8=,h2XmSelLPKnNzx1/umHr/WaG39A=
5,13,lMaN8GyKndtmtlfV0BKxZ4Rceb8=,4uoNQD0f1Mzo5KLtBudkC1+CaAM=
7,10,dDnuvuGG08nz3rmA9YeX4eBgjuw=,XMtWp+vMBCIsG0n5VslsIGiknA4=
8,10,dDnuvuGG08nz3rmA9YeX4eBgjuw=,eKTyAK0yAwPEctOF6ddaL2OhOys=
7,12,dDnuvuGG08nz3rmA9YeX4eBgjuw=,bA/dgn+7J4X56LxBjb1hCDlBQUY=
7,9,dDnuvuGG08nz3rmA9YeX4eBgjuw=,KutKdGIO1qS1duRj0AuSTffgUDQ=
8,9,dDnuvuGG08nz3rmA9YeX4eBgjuw=,IlSUaudZS6u8xkYGIVC93nC8Z0g=
8,12,dDnuvuGG08nz3rmA9YeX4eBgjuw=,/xL5gwNrL1CfN9YVVOwOJmr1tXI=
8,11,dDnuvuGG08nz3rmA9YeX4eBgjuw=,eKTyAK0yAwPEctOF6ddaL2OhOys=
7,11,dDnuvuGG08nz3rmA9YeX4eBgjuw=,XMtWp+vMBCIsG0n5VslsIGiknA4=
7,13,dDnuvuGG08nz3rmA9YeX4eBgjuw=,bA/dgn+7J4X56LxBjb1hCDlBQUY=
7,14,dDnuvuGG08nz3rmA9YeX4eBgjuw=,07vJKKfaNNclemkIONpO26zrRXI=
8,14,dDnuvuGG08nz3rmA9YeX4eBgjuw=,vARXCiQoS26IK90hMRSwrDd0+Fk=
8,13,dDnuvuGG08nz3rmA9YeX4eBgjuw=,/xL5gwNrL1CfN9YVVOwOJmr1tXI=
8,6,ujA0bCtAbvakvTkaU5ygKJpqfs0=,e9gaEBnw7Y0cwEx6tqCq3vmAQ80=
8,5,ujA0bCtAbvakvTkaU5ygKJpqfs0=,LGkxyqlvSA5ELqFm2/YuVUk5A+c=
7,5,ujA0bCtAbvakvTkaU5ygKJpqfs0=,AyDZIJjWsIY+8sCyXdqyEsA3aVg=
7,7,ujA0bCtAbvakvTkaU5ygKJpqfs0=,oPYfUOjzGdN8x5QPuGUFwfr8tMY=
7,6,ujA0bCtAbvakvTkaU5ygKJpqfs0=,oPYfUOjzGdN8x5QPuGUFwfr8tMY=
8,8,ujA0bCtAbvakvTkaU5ygKJpqfs0=,IlSUaudZS6u8xkYGIVC93nC8Z0g=
7,8,ujA0bCtAbvakvTkaU5ygKJpqfs0=,KutKdGIO1qS1duRj0AuSTffgUDQ=
8,7,ujA0bCtAbvakvTkaU5ygKJpqfs0=,e9gaEBnw7Y0cwEx6tqCq3vmAQ80=
8,3,ujA0bCtAbvakvTkaU5ygKJpqfs0=,LGkxyqlvSA5ELqFm2/YuVUk5A+c=
8,4,ujA0bCtAbvakvTkaU5ygKJpqfs0=,LGkxyqlvSA5ELqFm2/YuVUk5A+c=
7,3,ujA0bCtAbvakvTkaU5ygKJpqfs0=,CHWZp1CdalmdOmEriMSrIiKg5Wg=
7,4,ujA0bCtAbvakvTkaU5ygKJpqfs0=,AyDZIJjWsIY+8sCyXdqyEsA3aVg=
7,2,I/VZ2xMo7GPBJQ3hs/XM044ZxcQ=,CHWZp1CdalmdOmEriMSrIiKg5Wg=
8,2,I/VZ2xMo7GPBJQ3hs/XM044ZxcQ=,LGkxyqlvSA5ELqFm2/YuVUk5A+c=
7,1,I/VZ2xMo7GPBJQ3hs/XM044ZxcQ=,iOiacbJvZBhOLQ1zcT3+jsr7C2Y=
8,1,I/VZ2xMo7GPBJQ3hs/XM044ZxcQ=,OotpgRSIIxCIB/Qzuh+KeZKUpjE=
10,5,FcdurG9gSLHCSPwRjIFUwzELz5U=,yxiA1c+vD5chAk/UZRlTrd9p/fY=
9,5,FcdurG9gSLHCSPwRjIFUwzELz5U=,LGkxyqlvSA5ELqFm2/YuVUk5A+c=
9,6,FcdurG9gSLHCSPwRjIFUwzELz5U=,e9gaEBnw7Y0cwEx6tqCq3vmAQ80=
10,6,FcdurG9gSLHCSPwRjIFUwzELz5U=,oSzdLsHF3qjs/wLxttA/NLLAzQ8=
10,4,FcdurG9gSLHCSPwRjIFUwzELz5U=,yxiA1c+vD5chAk/UZRlTrd9p/fY=
9,4,FcdurG9gSLHCSPwRjIFUwzELz5U=,LGkxyqlvSA5ELqFm2/YuVUk5A+c=
10,3,FcdurG9gSLHCSPwRjIFUwzELz5U=,al62wb/yE4kFF828MSPKq9VZMxc=
9,3,FcdurG9gSLHCSPwRjIFUwzELz5U=,LGkxyqlvSA5ELqFm2/YuVUk5A+c=
9,2,qGjnndAKf1G2HUSHyoS76wTkNzs=,LGkxyqlvSA5ELqFm2/YuVUk5A+c=
10,2,qGjnndAKf1G2HUSHyoS76wTkNzs=,al62wb/yE4kFF828MSPKq9VZMxc=
9,1,qGjnndAKf1G2HUSHyoS76wTkNzs=,OotpgRSIIxCIB/Qzuh+KeZKUpjE=
10,1,qGjnndAKf1G2HUSHyoS76wTkNzs=,al62wb/yE4kFF828MSPKq9VZMxc=
10,7,mNj3g3msI/SBkZlYFAx5a5IgmDo=,oSzdLsHF3qjs/wLxttA/NLLAzQ8=
9,7,mNj3g3msI/SBkZlYFAx5a5IgmDo=,e9gaEBnw7Y0cwEx6tqCq3vmAQ80=
9,8,mNj3g3msI/SBkZlYFAx5a5IgmDo=,IlSUaudZS6u8xkYGIVC93nC8Z0g=
9,10,mNj3g3msI/SBkZlYFAx5a5IgmDo=,eKTyAK0yAwPEctOF6ddaL2OhOys=
10,8,mNj3g3msI/SBkZlYFAx5a5IgmDo=,+Mryye/IW/5urhYZFoEsddm0+24=
10,10,mNj3g3msI/SBkZlYFAx5a5IgmDo=,tq/1OuDj/szPgTwv46rhheSD1Ro=
9,9,mNj3g3msI/SBkZlYFAx5a5IgmDo=,IlSUaudZS6u8xkYGIVC93nC8Z0g=
10,9,mNj3g3msI/SBkZlYFAx5a5IgmDo=,+Mryye/IW/5urhYZFoEsddm0+24=
9,11,CX0XOF9AZSzUwciV1/qJg+Mzyqc=,eKTyAK0yAwPEctOF6ddaL2OhOys=
10,12,CX0XOF9AZSzUwciV1/qJg+Mzyqc=,9nL6rMWEAx54fx6i7by+aLcM0Zg=
9,12,CX0XOF9AZSzUwciV1/qJg+Mzyqc=,/xL5gwNrL1CfN9YVVOwOJmr1tXI=
10,11,CX0XOF9AZSzUwciV1/qJg+Mzyqc=,tq/1OuDj/szPgTwv46rhheSD1Ro=
10,14,CX0XOF9AZSzUwciV1/qJg+Mzyqc=,s4I+ObznhcXgpMwYzIgfGcjSHFY=
9,14,CX0XOF9AZSzUwciV1/qJg+Mzyqc=,vARXCiQoS26IK90hMRSwrDd0+Fk=
9,13,CX0XOF9AZSzUwciV1/qJg+Mzyqc=,/xL5gwNrL1CfN9YVVOwOJmr1tXI=
10,13,CX0XOF9AZSzUwciV1/qJg+Mzyqc=,9nL6rMWEAx54fx6i7by+aLcM0Zg=
12,9,d1mqUIENEaMQor0egkYkfaZJMLk=,+Mryye/IW/5urhYZFoEsddm0+24=
11,10,d1mqUIENEaMQor0egkYkfaZJMLk=,tq/1OuDj/szPgTwv46rhheSD1Ro=
11,9,d1mqUIENEaMQor0egkYkfaZJMLk=,+Mryye/IW/5urhYZFoEsddm0+24=
12,10,d1mqUIENEaMQor0egkYkfaZJMLk=,37yZg+aRDEIcoVUHSprnjuUD4JA=
12,12,d1mqUIENEaMQor0egkYkfaZJMLk=,My5TuQAOqE2Sas+tt6R2qa+hSwM=
11,12,d1mqUIENEaMQor0egkYkfaZJMLk=,9nL6rMWEAx54fx6i7by+aLcM0Zg=
11,11,d1mqUIENEaMQor0egkYkfaZJMLk=,tq/1OuDj/szPgTwv46rhheSD1Ro=
12,11,d1mqUIENEaMQor0egkYkfaZJMLk=,37yZg+aRDEIcoVUHSprnjuUD4JA=
12,13,d1mqUIENEaMQor0egkYkfaZJMLk=,My5TuQAOqE2Sas+tt6R2qa+hSwM=
11,13,d1mqUIENEaMQor0egkYkfaZJMLk=,9nL6rMWEAx54fx6i7by+aLcM0Zg=
11,14,d1mqUIENEaMQor0egkYkfaZJMLk=,s4I+ObznhcXgpMwYzIgfGcjSHFY=
12,14,EhsVryOtE47vAM661J2bub1fm0w=,0T1+QJiY0KTx8aWozeBUGGyVR2w=
12,8,EhsVryOtE47vAM661J2bub1fm0w=,+Mryye/IW/5urhYZFoEsddm0+24=
12,7,EhsVryOtE47vAM661J2bub1fm0w=,oSzdLsHF3qjs/wLxttA/NLLAzQ8=
11,7,EhsVryOtE47vAM661J2bub1fm0w=,oSzdLsHF3qjs/wLxttA/NLLAzQ8=
11,8,EhsVryOtE47vAM661J2bub1fm0w=,+Mryye/IW/5urhYZFoEsddm0+24=
11,4,EhsVryOtE47vAM661J2bub1fm0w=,yxiA1c+vD5chAk/UZRlTrd9p/fY=
12,3,EhsVryOtE47vAM661J2bub1fm0w=,WMiTNCzo5A8TlBe0YysxbP327/s=
12,6,EhsVryOtE47vAM661J2bub1fm0w=,oSzdLsHF3qjs/wLxttA/NLLAzQ8=
12,4,EhsVryOtE47vAM661J2bub1fm0w=,y9ugNZVSglenUX9anbbBixc76Tw=
11,5,EhsVryOtE47vAM661J2bub1fm0w=,yxiA1c+vD5chAk/UZRlTrd9p/fY=
12,5,EhsVryOtE47vAM661J2bub1fm0w=,y9ugNZVSglenUX9anbbBixc76Tw=
11,6,EhsVryOtE47vAM661J2bub1fm0w=,oSzdLsHF3qjs/wLxttA/NLLAzQ8=
11,3,EhsVryOtE47vAM661J2bub1fm0w=,al62wb/yE4kFF828MSPKq9VZMxc=
11,2,PBSF9qWar0wmN+TulSrpQqwQv0g=,al62wb/yE4kFF828MSPKq9VZMxc=
12,2,PBSF9qWar0wmN+TulSrpQqwQv0g=,WMiTNCzo5A8TlBe0YysxbP327/s=
11,1,PBSF9qWar0wmN+TulSrpQqwQv0g=,al62wb/yE4kFF828MSPKq9VZMxc=
12,1,PBSF9qWar0wmN+TulSrpQqwQv0g=,Dy+P6nE2N00yUOdAb1fQzn6RvaA=
13,3,PBSF9qWar0wmN+TulSrpQqwQv0g=,WMiTNCzo5A8TlBe0YysxbP327/s=
13,4,PBSF9qWar0wmN+TulSrpQqwQv0g=,y9ugNZVSglenUX9anbbBixc76Tw=
14,6,n1GLroeJ4nX8+ORGc6M4H9TBGZ0=,Wdf6qEQ8mjyklckPSbSiWotueGw=
13,5,n1GLroeJ4nX8+ORGc6M4H9TBGZ0=,y9ugNZVSglenUX9anbbBixc76Tw=
14,5,n1GLroeJ4nX8+ORGc6M4H9TBGZ0=,1VDEOy1PR5bq1Ocy+Ky1xUvnYlA=
13,6,n1GLroeJ4nX8+ORGc6M4H9TBGZ0=,oSzdLsHF3qjs/wLxttA/NLLAzQ8=
14,4,n1GLroeJ4nX8+ORGc6M4H9TBGZ0=,1VDEOy1PR5bq1Ocy+Ky1xUvnYlA=
14,3,n1GLroeJ4nX8+ORGc6M4H9TBGZ0=,zZ6PGI7c5QrPRe/nG2Zj1WDUGfE=
13,2,n1GLroeJ4nX8+ORGc6M4H9TBGZ0=,WMiTNCzo5A8TlBe0YysxbP327/s=
14,2,n1GLroeJ4nX8+ORGc6M4H9TBGZ0=,zZ6PGI7c5QrPRe/nG2Zj1WDUGfE=
14,1,n1GLroeJ4nX8+ORGc6M4H9TBGZ0=,kDjvBat82Ur2J32PA9Ukg5GGrRg=
13,1,n1GLroeJ4nX8+ORGc6M4H9TBGZ0=,Dy+P6nE2N00yUOdAb1fQzn6RvaA=
14,7,Jztk6gQ0frtWhcbDLwydCK8aZ5k=,Wdf6qEQ8mjyklckPSbSiWotueGw=
14,8,Jztk6gQ0frtWhcbDLwydCK8aZ5k=,+Mryye/IW/5urhYZFoEsddm0+24=
13,8,Jztk6gQ0frtWhcbDLwydCK8aZ5k=,+Mryye/IW/5urhYZFoEsddm0+24=
13,7,Jztk6gQ0frtWhcbDLwydCK8aZ5k=,oSzdLsHF3qjs/wLxttA/NLLAzQ8=
13,9,PtwBVTH7t8S9INauroBVeMDexEI=,+Mryye/IW/5urhYZFoEsddm0+24=
14,9,PtwBVTH7t8S9INauroBVeMDexEI=,+Mryye/IW/5urhYZFoEsddm0+24=
14,10,PtwBVTH7t8S9INauroBVeMDexEI=,1EvS3lskKNfEMGbajqAdSceVSsE=
13,10,PtwBVTH7t8S9INauroBVeMDexEI=,37yZg+aRDEIcoVUHSprnjuUD4JA=
14,11,PtwBVTH7t8S9INauroBVeMDexEI=,1EvS3lskKNfEMGbajqAdSceVSsE=
13,12,PtwBVTH7t8S9INauroBVeMDexEI=,My5TuQAOqE2Sas+tt6R2qa+hSwM=
13,11,PtwBVTH7t8S9INauroBVeMDexEI=,37yZg+aRDEIcoVUHSprnjuUD4JA=
14,12,PtwBVTH7t8S9INauroBVeMDexEI=,OZZlw19rN5gGYYedQtJ4iayLlxM=
14,14,CsnZB856MkcdgB/kKRuzk+H6A7Q=,4y0YmDSOWgLVcalFGAdNNlexGxw=
13,13,CsnZB856MkcdgB/kKRuzk+H6A7Q=,My5TuQAOqE2Sas+tt6R2qa+hSwM=
14,13,CsnZB856MkcdgB/kKRuzk+H6A7Q=,OZZlw19rN5gGYYedQtJ4iayLlxM=
15,12,CsnZB856MkcdgB/kKRuzk+H6A7Q=,OZZlw19rN5gGYYedQtJ4iayLlxM=
15,11,CsnZB856MkcdgB/kKRuzk+H6A7Q=,1EvS3lskKNfEMGbajqAdSceVSsE=
13,14,CsnZB856MkcdgB/kKRuzk+H6A7Q=,0T1+QJiY0KTx8aWozeBUGGyVR2w=
15,14,2r9uxmu4oqh6Bm3mtWe49ZBR5QA=,4y0YmDSOWgLVcalFGAdNNlexGxw=
15,13,2r9uxmu4oqh6Bm3mtWe49ZBR5QA=,OZZlw19rN5gGYYedQtJ4iayLlxM=
14,15,2r9uxmu4oqh6Bm3mtWe49ZBR5QA=,4y0YmDSOWgLVcalFGAdNNlexGxw=
13,15,2r9uxmu4oqh6Bm3mtWe49ZBR5QA=,0T1+QJiY0KTx8aWozeBUGGyVR2w=
11,15,2r9uxmu4oqh6Bm3mtWe49ZBR5QA=,s4I+ObznhcXgpMwYzIgfGcjSHFY=
9,15,2r9uxmu4oqh6Bm3mtWe49ZBR5QA=,vARXCiQoS26IK90hMRSwrDd0+Fk=
12,15,2r9uxmu4oqh6Bm3mtWe49ZBR5QA=,0T1+QJiY0KTx8aWozeBUGGyVR2w=
8,15,2r9uxmu4oqh6Bm3mtWe49ZBR5QA=,vARXCiQoS26IK90hMRSwrDd0+Fk=
7,15,2r9uxmu4oqh6Bm3mtWe49ZBR5QA=,07vJKKfaNNclemkIONpO26zrRXI=
10,15,2r9uxmu4oqh6Bm3mtWe49ZBR5QA=,s4I+ObznhcXgpMwYzIgfGcjSHFY=
3,15,gUowSi3iS+A9haDUa6QE8O1rOdo=,Xfr6JzUNzJ0u6DM1JxMYa/V+cbU=
6,15,gUowSi3iS+A9haDUa6QE8O1rOdo=,07vJKKfaNNclemkIONpO26zrRXI=
4,15,gUowSi3iS+A9haDUa6QE8O1rOdo=,h2XmSelLPKnNzx1/umHr/WaG39A=
5,15,gUowSi3iS+A9haDUa6QE8O1rOdo=,h2XmSelLPKnNzx1/umHr/WaG39A=
1,15,gUowSi3iS+A9haDUa6QE8O1rOdo=,MifWYremgwTmlnaUFa0Bn+8MbQM=
2,15,gUowSi3iS+A9haDUa6QE8O1rOdo=,Xfr6JzUNzJ0u6DM1JxMYa/V+cbU=
0,13,E8HMvCRlyIH0JexovyOzahnfI6s=,w6GOmsyPDSL3JAiDw9wq2SHhYv4=
0,14,E8HMvCRlyIH0JexovyOzahnfI6s=,MifWYremgwTmlnaUFa0Bn+8MbQM=
0,12,E8HMvCRlyIH0JexovyOzahnfI6s=,w6GOmsyPDSL3JAiDw9wq2SHhYv4=
0,11,E8HMvCRlyIH0JexovyOzahnfI6s=,6Hzrb/pr6+BSudwJF8UvoYcLsgQ=
0,10,E8HMvCRlyIH0JexovyOzahnfI6s=,6Hzrb/pr6+BSudwJF8UvoYcLsgQ=
0,9,E8HMvCRlyIH0JexovyOzahnfI6s=,sGgDkqSmB+W1Qzz2P0GHfAFew2c=
0,6,E8HMvCRlyIH0JexovyOzahnfI6s=,sGgDkqSmB+W1Qzz2P0GHfAFew2c=
0,7,E8HMvCRlyIH0JexovyOzahnfI6s=,sGgDkqSmB+W1Qzz2P0GHfAFew2c=
0,8,E8HMvCRlyIH0JexovyOzahnfI6s=,sGgDkqSmB+W1Qzz2P0GHfAFew2c=
0,5,E8HMvCRlyIH0JexovyOzahnfI6s=,pub5rVDZXUiFAnpPk+Ld2Wc+GT0=
0,4,E8HMvCRlyIH0JexovyOzahnfI6s=,pub5rVDZXUiFAnpPk+Ld2Wc+GT0=
0,3,E8HMvCRlyIH0JexovyOzahnfI6s=,5XXao1Ht7iN/4gNib9FCaNLd8w0=
0,2,zWb26O0VJ0Hoe5oKFB6TY5UCjxc=,5XXao1Ht7iN/4gNib9FCaNLd8w0=
5,0,zWb26O0VJ0Hoe5oKFB6TY5UCjxc=,BGOSrynwdCsKmFxZaZnxAm7dJvc=
6,0,zWb26O0VJ0Hoe5oKFB6TY5UCjxc=,iOiacbJvZBhOLQ1zcT3+jsr7C2Y=
1,0,zWb26O0VJ0Hoe5oKFB6TY5UCjxc=,m4ebeEx7UhPo3gTcVDelQ2Y16So=
2,0,zWb26O0VJ0Hoe5oKFB6TY5UCjxc=,fzCrGmqrSdomyFXDl7cC3gYjTBw=
0,1,zWb26O0VJ0Hoe5oKFB6TY5UCjxc=,m4ebeEx7UhPo3gTcVDelQ2Y16So=
3,0,zWb26O0VJ0Hoe5oKFB6TY5UCjxc=,fzCrGmqrSdomyFXDl7cC3gYjTBw=
0,0,zWb26O0VJ0Hoe5oKFB6TY5UCjxc=,m4ebeEx7UhPo3gTcVDelQ2Y16So=
4,0,zWb26O0VJ0Hoe5oKFB6TY5UCjxc=,BGOSrynwdCsKmFxZaZnxAm7dJvc=
8,0,zWb26O0VJ0Hoe5oKFB6TY5UCjxc=,OotpgRSIIxCIB/Qzuh+KeZKUpjE=
7,0,zWb26O0VJ0Hoe5oKFB6TY5UCjxc=,iOiacbJvZBhOLQ1zcT3+jsr7C2Y=
9,0,zWb26O0VJ0Hoe5oKFB6TY5UCjxc=,OotpgRSIIxCIB/Qzuh+KeZKUpjE=
13,0,zWb26O0VJ0Hoe5oKFB6TY5UCjxc=,Dy+P6nE2N00yUOdAb1fQzn6RvaA=
14,0,zWb26O0VJ0Hoe5oKFB6TY5UCjxc=,kDjvBat82Ur2J32PA9Ukg5GGrRg=
12,0,pIr9mg6dj+1PKdCQLVZ/JTe6mPQ=,Dy+P6nE2N00yUOdAb1fQzn6RvaA=
10,0,pIr9mg6dj+1PKdCQLVZ/JTe6mPQ=,al62wb/yE4kFF828MSPKq9VZMxc=
11,0,pIr9mg6dj+1PKdCQLVZ/JTe6mPQ=,al62wb/yE4kFF828MSPKq9VZMxc=
15,6,pIr9mg6dj+1PKdCQLVZ/JTe6mPQ=,Wdf6qEQ8mjyklckPSbSiWotueGw=
0,15,pIr9mg6dj+1PKdCQLVZ/JTe6mPQ=,MifWYremgwTmlnaUFa0Bn+8MbQM=
15,3,pIr9mg6dj+1PKdCQLVZ/JTe6mPQ=,zZ6PGI7c5QrPRe/nG2Zj1WDUGfE=
15,2,pIr9mg6dj+1PKdCQLVZ/JTe6mPQ=,zZ6PGI7c5QrPRe/nG2Zj1WDUGfE=
15,1,pIr9mg6dj+1PKdCQLVZ/JTe6mPQ=,kDjvBat82Ur2J32PA9Ukg5GGrRg=
15,4,pIr9mg6dj+1PKdCQLVZ/JTe6mPQ=,1VDEOy1PR5bq1Ocy+Ky1xUvnYlA=
15,0,pIr9mg6dj+1PKdCQLVZ/JTe6mPQ=,kDjvBat82Ur2J32PA9Ukg5GGrRg=
15,5,pIr9mg6dj+1PKdCQLVZ/JTe6mPQ=,1VDEOy1PR5bq1Ocy+Ky1xUvnYlA=
15,15,pIr9mg6dj+1PKdCQLVZ/JTe6mPQ=,4y0YmDSOWgLVcalFGAdNNlexGxw=
15,7,pIr9mg6dj+1PKdCQLVZ/JTe6mPQ=,Wdf6qEQ8mjyklckPSbSiWotueGw=
15,8,pIr9mg6dj+1PKdCQLVZ/JTe6mPQ=,+Mryye/IW/5urhYZFoEsddm0+24=
15,10,pIr9mg6dj+1PKdCQLVZ/JTe6mPQ=,1EvS3lskKNfEMGbajqAdSceVSsE=
15,9,pIr9mg6dj+1PKdCQLVZ/JTe6mPQ=,+Mryye/IW/5urhYZFoEsddm0+24=
2,29,/+jMLSslpRdX6E3UwHt5IuA1Rw8=,tZZAG4Gap7+BZpvvHXjfDdkFpAw=
1,29,/+jMLSslpRdX6E3UwHt5IuA1Rw8=,tZZAG4Gap7+BZpvvHXjfDdkFpAw=
1,30,/+jMLSslpRdX6E3UwHt5IuA1Rw8=,lHfYhTI3MH3soiAGEECi4vc9WA0=
2,30,/+jMLSslpRdX6E3UwHt5IuA1Rw8=,lHfYhTI3MH3soiAGEECi4vc9WA0=
3,29,RaP3dhj8BIv0WQm9NsLRIpG0oP8=,tZZAG4Gap7+BZpvvHXjfDdkFpAw=
4,29,RaP3dhj8BIv0WQm9NsLRIpG0oP8=,tZZAG4Gap7+BZpvvHXjfDdkFpAw=
4,30,RaP3dhj8BIv0WQm9NsLRIpG0oP8=,lHfYhTI3MH3soiAGEECi4vc9WA0=
3,30,RaP3dhj8BIv0WQm9NsLRIpG0oP8=,lHfYhTI3MH3soiAGEECi4vc9WA0=
4,28,RaP3dhj8BIv0WQm9NsLRIpG0oP8=,tZZAG4Gap7+BZpvvHXjfDdkFpAw=
3,28,RaP3dhj8BIv0WQm9NsLRIpG0oP8=,tZZAG4Gap7+BZpvvHXjfDdkFpAw=
3,27,RaP3dhj8BIv0WQm9NsLRIpG0oP8=,UUInNBsnDCdGp+4diRbVkK5JTsM=
4,27,RaP3dhj8BIv0WQm9NsLRIpG0oP8=,ElWcjQHMCqtMC3LfBZmMVQyOW/M=
3,24,tmgzfo3BOFNQhN3rWFdEhGa9eX4=,t0h9wf/97qsJeQc+kZoysmrFPbg=
3,26,tmgzfo3BOFNQhN3rWFdEhGa9eX4=,UUInNBsnDCdGp+4diRbVkK5JTsM=
4,24,tmgzfo3BOFNQhN3rWFdEhGa9eX4=,Z3lyEa0+zANBX3+VLTGY4dU0Qtk=
4,23,tmgzfo3BOFNQhN3rWFdEhGa9eX4=,jVNmiKL/NfKQSOE6KkxoLJp9NrY=
3,23,tmgzfo3BOFNQhN3rWFdEhGa9eX4=,s64dxUxHZ333eOlaTNV0JclsQT8=
3,25,tmgzfo3BOFNQhN3rWFdEhGa9eX4=,t0h9wf/97qsJeQc+kZoysmrFPbg=
4,25,tmgzfo3BOFNQhN3rWFdEhGa9eX4=,Z3lyEa0+zANBX3+VLTGY4dU0Qtk=
4,26,tmgzfo3BOFNQhN3rWFdEhGa9eX4=,ElWcjQHMCqtMC3LfBZmMVQyOW/M=
4,21,ihd4bLjw6R8a83fXo3Qv1a9hf8M=,0EJZLH1wX2QdOZZhfg3GpwDWpPQ=
4,22,ihd4bLjw6R8a83fXo3Qv1a9hf8M=,jVNmiKL/NfKQSOE6KkxoLJp9NrY=
3,21,ihd4bLjw6R8a83fXo3Qv1a9hf8M=,6j5GBE5MQ80dgsyKOV95h+3khxY=
3,22,ihd4bLjw6R8a83fXo3Qv1a9hf8M=,s64dxUxHZ333eOlaTNV0JclsQT8=
3,19,ihd4bLjw6R8a83fXo3Qv1a9hf8M=,p+ednaLn7PDmYg2Ujx6ZgvlBAmo=
3,20,ihd4bLjw6R8a83fXo3Qv1a9hf8M=,6j5GBE5MQ80dgsyKOV95h+3khxY=
4,19,ihd4bLjw6R8a83fXo3Qv1a9hf8M=,YXaOKlr2VTA1C8LbvooZJDU/xYM=
4,20,ihd4bLjw6R8a83fXo3Qv1a9hf8M=,0EJZLH1wX2QdOZZhfg3GpwDWpPQ=
6,19,tzOPX4q/rDVcwbD3NZ90Kb7mCmo=,towTVt+4mhg01dxkK6WyBYtt96g=
6,20,tzOPX4q/rDVcwbD3NZ90Kb7mCmo=,WanoIojJPZGF4TExx04UaLLsUMw=
6,22,tzOPX4q/rDVcwbD3NZ90Kb7mCmo=,wt/MkVHO03QhmOKu3qHTy6nGLS0=
5,22,tzOPX4q/rDVcwbD3NZ90Kb7mCmo=,jVNmiKL/NfKQSOE6KkxoLJp9NrY=
5,21,tzOPX4q/rDVcwbD3NZ90Kb7mCmo=,0EJZLH1wX2QdOZZhfg3GpwDWpPQ=
6,21,tzOPX4q/rDVcwbD3NZ90Kb7mCmo=,WanoIojJPZGF4TExx04UaLLsUMw=
5,20,tzOPX4q/rDVcwbD3NZ90Kb7mCmo=,0EJZLH1wX2QdOZZhfg3GpwDWpPQ=
5,19,tzOPX4q/rDVcwbD3NZ90Kb7mCmo=,YXaOKlr2VTA1C8LbvooZJDU/xYM=
6,18,9dEU1T4NadVWJ7NkKtH/0JAkntw=,towTVt+4mhg01dxkK6WyBYtt96g=
6,17,9dEU1T4NadVWJ7NkKtH/0JAkntw=,z8RT4RiM1zYQ5bWMLQtJfVfEXmM=
5,17,9dEU1T4NadVWJ7NkKtH/0JAkntw=,XEqxvWyKsWJYYFurjsU+ZcqjBxo=
5,18,9dEU1T4NadVWJ7NkKtH/0JAkntw=,YXaOKlr2VTA1C8LbvooZJDU/xYM=
4,18,9dEU1T4NadVWJ7NkKtH/0JAkntw=,YXaOKlr2VTA1C8LbvooZJDU/xYM=
6,23,9dEU1T4NadVWJ7NkKtH/0JAkntw=,wt/MkVHO03QhmOKu3qHTy6nGLS0=
6,24,9dEU1T4NadVWJ7NkKtH/0JAkntw=,+W6xgoMRqqMRmO1jon/emqDkoPQ=
3,18,9dEU1T4NadVWJ7NkKtH/0JAkntw=,p+ednaLn7PDmYg2Ujx6ZgvlBAmo=
4,17,9dEU1T4NadVWJ7NkKtH/0JAkntw=,XEqxvWyKsWJYYFurjsU+ZcqjBxo=
3,17,9dEU1T4NadVWJ7NkKtH/0JAkntw=,9pL5e3HBlTk8BvVVtrRoBeSeCFc=
6,25,9dEU1T4NadVWJ7NkKtH/0JAkntw=,+W6xgoMRqqMRmO1jon/emqDkoPQ=
6,26,9dEU1T4NadVWJ7NkKtH/0JAkntw=,GlJ00of6xP3JPVnQI+8LgceVU1o=
5,23,9dEU1T4NadVWJ7NkKtH/0JAkntw=,jVNmiKL/NfKQSOE6KkxoLJp9NrY=
5,24,9dEU1T4NadVWJ7NkKtH/0JAkntw=,Z3lyEa0+zANBX3+VLTGY4dU0Qtk=
5,26,9dEU1T4NadVWJ7NkKtH/0JAkntw=,ElWcjQHMCqtMC3LfBZmMVQyOW/M=
5,25,9dEU1T4NadVWJ7NkKtH/0JAkntw=,Z3lyEa0+zANBX3+VLTGY4dU0Qtk=
6,28,/vGEPW4dl3jd+uh1QBMSxCjGjFw=,tZZAG4Gap7+BZpvvHXjfDdkFpAw=
6,27,/vGEPW4dl3jd+uh1QBMSxCjGjFw=,GlJ00of6xP3JPVnQI+8LgceVU1o=
5,28,/vGEPW4dl3jd+uh1QBMSxCjGjFw=,tZZAG4Gap7+BZpvvHXjfDdkFpAw=
5,27,/vGEPW4dl3jd+uh1QBMSxCjGjFw=,ElWcjQHMCqtMC3LfBZmMVQyOW/M=
8,28,/vGEPW4dl3jd+uh1QBMSxCjGjFw=,tZZAG4Gap7+BZpvvHXjfDdkFpAw=
7,28,/vGEPW4dl3jd+uh1QBMSxCjGjFw=,tZZAG4Gap7+BZpvvHXjfDdkFpAw=
7,27,/vGEPW4dl3jd+uh1QBMSxCjGjFw=,GlJ00of6xP3JPVnQI+8LgceVU1o=
8,27,/vGEPW4dl3jd+uh1QBMSxCjGjFw=,A7eFh67nZuIFKur/sYAzxhHsH3k=
9,28,il7BScbYDvdJIKp+SjM/dvBQKfo=,tZZAG4Gap7+BZpvvHXjfDdkFpAw=
7,25,il7BScbYDvdJIKp+SjM/dvBQKfo=,+W6xgoMRqqMRmO1jon/emqDkoPQ=
8,26,il7BScbYDvdJIKp+SjM/dvBQKfo=,A7eFh67nZuIFKur/sYAzxhHsH3k=
8,25,il7BScbYDvdJIKp+SjM/dvBQKfo=,bUVPrFC2DnoFH4GKkwgKY2VYgBU=
7,26,il7BScbYDvdJIKp+SjM/dvBQKfo=,GlJ00of6xP3JPVnQI+8LgceVU1o=
9,27,il7BScbYDvdJIKp+SjM/dvBQKfo=,A7eFh67nZuIFKur/sYAzxhHsH3k=
10,28,il7BScbYDvdJIKp+SjM/dvBQKfo=,tZZAG4Gap7+BZpvvHXjfDdkFpAw=
9,25,il7BScbYDvdJIKp+SjM/dvBQKfo=,bUVPrFC2DnoFH4GKkwgKY2VYgBU=
9,26,il7BScbYDvdJIKp+SjM/dvBQKfo=,A7eFh67nZuIFKur/sYAzxhHsH3k=
10,27,il7BScbYDvdJIKp+SjM/dvBQKfo=,ThY/S/JPHGHuT9zqCYbXs2zQnyE=
10,25,il7BScbYDvdJIKp+SjM/dvBQKfo=,tM0bSLIbHg+jlxt4yWxBesNIh7Y=
10,26,il7BScbYDvdJIKp+SjM/dvBQKfo=,ThY/S/JPHGHuT9zqCYbXs2zQnyE=
11,26,ogbIC6b/EPSDn9BItT9xgF1feQ0=,ThY/S/JPHGHuT9zqCYbXs2zQnyE=
12,26,ogbIC6b/EPSDn9BItT9xgF1feQ0=,5RI+LXBiFBkLevdv+HD59UkWDeI=
12,25,ogbIC6b/EPSDn9BItT9xgF1feQ0=,JHMgJFDk6q7TpaZbTe5L2hllVuc=
11,25,ogbIC6b/EPSDn9BItT9xgF1feQ0=,tM0bSLIbHg+jlxt4yWxBesNIh7Y=
11,28,ogbIC6b/EPSDn9BItT9xgF1feQ0=,tZZAG4Gap7+BZpvvHXjfDdkFpAw=
13,26,ogbIC6b/EPSDn9BItT9xgF1feQ0=,5RI+LXBiFBkLevdv+HD59UkWDeI=
12,27,ogbIC6b/EPSDn9BItT9xgF1feQ0=,5RI+LXBiFBkLevdv+HD59UkWDeI=
13,25,ogbIC6b/EPSDn9BItT9xgF1feQ0=,JHMgJFDk6q7TpaZbTe5L2hllVuc=
11,27,ogbIC6b/EPSDn9BItT9xgF1feQ0=,ThY/S/JPHGHuT9zqCYbXs2zQnyE=
12,28,ogbIC6b/EPSDn9BItT9xgF1feQ0=,tZZAG4Gap7+BZpvvHXjfDdkFpAw=
14,25,ogbIC6b/EPSDn9BItT9xgF1feQ0=,7uVriUT0SmiZW20GVP3vVQ+V6g4=
14,26,ogbIC6b/EPSDn9BItT9xgF1feQ0=,tOJKmNcWlacT5diEfhXkKEfO0uA=
13,27,0nc14FUYucCmjpmP4AUK4dv4pHs=,5RI+LXBiFBkLevdv+HD59UkWDeI=
12,29,0nc14FUYucCmjpmP4AUK4dv4pHs=,tZZAG4Gap7+BZpvvHXjfDdkFpAw=
13,28,0nc14FUYucCmjpmP4AUK4dv4pHs=,tZZAG4Gap7+BZpvvHXjfDdkFpAw=
11,29,0nc14FUYucCmjpmP4AUK4dv4pHs=,tZZAG4Gap7+BZpvvHXjfDdkFpAw=
13,29,0nc14FUYucCmjpmP4AUK4dv4pHs=,tZZAG4Gap7+BZpvvHXjfDdkFpAw=
14,30,0nc14FUYucCmjpmP4AUK4dv4pHs=,lHfYhTI3MH3soiAGEECi4vc9WA0=
13,30,0nc14FUYucCmjpmP4AUK4dv4pHs=,lHfYhTI3MH3soiAGEECi4vc9WA0=
11,30,0nc14FUYucCmjpmP4AUK4dv4pHs=,lHfYhTI3MH3soiAGEECi4vc9WA0=
12,30,0nc14FUYucCmjpmP4AUK4dv4pHs=,lHfYhTI3MH3soiAGEECi4vc9WA0=
14,27,0nc14FUYucCmjpmP4AUK4dv4pHs=,tOJKmNcWlacT5diEfhXkKEfO0uA=
14,28,0nc14FUYucCmjpmP4AUK4dv4pHs=,tZZAG4Gap7+BZpvvHXjfDdkFpAw=
14,29,0nc14FUYucCmjpmP4AUK4dv4pHs=,tZZAG4Gap7+BZpvvHXjfDdkFpAw=
11,31,7VKDUmzzaono1ezhBLFPck53+ck=,lHfYhTI3MH3soiAGEECi4vc9WA0=
12,31,7VKDUmzzaono1ezhBLFPck53+ck=,lHfYhTI3MH3soiAGEECi4vc9WA0=
6,29,7VKDUmzzaono1ezhBLFPck53+ck=,tZZAG4Gap7+BZpvvHXjfDdkFpAw=
6,30,7VKDUmzzaono1ezhBLFPck53+ck=,lHfYhTI3MH3soiAGEECi4vc9WA0=
5,29,7VKDUmzzaono1ezhBLFPck53+ck=,tZZAG4Gap7+BZpvvHXjfDdkFpAw=
5,30,p1I7Bwtn+EJ/AslDCfVkWZBBIqc=,lHfYhTI3MH3soiAGEECi4vc9WA0=
9,30,p1I7Bwtn+EJ/AslDCfVkWZBBIqc=,lHfYhTI3MH3soiAGEECi4vc9WA0=
9,29,p1I7Bwtn+EJ/AslDCfVkWZBBIqc=,tZZAG4Gap7+BZpvvHXjfDdkFpAw=
8,30,p1I7Bwtn+EJ/AslDCfVkWZBBIqc=,lHfYhTI3MH3soiAGEECi4vc9WA0=
7,30,p1I7Bwtn+EJ/AslDCfVkWZBBIqc=,lHfYhTI3MH3soiAGEECi4vc9WA0=
8,29,p1I7Bwtn+EJ/AslDCfVkWZBBIqc=,tZZAG4Gap7+BZpvvHXjfDdkFpAw=
10,29,p1I7Bwtn+EJ/AslDCfVkWZBBIqc=,tZZAG4Gap7+BZpvvHXjfDdkFpAw=
10,30,p1I7Bwtn+EJ/AslDCfVkWZBBIqc=,lHfYhTI3MH3soiAGEECi4vc9WA0=
7,29,p1I7Bwtn+EJ/AslDCfVkWZBBIqc=,tZZAG4Gap7+BZpvvHXjfDdkFpAw=
10,31,p1I7Bwtn+EJ/AslDCfVkWZBBIqc=,lHfYhTI3MH3soiAGEECi4vc9WA0=
7,31,p1I7Bwtn+EJ/AslDCfVkWZBBIqc=,lHfYhTI3MH3soiAGEECi4vc9WA0=
8,31,p1I7Bwtn+EJ/AslDCfVkWZBBIqc=,lHfYhTI3MH3soiAGEECi4vc9WA0=
9,31,p1I7Bwtn+EJ/AslDCfVkWZBBIqc=,lHfYhTI3MH3soiAGEECi4vc9WA0=
6,31,rWGG1cnBtMIAFLbKELiHcLVCBZg=,lHfYhTI3MH3soiAGEECi4vc9WA0=
5,31,rWGG1cnBtMIAFLbKELiHcLVCBZg=,lHfYhTI3MH3soiAGEECi4vc9WA0=
1,31,rWGG1cnBtMIAFLbKELiHcLVCBZg=,lHfYhTI3MH3soiAGEECi4vc9WA0=
3,31,rWGG1cnBtMIAFLbKELiHcLVCBZg=,lHfYhTI3MH3soiAGEECi4vc9WA0=
4,31,rWGG1cnBtMIAFLbKELiHcLVCBZg=,lHfYhTI3MH3soiAGEECi4vc9WA0=
2,31,rWGG1cnBtMIAFLbKELiHcLVCBZg=,lHfYhTI3MH3soiAGEECi4vc9WA0=
0,30,XiCOfCUKAbk7a5nPIuiL8S3lSss=,lHfYhTI3MH3soiAGEECi4vc9WA0=
0,29,XiCOfCUKAbk7a5nPIuiL8S3lSss=,tZZAG4Gap7+BZpvvHXjfDdkFpAw=
1,23,7Hpo02nwDmQ1o3EB4OxwynTwOKw=,d1QowxnXXT7UDPV912vGJWfCQ58=
1,28,7Hpo02nwDmQ1o3EB4OxwynTwOKw=,tZZAG4Gap7+BZpvvHXjfDdkFpAw=
1,27,7Hpo02nwDmQ1o3EB4OxwynTwOKw=,UUInNBsnDCdGp+4diRbVkK5JTsM=
2,28,7Hpo02nwDmQ1o3EB4OxwynTwOKw=,tZZAG4Gap7+BZpvvHXjfDdkFpAw=
1,26,7Hpo02nwDmQ1o3EB4OxwynTwOKw=,UUInNBsnDCdGp+4diRbVkK5JTsM=
1,25,7Hpo02nwDmQ1o3EB4OxwynTwOKw=,ktPZm8QIdw4FNrZS8UyAGyJ/0QU=
2,25,7Hpo02nwDmQ1o3EB4OxwynTwOKw=,t0h9wf/97qsJeQc+kZoysmrFPbg=
2,26,7Hpo02nwDmQ1o3EB4OxwynTwOKw=,UUInNBsnDCdGp+4diRbVkK5JTsM=
2,27,7Hpo02nwDmQ1o3EB4OxwynTwOKw=,UUInNBsnDCdGp+4diRbVkK5JTsM=
1,24,7Hpo02nwDmQ1o3EB4OxwynTwOKw=,ktPZm8QIdw4FNrZS8UyAGyJ/0QU=
2,24,7Hpo02nwDmQ1o3EB4OxwynTwOKw=,t0h9wf/97qsJeQc+kZoysmrFPbg=
2,23,7Hpo02nwDmQ1o3EB4OxwynTwOKw=,s64dxUxHZ333eOlaTNV0JclsQT8=
2,21,OxGdeL0o0JSNOBFRFdAxwD1YDNA=,6j5GBE5MQ80dgsyKOV95h+3khxY=
2,22,OxGdeL0o0JSNOBFRFdAxwD1YDNA=,s64dxUxHZ333eOlaTNV0JclsQT8=
1,22,OxGdeL0o0JSNOBFRFdAxwD1YDNA=,d1QowxnXXT7UDPV912vGJWfCQ58=
1,21,OxGdeL0o0JSNOBFRFdAxwD1YDNA=,Vvlv2ZQOJiXVD8im5eE4rfi2Veg=
2,17,eT2MSxcU+ab02BhynAw4vGqJ4pI=,9pL5e3HBlTk8BvVVtrRoBeSeCFc=
1,17,HyvV/yf1VXJWtMmMsRvbTUA2HZ0=,8iMpAkBN0sw5J26/zfx05zzLKGk=
1,20,HyvV/yf1VXJWtMmMsRvbTUA2HZ0=,Vvlv2ZQOJiXVD8im5eE4rfi2Veg=
0,20,HyvV/yf1VXJWtMmMsRvbTUA2HZ0=,Vvlv2ZQOJiXVD8im5eE4rfi2Veg=
1,19,HyvV/yf1VXJWtMmMsRvbTUA2HZ0=,6kAe2cn+2gdaMxWzSFCoNbFfXdQ=
2,19,HyvV/yf1VXJWtMmMsRvbTUA2HZ0=,p+ednaLn7PDmYg2Ujx6ZgvlBAmo=
2,20,HyvV/yf1VXJWtMmMsRvbTUA2HZ0=,6j5GBE5MQ80dgsyKOV95h+3khxY=
2,18,HyvV/yf1VXJWtMmMsRvbTUA2HZ0=,p+ednaLn7PDmYg2Ujx6ZgvlBAmo=
0,19,HyvV/yf1VXJWtMmMsRvbTUA2HZ0=,6kAe2cn+2gdaMxWzSFCoNbFfXdQ=
1,18,HyvV/yf1VXJWtMmMsRvbTUA2HZ0=,6kAe2cn+2gdaMxWzSFCoNbFfXdQ=
0,17,HyvV/yf1VXJWtMmMsRvbTUA2HZ0=,8iMpAkBN0sw5J26/zfx05zzLKGk=
0,18,HyvV/yf1VXJWtMmMsRvbTUA2HZ0=,6kAe2cn+2gdaMxWzSFCoNbFfXdQ=
1,16,B5zKtP/nJqYpDotkab6U8ZF5Kw8=,8iMpAkBN0sw5J26/zfx05zzLKGk=
2,16,B5zKtP/nJqYpDotkab6U8ZF5Kw8=,9pL5e3HBlTk8BvVVtrRoBeSeCFc=
3,16,B5zKtP/nJqYpDotkab6U8ZF5Kw8=,9pL5e3HBlTk8BvVVtrRoBeSeCFc=
4,16,B5zKtP/nJqYpDotkab6U8ZF5Kw8=,XEqxvWyKsWJYYFurjsU+ZcqjBxo=
6,16,B5zKtP/nJqYpDotkab6U8ZF5Kw8=,z8RT4RiM1zYQ5bWMLQtJfVfEXmM=
5,16,B5zKtP/nJqYpDotkab6U8ZF5Kw8=,XEqxvWyKsWJYYFurjsU+ZcqjBxo=
8,16,4GXSiDZU/wUQwd6gM9Ufk5Fqrko=,hQ3suIhXD32pvCQNVMkCghe679Y=
7,16,UCCQV9fn2ZZn0GW6JjbEnyM5MH0=,z8RT4RiM1zYQ5bWMLQtJfVfEXmM=
8,17,UCCQV9fn2ZZn0GW6JjbEnyM5MH0=,hQ3suIhXD32pvCQNVMkCghe679Y=
7,18,UCCQV9fn2ZZn0GW6JjbEnyM5MH0=,towTVt+4mhg01dxkK6WyBYtt96g=
8,18,UCCQV9fn2ZZn0GW6JjbEnyM5MH0=,1xAmT9S0fhr1K7qgeZXZTE4OHAU=
7,17,UCCQV9fn2ZZn0GW6JjbEnyM5MH0=,z8RT4RiM1zYQ5bWMLQtJfVfEXmM=
9,17,UCCQV9fn2ZZn0GW6JjbEnyM5MH0=,hQ3suIhXD32pvCQNVMkCghe679Y=
9,18,UCCQV9fn2ZZn0GW6JjbEnyM5MH0=,1xAmT9S0fhr1K7qgeZXZTE4OHAU=
10,18,UCCQV9fn2ZZn0GW6JjbEnyM5MH0=,+G5HcIelR+Zz0lgz2h5QXA1sbHI=
10,17,UCCQV9fn2ZZn0GW6JjbEnyM5MH0=,BN3XdKV1UMTLs5Ka2NR0v3kTOps=
11,18,RNwZRhqo9RUBJyDD6VNyaat3jUc=,+G5HcIelR+Zz0lgz2h5QXA1sbHI=
11,17,RNwZRhqo9RUBJyDD6VNyaat3jUc=,BN3XdKV1UMTLs5Ka2NR0v3kTOps=
12,18,RNwZRhqo9RUBJyDD6VNyaat3jUc=,hEqT1gSxpEt5HTKJqT9wu3W3RSo=
12,17,RNwZRhqo9RUBJyDD6VNyaat3jUc=,6lYAIjZ8Kmq5/RNnqJtQWrvs81Y=
11,19,jCIJm3dRaFrH4lwywa/o4N9hvR0=,+G5HcIelR+Zz0lgz2h5QXA1sbHI=
12,19,jCIJm3dRaFrH4lwywa/o4N9hvR0=,hEqT1gSxpEt5HTKJqT9wu3W3RSo=
11,20,jCIJm3dRaFrH4lwywa/o4N9hvR0=,YXzzpxZSidUw4VGORYT9YWhg/lA=
12,20,jCIJm3dRaFrH4lwywa/o4N9hvR0=,b0zA0JbYV8UYzei3BAsjkjYMlAw=
13,19,xemfi/3uXIJ8xAffA0qZvsClGf4=,hEqT1gSxpEt5HTKJqT9wu3W3RSo=
14,19,xemfi/3uXIJ8xAffA0qZvsClGf4=,lj79lOrlSA5rfyLlKcf2hsDKlVY=
13,20,xemfi/3uXIJ8xAffA0qZvsClGf4=,b0zA0JbYV8UYzei3BAsjkjYMlAw=
14,20,xemfi/3uXIJ8xAffA0qZvsClGf4=,oMbpNxMP+ou4EF1+5lMuVSu+xDI=
11,21,2uaQHdQmGRcETzuxPdACOD/IbLM=,YXzzpxZSidUw4VGORYT9YWhg/lA=
12,24,2uaQHdQmGRcETzuxPdACOD/IbLM=,JHMgJFDk6q7TpaZbTe5L2hllVuc=
11,24,2uaQHdQmGRcETzuxPdACOD/IbLM=,tM0bSLIbHg+jlxt4yWxBesNIh7Y=
12,21,2uaQHdQmGRcETzuxPdACOD/IbLM=,b0zA0JbYV8UYzei3BAsjkjYMlAw=
12,22,2uaQHdQmGRcETzuxPdACOD/IbLM=,YQ5rpbWnB56w39WqxS5mMsLZMWo=
11,23,2uaQHdQmGRcETzuxPdACOD/IbLM=,IVREEl8iG9wzhMqxs3Ba7s0AFlQ=
11,22,2uaQHdQmGRcETzuxPdACOD/IbLM=,IVREEl8iG9wzhMqxs3Ba7s0AFlQ=
12,23,2uaQHdQmGRcETzuxPdACOD/IbLM=,YQ5rpbWnB56w39WqxS5mMsLZMWo=
7,24,QwI7aQqi06HV5mXjxk43/Q/tef8=,+W6xgoMRqqMRmO1jon/emqDkoPQ=
8,24,QwI7aQqi06HV5mXjxk43/Q/tef8=,bUVPrFC2DnoFH4GKkwgKY2VYgBU=
7,23,QwI7aQqi06HV5mXjxk43/Q/tef8=,wt/MkVHO03QhmOKu3qHTy6nGLS0=
8,23,QwI7aQqi06HV5mXjxk43/Q/tef8=,HRXuv/PtMP7tTBZD9v8oetgSvdM=
14,21,QwI7aQqi06HV5mXjxk43/Q/tef8=,oMbpNxMP+ou4EF1+5lMuVSu+xDI=
13,21,QwI7aQqi06HV5mXjxk43/Q/tef8=,b0zA0JbYV8UYzei3BAsjkjYMlAw=
9,24,QwI7aQqi06HV5mXjxk43/Q/tef8=,bUVPrFC2DnoFH4GKkwgKY2VYgBU=
9,23,QwI7aQqi06HV5mXjxk43/Q/tef8=,HRXuv/PtMP7tTBZD9v8oetgSvdM=
13,22,QwI7aQqi06HV5mXjxk43/Q/tef8=,YQ5rpbWnB56w39WqxS5mMsLZMWo=
13,24,QwI7aQqi06HV5mXjxk43/Q/tef8=,JHMgJFDk6q7TpaZbTe5L2hllVuc=
13,23,nB8NLUA4yiaNM0XF6jiGAjI1O8A=,YQ5rpbWnB56w39WqxS5mMsLZMWo=
14,22,nB8NLUA4yiaNM0XF6jiGAjI1O8A=,2SnRpknBgWzHfjGRXC8PH7J1mow=
14,24,nB8NLUA4yiaNM0XF6jiGAjI1O8A=,7uVriUT0SmiZW20GVP3vVQ+V6g4=
10,24,nB8NLUA4yiaNM0XF6jiGAjI1O8A=,tM0bSLIbHg+jlxt4yWxBesNIh7Y=
14,23,nB8NLUA4yiaNM0XF6jiGAjI1O8A=,2SnRpknBgWzHfjGRXC8PH7J1mow=
10,23,nB8NLUA4yiaNM0XF6jiGAjI1O8A=,IVREEl8iG9wzhMqxs3Ba7s0AFlQ=
9,19,nB8NLUA4yiaNM0XF6jiGAjI1O8A=,1xAmT9S0fhr1K7qgeZXZTE4OHAU=
8,19,nB8NLUA4yiaNM0XF6jiGAjI1O8A=,1xAmT9S0fhr1K7qgeZXZTE4OHAU=
8,21,nB8NLUA4yiaNM0XF6jiGAjI1O8A=,BCc86fo3Bxdn9rK14Mc36575m/s=
8,20,nB8NLUA4yiaNM0XF6jiGAjI1O8A=,BCc86fo3Bxdn9rK14Mc36575m/s=
9,20,nB8NLUA4yiaNM0XF6jiGAjI1O8A=,BCc86fo3Bxdn9rK14Mc36575m/s=
8,22,nB8NLUA4yiaNM0XF6jiGAjI1O8A=,HRXuv/PtMP7tTBZD9v8oetgSvdM=
7,19,nB8NLUA4yiaNM0XF6jiGAjI1O8A=,towTVt+4mhg01dxkK6WyBYtt96g=
10,20,nB8NLUA4yiaNM0XF6jiGAjI1O8A=,YXzzpxZSidUw4VGORYT9YWhg/lA=
9,21,nB8NLUA4yiaNM0XF6jiGAjI1O8A=,BCc86fo3Bxdn9rK14Mc36575m/s=
10,19,nB8NLUA4yiaNM0XF6jiGAjI1O8A=,+G5HcIelR+Zz0lgz2h5QXA1sbHI=
7,20,nB8NLUA4yiaNM0XF6jiGAjI1O8A=,WanoIojJPZGF4TExx04UaLLsUMw=
7,22,nB8NLUA4yiaNM0XF6jiGAjI1O8A=,wt/MkVHO03QhmOKu3qHTy6nGLS0=
7,21,nB8NLUA4yiaNM0XF6jiGAjI1O8A=,WanoIojJPZGF4TExx04UaLLsUMw=
9,22,nB8NLUA4yiaNM0XF6jiGAjI1O8A=,HRXuv/PtMP7tTBZD9v8oetgSvdM=
10,21,nB8NLUA4yiaNM0XF6jiGAjI1O8A=,YXzzpxZSidUw4VGORYT9YWhg/lA=
10,22,nB8NLUA4yiaNM0XF6jiGAjI1O8A=,IVREEl8iG9wzhMqxs3Ba7s0AFlQ=
15,24,FuCUiYI4XQlG2L4/YWTThbyasRo=,7uVriUT0SmiZW20GVP3vVQ+V6g4=
15,19,FuCUiYI4XQlG2L4/YWTThbyasRo=,lj79lOrlSA5rfyLlKcf2hsDKlVY=
15,23,FuCUiYI4XQlG2L4/YWTThbyasRo=,2SnRpknBgWzHfjGRXC8PH7J1mow=
15,21,FuCUiYI4XQlG2L4/YWTThbyasRo=,oMbpNxMP+ou4EF1+5lMuVSu+xDI=
15,20,FuCUiYI4XQlG2L4/YWTThbyasRo=,oMbpNxMP+ou4EF1+5lMuVSu+xDI=
15,22,FuCUiYI4XQlG2L4/YWTThbyasRo=,2SnRpknBgWzHfjGRXC8PH7J1mow=
13,17,Dv7a3J+DkCRburQCbGEtKO4L0RI=,6lYAIjZ8Kmq5/RNnqJtQWrvs81Y=
15,17,Dv7a3J+DkCRburQCbGEtKO4L0RI=,E4wdFPQRmfcFvPDYgfIwMKkYOYM=
13,18,Dv7a3J+DkCRburQCbGEtKO4L0RI=,hEqT1gSxpEt5HTKJqT9wu3W3RSo=
14,17,Dv7a3J+DkCRburQCbGEtKO4L0RI=,E4wdFPQRmfcFvPDYgfIwMKkYOYM=
15,18,Dv7a3J+DkCRburQCbGEtKO4L0RI=,lj79lOrlSA5rfyLlKcf2hsDKlVY=
14,18,Dv7a3J+DkCRburQCbGEtKO4L0RI=,lj79lOrlSA5rfyLlKcf2hsDKlVY=
14,16,Dv7a3J+DkCRburQCbGEtKO4L0RI=,E4wdFPQRmfcFvPDYgfIwMKkYOYM=
15,16,Dv7a3J+DkCRburQCbGEtKO4L0RI=,E4wdFPQRmfcFvPDYgfIwMKkYOYM=
13,16,Dv7a3J+DkCRburQCbGEtKO4L0RI=,6lYAIjZ8Kmq5/RNnqJtQWrvs81Y=
9,16,Dv7a3J+DkCRburQCbGEtKO4L0RI=,hQ3suIhXD32pvCQNVMkCghe679Y=
10,16,Dv7a3J+DkCRburQCbGEtKO4L0RI=,BN3XdKV1UMTLs5Ka2NR0v3kTOps=
12,16,XYegSB85nh4c+aPDnNrFROiU0A0=,6lYAIjZ8Kmq5/RNnqJtQWrvs81Y=
11,16,XYegSB85nh4c+aPDnNrFROiU0A0=,BN3XdKV1UMTLs5Ka2NR0v3kTOps=
14,31,XYegSB85nh4c+aPDnNrFROiU0A0=,lHfYhTI3MH3soiAGEECi4vc9WA0=
13,31,XYegSB85nh4c+aPDnNrFROiU0A0=,lHfYhTI3MH3soiAGEECi4vc9WA0=
15,31,XYegSB85nh4c+aPDnNrFROiU0A0=,lHfYhTI3MH3soiAGEECi4vc9WA0=
15,30,XYegSB85nh4c+aPDnNrFROiU0A0=,lHfYhTI3MH3soiAGEECi4vc9WA0=
15,28,yBX0G8yLn16bRw8HhMt7BIu6fao=,tZZAG4Gap7+BZpvvHXjfDdkFpAw=
15,29,yBX0G8yLn16bRw8HhMt7BIu6fao=,tZZAG4Gap7+BZpvvHXjfDdkFpAw=
15,27,yBX0G8yLn16bRw8HhMt7BIu6fao=,tOJKmNcWlacT5diEfhXkKEfO0uA=
15,26,yBX0G8yLn16bRw8HhMt7BIu6fao=,tOJKmNcWlacT5diEfhXkKEfO0uA=
15,25,yBX0G8yLn16bRw8HhMt7BIu6fao=,7uVriUT0SmiZW20GVP3vVQ+V6g4=
0,31,yBX0G8yLn16bRw8HhMt7BIu6fao=,lHfYhTI3MH3soiAGEECi4vc9WA0=
0,21,5r2ZSXF0L0/ou4zQ0oWCgEfRI/E=,Vvlv2ZQOJiXVD8im5eE4rfi2Veg=
0,22,5r2ZSXF0L0/ou4zQ0oWCgEfRI/E=,d1QowxnXXT7UDPV912vGJWfCQ58=
0,23,5r2ZSXF0L0/ou4zQ0oWCgEfRI/E=,d1QowxnXXT7UDPV912vGJWfCQ58=
0,28,5r2ZSXF0L0/ou4zQ0oWCgEfRI/E=,tZZAG4Gap7+BZpvvHXjfDdkFpAw=
0,24,5r2ZSXF0L0/ou4zQ0oWCgEfRI/E=,ktPZm8QIdw4FNrZS8UyAGyJ/0QU=
0,25,5r2ZSXF0L0/ou4zQ0oWCgEfRI/E=,ktPZm8QIdw4FNrZS8UyAGyJ/0QU=
0,16,5r2ZSXF0L0/ou4zQ0oWCgEfRI/E=,8iMpAkBN0sw5J26/zfx05zzLKGk=
0,26,5r2ZSXF0L0/ou4zQ0oWCgEfRI/E=,UUInNBsnDCdGp+4diRbVkK5JTsM=
0,27,5r2ZSXF0L0/ou4zQ0oWCgEfRI/E=,UUInNBsnDCdGp+4diRbVkK5JTsM=
30,18,a1uWhLP3czfmrtaQ1tyxJunI/oQ=,tZZAG4Gap7+BZpvvHXjfDdkFpAw=
30,17,a1uWhLP3czfmrtaQ1tyxJunI/oQ=,tZZAG4Gap7+BZpvvHXjfDdkFpAw=
29,18,a1uWhLP3czfmrtaQ1tyxJunI/oQ=,nxAsowAXOTI+tXR5LFVOodPr/z4=
29,17,a1uWhLP3czfmrtaQ1tyxJunI/oQ=,K+PecHCR5iSDNAyqwvo0mJbcgGE=
27,17,+yNVM6QruzU/oAlPny5xT8lmH1I=,1RFZ2n7+Tf1b0o/SfH//0z0J7z4=
27,18,+yNVM6QruzU/oAlPny5xT8lmH1I=,BI6dZ7bTPbR79m1RjXu5+/737h4=
28,17,+yNVM6QruzU/oAlPny5xT8lmH1I=,K+PecHCR5iSDNAyqwvo0mJbcgGE=
28,18,+yNVM6QruzU/oAlPny5xT8lmH1I=,nxAsowAXOTI+tXR5LFVOodPr/z4=
28,20,+yNVM6QruzU/oAlPny5xT8lmH1I=,IJNde9TY7oLIn9r9YiSVIBZ+KMw=
27,20,+yNVM6QruzU/oAlPny5xT8lmH1I=,ctwWNzFtJTu2wMJtT7XclU1kOYc=
27,19,+yNVM6QruzU/oAlPny5xT8lmH1I=,BI6dZ7bTPbR79m1RjXu5+/737h4=
28,19,+yNVM6QruzU/oAlPny5xT8lmH1I=,nxAsowAXOTI+tXR5LFVOodPr/z4=
28,21,OLUQT/sePdieIrbfmmqxCT9NoJg=,IJNde9TY7oLIn9r9YiSVIBZ+KMw=
27,21,OLUQT/sePdieIrbfmmqxCT9NoJg=,ctwWNzFtJTu2wMJtT7XclU1kOYc=
28,22,OLUQT/sePdieIrbfmmqxCT9NoJg=,LnsIRd5Wfr5HDs6KynIUlQj4fZc=
27,22,OLUQT/sePdieIrbfmmqxCT9NoJg=,c+p82faGj1u6ThQ1B8zbf1bSp1g=
25,21,HCW6szx9m4Hi4CmsQeGJOCfHzcU=,x0IljXUkgRzHZvNEBct2gRRuUjQ=
26,21,HCW6szx9m4Hi4CmsQeGJOCfHzcU=,ctwWNzFtJTu2wMJtT7XclU1kOYc=
26,22,HCW6szx9m4Hi4CmsQeGJOCfHzcU=,c+p82faGj1u6ThQ1B8zbf1bSp1g=
25,22,HCW6szx9m4Hi4CmsQeGJOCfHzcU=,1LD3OrX+gQgtgXInsJnP8BW8ajo=
25,24,XIvCmhOJIOQ3e4s4kwBAnSSNKFI=,CXsRTKPQclHLKY8O3ZUis7Azf6c=
26,24,XIvCmhOJIOQ3e4s4kwBAnSSNKFI=,W3bxzuJaeb6H/c2y5P0hYClcfM8=
25,23,XIvCmhOJIOQ3e4s4kwBAnSSNKFI=,1LD3OrX+gQgtgXInsJnP8BW8ajo=
26,23,XIvCmhOJIOQ3e4s4kwBAnSSNKFI=,c+p82faGj1u6ThQ1B8zbf1bSp1g=
24,24,XIvCmhOJIOQ3e4s4kwBAnSSNKFI=,CXsRTKPQclHLKY8O3ZUis7Azf6c=
23,23,XIvCmhOJIOQ3e4s4kwBAnSSNKFI=,hlQMnGfhyW+prYs+k7ZYXaNOTQM=
23,24,XIvCmhOJIOQ3e4s4kwBAnSSNKFI=,N0x1wYJMmVZ1H8qFMf16O/1mIak=
24,23,XIvCmhOJIOQ3e4s4kwBAnSSNKFI=,1LD3OrX+gQgtgXInsJnP8BW8ajo=
24,25,sMvKexkSiygLshlQYtStNtMlK1Q=,CXsRTKPQclHLKY8O3ZUis7Azf6c=
25,25,sMvKexkSiygLshlQYtStNtMlK1Q=,CXsRTKPQclHLKY8O3ZUis7Azf6c=
23,25,sMvKexkSiygLshlQYtStNtMlK1Q=,N0x1wYJMmVZ1H8qFMf16O/1mIak=
23,26,sMvKexkSiygLshlQYtStNtMlK1Q=,0Wfp22QLfsbGyysWVmqqLcwsrQI=
26,25,sMvKexkSiygLshlQYtStNtMlK1Q=,W3bxzuJaeb6H/c2y5P0hYClcfM8=
26,26,s9TsjzKsf83NZgijOBkD4gBSoPg=,RaCldyNGY5F9NIaSFb8UiO/yIWM=
25,26,s9TsjzKsf83NZgijOBkD4gBSoPg=,bCXRM+XDpsFqYN7s1dfllR8KBQA=
24,26,s9TsjzKsf83NZgijOBkD4gBSoPg=,bCXRM+XDpsFqYN7s1dfllR8KBQA=
22,26,s9TsjzKsf83NZgijOBkD4gBSoPg=,0Wfp22QLfsbGyysWVmqqLcwsrQI=
22,25,/E6X9/o8S56OrWia3fcn5YS4EJM=,N0x1wYJMmVZ1H8qFMf16O/1mIak=
21,25,/E6X9/o8S56OrWia3fcn5YS4EJM=,iQe2O+G0MzFnSjO/+P363TzVnKg=
21,26,/E6X9/o8S56OrWia3fcn5YS4EJM=,mjs/dd0VkgTuaEH+QtuQZAwQ4Wc=
19,26,/E6X9/o8S56OrWia3fcn5YS4EJM=,AlxnTvyTxoL7GY8zWgzF5j6+EZg=
19,25,/E6X9/o8S56OrWia3fcn5YS4EJM=,NnYHEiRN+LoxHBC8gjmA8+bWru0=
20,25,/E6X9/o8S56OrWia3fcn5YS4EJM=,iQe2O+G0MzFnSjO/+P363TzVnKg=
20,26,/E6X9/o8S56OrWia3fcn5YS4EJM=,mjs/dd0VkgTuaEH+QtuQZAwQ4Wc=
22,23,/E6X9/o8S56OrWia3fcn5YS4EJM=,hlQMnGfhyW+prYs+k7ZYXaNOTQM=
21,24,/E6X9/o8S56OrWia3fcn5YS4EJM=,iQe2O+G0MzFnSjO/+P363TzVnKg=
22,24,/E6X9/o8S56OrWia3fcn5YS4EJM=,N0x1wYJMmVZ1H8qFMf16O/1mIak=
21,23,/E6X9/o8S56OrWia3fcn5YS4EJM=,28Si8QXkipiC1+8e0Pq/sHpzr7A=
19,24,c2EGJrViJuW/99RPga2H5CGM22Y=,NnYHEiRN+LoxHBC8gjmA8+bWru0=
20,24,c2EGJrViJuW/99RPga2H5CGM22Y=,iQe2O+G0MzFnSjO/+P363TzVnKg=
19,23,c2EGJrViJuW/99RPga2H5CGM22Y=,DMkfHeW13eW4tsWXvKKNaI5Y+AU=
20,23,c2EGJrViJuW/99RPga2H5CGM22Y=,28Si8QXkipiC1+8e0Pq/sHpzr7A=
20,21,c2EGJrViJuW/99RPga2H5CGM22Y=,pxFOyu7Zp7jb9KdC4fk3jl2Szf4=
20,22,c2EGJrViJuW/99RPga2H5CGM22Y=,28Si8QXkipiC1+8e0Pq/sHpzr7A=
19,21,c2EGJrViJuW/99RPga2H5CGM22Y=,OrOulTL9Mw6TyRmb3RCSflI2Uj4=
19,22,c2EGJrViJuW/99RPga2H5CGM22Y=,DMkfHeW13eW4tsWXvKKNaI5Y+AU=
19,18,oK+X7zTP6B7uwoG2NRelUkN55wI=,BXP27UsXyugvwgZ3VC1fz53C8vk=
19,17,oK+X7zTP6B7uwoG2NRelUkN55wI=,A7eFh67nZuIFKur/sYAzxhHsH3k=
20,17,oK+X7zTP6B7uwoG2NRelUkN55wI=,QHf3GeQ5A2cA9fpWxDyuc1/O1iQ=
20,18,oK+X7zTP6B7uwoG2NRelUkN55wI=,ZSlSitHOiaJa6YNWIU6GX9zBaxw=
19,19,oK+X7zTP6B7uwoG2NRelUkN55wI=,BXP27UsXyugvwgZ3VC1fz53C8vk=
20,19,oK+X7zTP6B7uwoG2NRelUkN55wI=,ZSlSitHOiaJa6YNWIU6GX9zBaxw=
19,20,oK+X7zTP6B7uwoG2NRelUkN55wI=,OrOulTL9Mw6TyRmb3RCSflI2Uj4=
20,20,oK+X7zTP6B7uwoG2NRelUkN55wI=,pxFOyu7Zp7jb9KdC4fk3jl2Szf4=
21,18,MVm9WMpSv9PS651frVnO57TtYWA=,ZSlSitHOiaJa6YNWIU6GX9zBaxw=
21,17,MVm9WMpSv9PS651frVnO57TtYWA=,QHf3GeQ5A2cA9fpWxDyuc1/O1iQ=
26,19,MVm9WMpSv9PS651frVnO57TtYWA=,BI6dZ7bTPbR79m1RjXu5+/737h4=
25,19,MVm9WMpSv9PS651frVnO57TtYWA=,w1CUBSrgG8A5kKejhGWFy2IsH2s=
26,18,MVm9WMpSv9PS651frVnO57TtYWA=,BI6dZ7bTPbR79m1RjXu5+/737h4=
25,17,MVm9WMpSv9PS651frVnO57TtYWA=,adgJ7ROpNOEBvQSFGx4Q7jVB6V4=
26,20,MVm9WMpSv9PS651frVnO57TtYWA=,ctwWNzFtJTu2wMJtT7XclU1kOYc=
25,18,MVm9WMpSv9PS651frVnO57TtYWA=,w1CUBSrgG8A5kKejhGWFy2IsH2s=
26,17,MVm9WMpSv9PS651frVnO57TtYWA=,1RFZ2n7+Tf1b0o/SfH//0z0J7z4=
25,20,MVm9WMpSv9PS651frVnO57TtYWA=,x0IljXUkgRzHZvNEBct2gRRuUjQ=
22,18,MVm9WMpSv9PS651frVnO57TtYWA=,FeTaBUFIbflQgVLgCiG9OfWX0nY=
22,17,MVm9WMpSv9PS651frVnO57TtYWA=,tLAYkkJqLw9whLyk+skNWpIponw=
24,18,gxOAKxx5aXP0WsiqssXuWpBKhLI=,w1CUBSrgG8A5kKejhGWFy2IsH2s=
23,18,gxOAKxx5aXP0WsiqssXuWpBKhLI=,FeTaBUFIbflQgVLgCiG9OfWX0nY=
24,17,gxOAKxx5aXP0WsiqssXuWpBKhLI=,adgJ7ROpNOEBvQSFGx4Q7jVB6V4=
23,17,gxOAKxx5aXP0WsiqssXuWpBKhLI=,tLAYkkJqLw9whLyk+skNWpIponw=
24,19,gxOAKxx5aXP0WsiqssXuWpBKhLI=,w1CUBSrgG8A5kKejhGWFy2IsH2s=
21,22,gxOAKxx5aXP0WsiqssXuWpBKhLI=,28Si8QXkipiC1+8e0Pq/sHpzr7A=
23,19,gxOAKxx5aXP0WsiqssXuWpBKhLI=,FeTaBUFIbflQgVLgCiG9OfWX0nY=
22,22,gxOAKxx5aXP0WsiqssXuWpBKhLI=,hlQMnGfhyW+prYs+k7ZYXaNOTQM=
24,20,gxOAKxx5aXP0WsiqssXuWpBKhLI=,x0IljXUkgRzHZvNEBct2gRRuUjQ=
21,21,gxOAKxx5aXP0WsiqssXuWpBKhLI=,pxFOyu7Zp7jb9KdC4fk3jl2Szf4=
23,22,gxOAKxx5aXP0WsiqssXuWpBKhLI=,hlQMnGfhyW+prYs+k7ZYXaNOTQM=
24,22,gxOAKxx5aXP0WsiqssXuWpBKhLI=,1LD3OrX+gQgtgXInsJnP8BW8ajo=
22,19,gxOAKxx5aXP0WsiqssXuWpBKhLI=,FeTaBUFIbflQgVLgCiG9OfWX0nY=
21,19,gxOAKxx5aXP0WsiqssXuWpBKhLI=,ZSlSitHOiaJa6YNWIU6GX9zBaxw=
24,21,gxOAKxx5aXP0WsiqssXuWpBKhLI=,x0IljXUkgRzHZvNEBct2gRRuUjQ=
22,21,gxOAKxx5aXP0WsiqssXuWpBKhLI=,MbLU2CdPhO5M21ydB8oA3aErNuA=
23,21,gxOAKxx5aXP0WsiqssXuWpBKhLI=,MbLU2CdPhO5M21ydB8oA3aErNuA=
23,20,gxOAKxx5aXP0WsiqssXuWpBKhLI=,MbLU2CdPhO5M21ydB8oA3aErNuA=
28,16,gxOAKxx5aXP0WsiqssXuWpBKhLI=,K+PecHCR5iSDNAyqwvo0mJbcgGE=
21,20,gxOAKxx5aXP0WsiqssXuWpBKhLI=,pxFOyu7Zp7jb9KdC4fk3jl2Szf4=
26,16,gxOAKxx5aXP0WsiqssXuWpBKhLI=,1RFZ2n7+Tf1b0o/SfH//0z0J7z4=
27,16,gxOAKxx5aXP0WsiqssXuWpBKhLI=,1RFZ2n7+Tf1b0o/SfH//0z0J7z4=
25,16,gxOAKxx5aXP0WsiqssXuWpBKhLI=,adgJ7ROpNOEBvQSFGx4Q7jVB6V4=
22,20,gxOAKxx5aXP0WsiqssXuWpBKhLI=,MbLU2CdPhO5M21ydB8oA3aErNuA=
30,16,HMkZj4kP8l0ojlao+Qxz30BKINY=,tZZAG4Gap7+BZpvvHXjfDdkFpAw=
21,16,HMkZj4kP8l0ojlao+Qxz30BKINY=,QHf3GeQ5A2cA9fpWxDyuc1/O1iQ=
29,16,HMkZj4kP8l0ojlao+Qxz30BKINY=,K+PecHCR5iSDNAyqwvo0mJbcgGE=
20,16,HMkZj4kP8l0ojlao+Qxz30BKINY=,QHf3GeQ5A2cA9fpWxDyuc1/O1iQ=
23,16,HMkZj4kP8l0ojlao+Qxz30BKINY=,tLAYkkJqLw9whLyk+skNWpIponw=
24,16,HMkZj4kP8l0ojlao+Qxz30BKINY=,adgJ7ROpNOEBvQSFGx4Q7jVB6V4=
22,16,HMkZj4kP8l0ojlao+Qxz30BKINY=,tLAYkkJqLw9whLyk+skNWpIponw=
19,16,HMkZj4kP8l0ojlao+Qxz30BKINY=,A7eFh67nZuIFKur/sYAzxhHsH3k=
18,18,mpL4Yz5kG3AJHcMXZM8X6LmOpuQ=,BXP27UsXyugvwgZ3VC1fz53C8vk=
17,18,mpL4Yz5kG3AJHcMXZM8X6LmOpuQ=,IURMxuJytaFZgnn8Yd+Giewn9Gc=
17,20,mpL4Yz5kG3AJHcMXZM8X6LmOpuQ=,DRyjFDmRQc4FOto8iX0kM8fiDwI=
17,21,mpL4Yz5kG3AJHcMXZM8X6LmOpuQ=,DRyjFDmRQc4FOto8iX0kM8fiDwI=
17,19,mpL4Yz5kG3AJHcMXZM8X6LmOpuQ=,IURMxuJytaFZgnn8Yd+Giewn9Gc=
18,19,mpL4Yz5kG3AJHcMXZM8X6LmOpuQ=,BXP27UsXyugvwgZ3VC1fz53C8vk=
18,20,mpL4Yz5kG3AJHcMXZM8X6LmOpuQ=,OrOulTL9Mw6TyRmb3RCSflI2Uj4=
18,22,mpL4Yz5kG3AJHcMXZM8X6LmOpuQ=,DMkfHeW13eW4tsWXvKKNaI5Y+AU=
18,21,mpL4Yz5kG3AJHcMXZM8X6LmOpuQ=,OrOulTL9Mw6TyRmb3RCSflI2Uj4=
17,22,mpL4Yz5kG3AJHcMXZM8X6LmOpuQ=,DnSTOPj79QNoIompL2tFyJUz9M8=
18,17,mpL4Yz5kG3AJHcMXZM8X6LmOpuQ=,A7eFh67nZuIFKur/sYAzxhHsH3k=
17,17,mpL4Yz5kG3AJHcMXZM8X6LmOpuQ=,XhV1a/DNLLZiKrweT2uCBn4PWY4=
18,26,VgDFmpQvCdArT0dFZo5Ey6ZMxkA=,AlxnTvyTxoL7GY8zWgzF5j6+EZg=
18,23,VgDFmpQvCdArT0dFZo5Ey6ZMxkA=,DMkfHeW13eW4tsWXvKKNaI5Y+AU=
18,24,VgDFmpQvCdArT0dFZo5Ey6ZMxkA=,NnYHEiRN+LoxHBC8gjmA8+bWru0=
18,25,VgDFmpQvCdArT0dFZo5Ey6ZMxkA=,NnYHEiRN+LoxHBC8gjmA8+bWru0=
18,28,mmA5cXakvlXt6YxkFRrsG/lAtnQ=,tZZAG4Gap7+BZpvvHXjfDdkFpAw=
18,27,mmA5cXakvlXt6YxkFRrsG/lAtnQ=,AlxnTvyTxoL7GY8zWgzF5j6+EZg=
17,26,mmA5cXakvlXt6YxkFRrsG/lAtnQ=,1lUP9Pj3v1ASyo/B5rQJTc9sgDk=
17,28,mmA5cXakvlXt6YxkFRrsG/lAtnQ=,tZZAG4Gap7+BZpvvHXjfDdkFpAw=
17,23,mmA5cXakvlXt6YxkFRrsG/lAtnQ=,DnSTOPj79QNoIompL2tFyJUz9M8=
17,27,mmA5cXakvlXt6YxkFRrsG/lAtnQ=,1lUP9Pj3v1ASyo/B5rQJTc9sgDk=
17,24,mmA5cXakvlXt6YxkFRrsG/lAtnQ=,WzWusvYTurLpxXwfGLolhxDRt9k=
17,25,mmA5cXakvlXt6YxkFRrsG/lAtnQ=,WzWusvYTurLpxXwfGLolhxDRt9k=
19,27,/QThY8dNa56WM5y+l9pX5GOC1F8=,AlxnTvyTxoL7GY8zWgzF5j6+EZg=
20,27,/QThY8dNa56WM5y+l9pX5GOC1F8=,mjs/dd0VkgTuaEH+QtuQZAwQ4Wc=
20,28,/QThY8dNa56WM5y+l9pX5GOC1F8=,tZZAG4Gap7+BZpvvHXjfDdkFpAw=
19,28,/QThY8dNa56WM5y+l9pX5GOC1F8=,tZZAG4Gap7+BZpvvHXjfDdkFpAw=
22,27,/QThY8dNa56WM5y+l9pX5GOC1F8=,0Wfp22QLfsbGyysWVmqqLcwsrQI=
22,28,/QThY8dNa56WM5y+l9pX5GOC1F8=,tZZAG4Gap7+BZpvvHXjfDdkFpAw=
21,28,/QThY8dNa56WM5y+l9pX5GOC1F8=,tZZAG4Gap7+BZpvvHXjfDdkFpAw=
21,27,/QThY8dNa56WM5y+l9pX5GOC1F8=,mjs/dd0VkgTuaEH+QtuQZAwQ4Wc=
21,29,/QThY8dNa56WM5y+l9pX5GOC1F8=,tZZAG4Gap7+BZpvvHXjfDdkFpAw=
22,29,/QThY8dNa56WM5y+l9pX5GOC1F8=,tZZAG4Gap7+BZpvvHXjfDdkFpAw=
21,30,1fZviAD19gTj1w9MzZmOZkXTxNA=,lHfYhTI3MH3soiAGEECi4vc9WA0=
22,30,1fZviAD19gTj1w9MzZmOZkXTxNA=,lHfYhTI3MH3soiAGEECi4vc9WA0=
23,27,5jtT2ZfT734OlaMSTOfstUf49NU=,0Wfp22QLfsbGyysWVmqqLcwsrQI=
23,28,5jtT2ZfT734OlaMSTOfstUf49NU=,tZZAG4Gap7+BZpvvHXjfDdkFpAw=
23,29,5jtT2ZfT734OlaMSTOfstUf49NU=,tZZAG4Gap7+BZpvvHXjfDdkFpAw=
24,27,5jtT2ZfT734OlaMSTOfstUf49NU=,bCXRM+XDpsFqYN7s1dfllR8KBQA=
24,28,5jtT2ZfT734OlaMSTOfstUf49NU=,tZZAG4Gap7+BZpvvHXjfDdkFpAw=
26,27,5jtT2ZfT734OlaMSTOfstUf49NU=,RaCldyNGY5F9NIaSFb8UiO/yIWM=
25,28,5jtT2ZfT734OlaMSTOfstUf49NU=,tZZAG4Gap7+BZpvvHXjfDdkFpAw=
25,27,5jtT2ZfT734OlaMSTOfstUf49NU=,bCXRM+XDpsFqYN7s1dfllR8KBQA=
23,30,5jtT2ZfT734OlaMSTOfstUf49NU=,lHfYhTI3MH3soiAGEECi4vc9WA0=
26,28,5jtT2ZfT734OlaMSTOfstUf49NU=,tZZAG4Gap7+BZpvvHXjfDdkFpAw=
24,30,5jtT2ZfT734OlaMSTOfstUf49NU=,lHfYhTI3MH3soiAGEECi4vc9WA0=
24,29,5jtT2ZfT734OlaMSTOfstUf49NU=,tZZAG4Gap7+BZpvvHXjfDdkFpAw=
26,29,5jtT2ZfT734OlaMSTOfstUf49NU=,tZZAG4Gap7+BZpvvHXjfDdkFpAw=
25,30,5jtT2ZfT734OlaMSTOfstUf49NU=,lHfYhTI3MH3soiAGEECi4vc9WA0=
25,29,5jtT2ZfT734OlaMSTOfstUf49NU=,tZZAG4Gap7+BZpvvHXjfDdkFpAw=
26,30,5jtT2ZfT734OlaMSTOfstUf49NU=,lHfYhTI3MH3soiAGEECi4vc9WA0=
30,30,6Q5Dljrx9bWfJtAHAq9cfoieWoA=,lHfYhTI3MH3soiAGEECi4vc9WA0=
30,29,6Q5Dljrx9bWfJtAHAq9cfoieWoA=,tZZAG4Gap7+BZpvvHXjfDdkFpAw=
29,30,N7IwXB/2oDVRmmBueOHqYH1uDa0=,lHfYhTI3MH3soiAGEECi4vc9WA0=
28,29,N7IwXB/2oDVRmmBueOHqYH1uDa0=,tZZAG4Gap7+BZpvvHXjfDdkFpAw=
29,29,N7IwXB/2oDVRmmBueOHqYH1uDa0=,tZZAG4Gap7+BZpvvHXjfDdkFpAw=
28,30,N7IwXB/2oDVRmmBueOHqYH1uDa0=,lHfYhTI3MH3soiAGEECi4vc9WA0=
27,30,N7IwXB/2oDVRmmBueOHqYH1uDa0=,lHfYhTI3MH3soiAGEECi4vc9WA0=
27,29,N7IwXB/2oDVRmmBueOHqYH1uDa0=,tZZAG4Gap7+BZpvvHXjfDdkFpAw=
27,27,V25LXPdwZlqfoEPtRHWwsUM/xxE=,RaCldyNGY5F9NIaSFb8UiO/yIWM=
28,27,V25LXPdwZlqfoEPtRHWwsUM/xxE=,eznElHxpU4RFs+aZVQMpby5RARg=
27,28,V25LXPdwZlqfoEPtRHWwsUM/xxE=,tZZAG4Gap7+BZpvvHXjfDdkFpAw=
28,28,V25LXPdwZlqfoEPtRHWwsUM/xxE=,tZZAG4Gap7+BZpvvHXjfDdkFpAw=
29,27,V25LXPdwZlqfoEPtRHWwsUM/xxE=,eznElHxpU4RFs+aZVQMpby5RARg=
30,28,V25LXPdwZlqfoEPtRHWwsUM/xxE=,tZZAG4Gap7+BZpvvHXjfDdkFpAw=
28,24,V25LXPdwZlqfoEPtRHWwsUM/xxE=,aU1u7FImK8tRSq0OFjShIktM4rQ=
27,24,V25LXPdwZlqfoEPtRHWwsUM/xxE=,W3bxzuJaeb6H/c2y5P0hYClcfM8=
28,26,V25LXPdwZlqfoEPtRHWwsUM/xxE=,eznElHxpU4RFs+aZVQMpby5RARg=
28,23,V25LXPdwZlqfoEPtRHWwsUM/xxE=,LnsIRd5Wfr5HDs6KynIUlQj4fZc=
30,27,V25LXPdwZlqfoEPtRHWwsUM/xxE=,tZZAG4Gap7+BZpvvHXjfDdkFpAw=
27,26,V25LXPdwZlqfoEPtRHWwsUM/xxE=,RaCldyNGY5F9NIaSFb8UiO/yIWM=
27,23,V25LXPdwZlqfoEPtRHWwsUM/xxE=,c+p82faGj1u6ThQ1B8zbf1bSp1g=
29,28,V25LXPdwZlqfoEPtRHWwsUM/xxE=,tZZAG4Gap7+BZpvvHXjfDdkFpAw=
27,25,V25LXPdwZlqfoEPtRHWwsUM/xxE=,W3bxzuJaeb6H/c2y5P0hYClcfM8=
28,25,V25LXPdwZlqfoEPtRHWwsUM/xxE=,aU1u7FImK8tRSq0OFjShIktM4rQ=
29,26,V25LXPdwZlqfoEPtRHWwsUM/xxE=,eznElHxpU4RFs+aZVQMpby5RARg=
29,25,V25LXPdwZlqfoEPtRHWwsUM/xxE=,aU1u7FImK8tRSq0OFjShIktM4rQ=
30,25,qXDcPj8XE5+1X0iNfpSRCoeuXeM=,tZZAG4Gap7+BZpvvHXjfDdkFpAw=
30,26,qXDcPj8XE5+1X0iNfpSRCoeuXeM=,tZZAG4Gap7+BZpvvHXjfDdkFpAw=
30,21,qXDcPj8XE5+1X0iNfpSRCoeuXeM=,tZZAG4Gap7+BZpvvHXjfDdkFpAw=
31,21,qXDcPj8XE5+1X0iNfpSRCoeuXeM=,tZZAG4Gap7+BZpvvHXjfDdkFpAw=
30,23,qXDcPj8XE5+1X0iNfpSRCoeuXeM=,tZZAG4Gap7+BZpvvHXjfDdkFpAw=
30,20,qXDcPj8XE5+1X0iNfpSRCoeuXeM=,tZZAG4Gap7+BZpvvHXjfDdkFpAw=
29,20,qXDcPj8XE5+1X0iNfpSRCoeuXeM=,IJNde9TY7oLIn9r9YiSVIBZ+KMw=
29,24,yS629Iu6wgrC1LA3eipal6L6N3w=,aU1u7FImK8tRSq0OFjShIktM4rQ=
30,19,yS629Iu6wgrC1LA3eipal6L6N3w=,tZZAG4Gap7+BZpvvHXjfDdkFpAw=
30,24,yS629Iu6wgrC1LA3eipal6L6N3w=,tZZAG4Gap7+BZpvvHXjfDdkFpAw=
29,19,yS629Iu6wgrC1LA3eipal6L6N3w=,nxAsowAXOTI+tXR5LFVOodPr/z4=
31,22,yS629Iu6wgrC1LA3eipal6L6N3w=,tZZAG4Gap7+BZpvvHXjfDdkFpAw=
29,23,yS629Iu6wgrC1LA3eipal6L6N3w=,LnsIRd5Wfr5HDs6KynIUlQj4fZc=
29,21,yS629Iu6wgrC1LA3eipal6L6N3w=,IJNde9TY7oLIn9r9YiSVIBZ+KMw=
30,22,yS629Iu6wgrC1LA3eipal6L6N3w=,tZZAG4Gap7+BZpvvHXjfDdkFpAw=
31,20,yS629Iu6wgrC1LA3eipal6L6N3w=,tZZAG4Gap7+BZpvvHXjfDdkFpAw=
29,22,yS629Iu6wgrC1LA3eipal6L6N3w=,LnsIRd5Wfr5HDs6KynIUlQj4fZc=
31,19,yS629Iu6wgrC1LA3eipal6L6N3w=,tZZAG4Gap7+BZpvvHXjfDdkFpAw=
31,23,yS629Iu6wgrC1LA3eipal6L6N3w=,tZZAG4Gap7+BZpvvHXjfDdkFpAw=
31,24,yS629Iu6wgrC1LA3eipal6L6N3w=,tZZAG4Gap7+BZpvvHXjfDdkFpAw=
31,17,yS629Iu6wgrC1LA3eipal6L6N3w=,tZZAG4Gap7+BZpvvHXjfDdkFpAw=
31,18,yS629Iu6wgrC1LA3eipal6L6N3w=,tZZAG4Gap7+BZpvvHXjfDdkFpAw=
31,28,yS629Iu6wgrC1LA3eipal6L6N3w=,tZZAG4Gap7+BZpvvHXjfDdkFpAw=
31,29,yS629Iu6wgrC1LA3eipal6L6N3w=,tZZAG4Gap7+BZpvvHXjfDdkFpAw=
31,30,yS629Iu6wgrC1LA3eipal6L6N3w=,lHfYhTI3MH3soiAGEECi4vc9WA0=
31,26,yS629Iu6wgrC1LA3eipal6L6N3w=,tZZAG4Gap7+BZpvvHXjfDdkFpAw=
31,25,yS629Iu6wgrC1LA3eipal6L6N3w=,tZZAG4Gap7+BZpvvHXjfDdkFpAw=
31,27,yS629Iu6wgrC1LA3eipal6L6N3w=,tZZAG4Gap7+BZpvvHXjfDdkFpAw=
29,31,glsasTlPqDCKlzJmDMgXnJGLT/Y=,lHfYhTI3MH3soiAGEECi4vc9WA0=
30,31,glsasTlPqDCKlzJmDMgXnJGLT/Y=,lHfYhTI3MH3soiAGEECi4vc9WA0=
28,31,glsasTlPqDCKlzJmDMgXnJGLT/Y=,lHfYhTI3MH3soiAGEECi4vc9WA0=
27,31,glsasTlPqDCKlzJmDMgXnJGLT/Y=,lHfYhTI3MH3soiAGEECi4vc9WA0=
25,31,glsasTlPqDCKlzJmDMgXnJGLT/Y=,lHfYhTI3MH3soiAGEECi4vc9WA0=
24,31,glsasTlPqDCKlzJmDMgXnJGLT/Y=,lHfYhTI3MH3soiAGEECi4vc9WA0=
23,31,glsasTlPqDCKlzJmDMgXnJGLT/Y=,lHfYhTI3MH3soiAGEECi4vc9WA0=
26,31,glsasTlPqDCKlzJmDMgXnJGLT/Y=,lHfYhTI3MH3soiAGEECi4vc9WA0=
22,31,8MDSfX9IU9w98kNQr4TujnwW5+M=,lHfYhTI3MH3soiAGEECi4vc9WA0=
21,31,8MDSfX9IU9w98kNQr4TujnwW5+M=,lHfYhTI3MH3soiAGEECi4vc9WA0=
17,29,8MDSfX9IU9w98kNQr4TujnwW5+M=,tZZAG4Gap7+BZpvvHXjfDdkFpAw=
18,29,8MDSfX9IU9w98kNQr4TujnwW5+M=,tZZAG4Gap7+BZpvvHXjfDdkFpAw=
20,29,8MDSfX9IU9w98kNQr4TujnwW5+M=,tZZAG4Gap7+BZpvvHXjfDdkFpAw=
19,29,8MDSfX9IU9w98kNQr4TujnwW5+M=,tZZAG4Gap7+BZpvvHXjfDdkFpAw=
17,30,8MDSfX9IU9w98kNQr4TujnwW5+M=,lHfYhTI3MH3soiAGEECi4vc9WA0=
20,31,8MDSfX9IU9w98kNQr4TujnwW5+M=,lHfYhTI3MH3soiAGEECi4vc9WA0=
19,31,8MDSfX9IU9w98kNQr4TujnwW5+M=,lHfYhTI3MH3soiAGEECi4vc9WA0=
18,30,8MDSfX9IU9w98kNQr4TujnwW5+M=,lHfYhTI3MH3soiAGEECi4vc9WA0=
20,30,8MDSfX9IU9w98kNQr4TujnwW5+M=,lHfYhTI3MH3soiAGEECi4vc9WA0=
17,31,MDoD/JOtI0uaZGJtJq3kFRbsUrM=,lHfYhTI3MH3soiAGEECi4vc9WA0=
19,30,MDoD/JOtI0uaZGJtJq3kFRbsUrM=,lHfYhTI3MH3soiAGEECi4vc9WA0=
18,31,MDoD/JOtI0uaZGJtJq3kFRbsUrM=,lHfYhTI3MH3soiAGEECi4vc9WA0=
16,30,MDoD/JOtI0uaZGJtJq3kFRbsUrM=,lHfYhTI3MH3soiAGEECi4vc9WA0=
16,29,MDoD/JOtI0uaZGJtJq3kFRbsUrM=,tZZAG4Gap7+BZpvvHXjfDdkFpAw=
16,25,MDoD/JOtI0uaZGJtJq3kFRbsUrM=,WzWusvYTurLpxXwfGLolhxDRt9k=
16,27,MDoD/JOtI0uaZGJtJq3kFRbsUrM=,1lUP9Pj3v1ASyo/B5rQJTc9sgDk=
16,28,MDoD/JOtI0uaZGJtJq3kFRbsUrM=,tZZAG4Gap7+BZpvvHXjfDdkFpAw=
16,24,MDoD/JOtI0uaZGJtJq3kFRbsUrM=,WzWusvYTurLpxXwfGLolhxDRt9k=
16,26,bKMp9c/CPRj9+2GWRFUcXGve1i8=,1lUP9Pj3v1ASyo/B5rQJTc9sgDk=
16,23,bKMp9c/CPRj9+2GWRFUcXGve1i8=,DnSTOPj79QNoIompL2tFyJUz9M8=
16,20,bKMp9c/CPRj9+2GWRFUcXGve1i8=,DRyjFDmRQc4FOto8iX0kM8fiDwI=
16,19,bKMp9c/CPRj9+2GWRFUcXGve1i8=,IURMxuJytaFZgnn8Yd+Giewn9Gc=
16,21,bKMp9c/CPRj9+2GWRFUcXGve1i8=,DRyjFDmRQc4FOto8iX0kM8fiDwI=
16,22,bKMp9c/CPRj9+2GWRFUcXGve1i8=,DnSTOPj79QNoIompL2tFyJUz9M8=
16,18,gUhdK48IukWKwzEsM0Woi6pNmX0=,IURMxuJytaFZgnn8Yd+Giewn9Gc=
16,17,gUhdK48IukWKwzEsM0Woi6pNmX0=,XhV1a/DNLLZiKrweT2uCBn4PWY4=
18,16,gUhdK48IukWKwzEsM0Woi6pNmX0=,A7eFh67nZuIFKur/sYAzxhHsH3k=
17,16,gUhdK48IukWKwzEsM0Woi6pNmX0=,XhV1a/DNLLZiKrweT2uCBn4PWY4=
31,31,gUhdK48IukWKwzEsM0Woi6pNmX0=,lHfYhTI3MH3soiAGEECi4vc9WA0=
16,16,gUhdK48IukWKwzEsM0Woi6pNmX0=,XhV1a/DNLLZiKrweT2uCBn4PWY4=
31,16,gUhdK48IukWKwzEsM0Woi6pNmX0=,tZZAG4Gap7+BZpvvHXjfDdkFpAw=
16,31,gUhdK48IukWKwzEsM0Woi6pNmX0=,lHfYhTI3MH3soiAGEECi4vc9WA0=
29,2,dUz9N8Acx6SI3GWGTN9kwtAucw8=,Y26miUQb9pIoUrmJJpl2z1eHGwY=
29,1,dUz9N8Acx6SI3GWGTN9kwtAucw8=,pDPX0iNM9zcEeisUx5o+b4zeLCw=
30,1,dUz9N8Acx6SI3GWGTN9kwtAucw8=,tZZAG4Gap7+BZpvvHXjfDdkFpAw=
30,2,dUz9N8Acx6SI3GWGTN9kwtAucw8=,tZZAG4Gap7+BZpvvHXjfDdkFpAw=
28,1,MaqYvOea2g0LSPCCSp1DOMdTGCQ=,pDPX0iNM9zcEeisUx5o+b4zeLCw=
28,2,MaqYvOea2g0LSPCCSp1DOMdTGCQ=,Y26miUQb9pIoUrmJJpl2z1eHGwY=
27,1,MaqYvOea2g0LSPCCSp1DOMdTGCQ=,zLa9KH7fo52zVMTwcm9uEIZNV3E=
27,2,MaqYvOea2g0LSPCCSp1DOMdTGCQ=,z918kzP1wJ0AXr0YBom1I0cntsQ=
25,2,Lc2GXt+T3ZdrP3akzHK+73MedFA=,2eIWwllvJwVxzCrW90dTx6P/uUY=
26,2,Lc2GXt+T3ZdrP3akzHK+73MedFA=,z918kzP1wJ0AXr0YBom1I0cntsQ=
26,1,Lc2GXt+T3ZdrP3akzHK+73MedFA=,zLa9KH7fo52zVMTwcm9uEIZNV3E=
25,1,Lc2GXt+T3ZdrP3akzHK+73MedFA=,2UbATKWnmcLjMh98uxzJp2ny23I=
24,1,MfvwaMuzt+vql0LyPePWs9ocldM=,2UbATKWnmcLjMh98uxzJp2ny23I=
24,2,MfvwaMuzt+vql0LyPePWs9ocldM=,2eIWwllvJwVxzCrW90dTx6P/uUY=
23,1,MfvwaMuzt+vql0LyPePWs9ocldM=,/6blTp6gz41mO6UAKqBeGErKM/8=
23,2,MfvwaMuzt+vql0LyPePWs9ocldM=,kCLgDSP0GabTi7CTzbRw5l75G0Y=
22,1,VkwBo77A7EdL9/DZb+89u9anoJ8=,/6blTp6gz41mO6UAKqBeGErKM/8=
21,1,VkwBo77A7EdL9/DZb+89u9anoJ8=,vAVq8piGUIldBaq4qnWExLg1ZDU=
21,2,VkwBo77A7EdL9/DZb+89u9anoJ8=,bNU2oRSBRgoc5KpF/XquB8uJ/Dw=
22,2,VkwBo77A7EdL9/DZb+89u9anoJ8=,kCLgDSP0GabTi7CTzbRw5l75G0Y=
21,3,zY7UBxCtjvSOEErAz39hyiYTDx4=,bNU2oRSBRgoc5KpF/XquB8uJ/Dw=
21,4,zY7UBxCtjvSOEErAz39hyiYTDx4=,RoEy2LV+q+QipA2tiBZ6KYQ+RuQ=
22,3,zY7UBxCtjvSOEErAz39hyiYTDx4=,kCLgDSP0GabTi7CTzbRw5l75G0Y=
22,4,zY7UBxCtjvSOEErAz39hyiYTDx4=,kCLgDSP0GabTi7CTzbRw5l75G0Y=
21,6,zY7UBxCtjvSOEErAz39hyiYTDx4=,9dA1jwY0OGwFiornwDURmDFZtQg=
22,6,GngPd42QW2l2vcrSpulJey+bwBw=,hIOIpiOF6XdJ32YSoz0Q3npzFJk=
21,5,GngPd42QW2l2vcrSpulJey+bwBw=,RoEy2LV+q+QipA2tiBZ6KYQ+RuQ=
22,5,GngPd42QW2l2vcrSpulJey+bwBw=,kCLgDSP0GabTi7CTzbRw5l75G0Y=
22,7,GngPd42QW2l2vcrSpulJey+bwBw=,hIOIpiOF6XdJ32YSoz0Q3npzFJk=
21,7,GngPd42QW2l2vcrSpulJey+bwBw=,9dA1jwY0OGwFiornwDURmDFZtQg=
22,8,jB/ml2GM9sw2qoOyLR0qGVkEC2M=,TlkTTKXnW+5/l9iABAmgy13Oq3w=
21,8,jB/ml2GM9sw2qoOyLR0qGVkEC2M=,WvAGQ27eRnzUbNTZ5nKZaz18Fwg=
22,10,8xuUGcHPX5c62gwuvJetUU0euD4=,VPteYbIEikxzN6SphDBtL1lhbUc=
22,9,8xuUGcHPX5c62gwuvJetUU0euD4=,TlkTTKXnW+5/l9iABAmgy13Oq3w=
21,10,8xuUGcHPX5c62gwuvJetUU0euD4=,tTMB68s7J6mtp9bRt0vK342yDsI=
21,9,8xuUGcHPX5c62gwuvJetUU0euD4=,WvAGQ27eRnzUbNTZ5nKZaz18Fwg=
22,12,kjQ9gcJnQn3HsaiMIBQVCotpvrA=,xlRD857QMRN4w01aav1abhVKTlg=
22,11,kjQ9gcJnQn3HsaiMIBQVCotpvrA=,VPteYbIEikxzN6SphDBtL1lhbUc=
21,11,kjQ9gcJnQn3HsaiMIBQVCotpvrA=,tTMB68s7J6mtp9bRt0vK342yDsI=
21,12,kjQ9gcJnQn3HsaiMIBQVCotpvrA=,R5m6IvepCWU1yDArkkYdHxvdcLI=
23,12,ITsGFIQBDCZpnnIt3Db/CAJDMWg=,xlRD857QMRN4w01aav1abhVKTlg=
24,11,ITsGFIQBDCZpnnIt3Db/CAJDMWg=,QvaKrZc6GfZhbOS2RbabUIrxk2Y=
23,11,ITsGFIQBDCZpnnIt3Db/CAJDMWg=,VPteYbIEikxzN6SphDBtL1lhbUc=
24,12,ITsGFIQBDCZpnnIt3Db/CAJDMWg=,AAZDrXZNpZoFQiE+ZuegI4exK3M=
25,11,jiwSfUVGMaIDExOZrpFiQR7jJG4=,QvaKrZc6GfZhbOS2RbabUIrxk2Y=
25,12,jiwSfUVGMaIDExOZrpFiQR7jJG4=,AAZDrXZNpZoFQiE+ZuegI4exK3M=
26,11,jiwSfUVGMaIDExOZrpFiQR7jJG4=,srFNdcnk+A6sijxgWNpWw6cIj90=
26,12,jiwSfUVGMaIDExOZrpFiQR7jJG4=,C7NGNf7OOowbrINU9Sjg8eEZmhQ=
26,14,jiwSfUVGMaIDExOZrpFiQR7jJG4=,Bi4WveGK6mCO7gJvxm9pk4dahtQ=
26,13,jiwSfUVGMaIDExOZrpFiQR7jJG4=,C7NGNf7OOowbrINU9Sjg8eEZmhQ=
25,14,jiwSfUVGMaIDExOZrpFiQR7jJG4=,leAD84aaTRiqlK30cdASZ5I+o8M=
25,13,jiwSfUVGMaIDExOZrpFiQR7jJG4=,AAZDrXZNpZoFQiE+ZuegI4exK3M=
27,7,RDiLj7+SR6ybgUY3ujiTER8QO5E=,HvpEjvNo8d0qbetes9qGbmtun4E=
27,8,XYgWcFpmzn0EvwN52l6S0Si1qOg=,srFNdcnk+A6sijxgWNpWw6cIj90=
28,8,XYgWcFpmzn0EvwN52l6S0Si1qOg=,bbrAO/yUB4UUK4z8hY4Rp3aqUzY=
28,7,XYgWcFpmzn0EvwN52l6S0Si1qOg=,dGvbWlS6P1cWefvx956u2y/wQ2k=
23,10,XYgWcFpmzn0EvwN52l6S0Si1qOg=,VPteYbIEikxzN6SphDBtL1lhbUc=
24,10,XYgWcFpmzn0EvwN52l6S0Si1qOg=,QvaKrZc6GfZhbOS2RbabUIrxk2Y=
25,10,XYgWcFpmzn0EvwN52l6S0Si1qOg=,QvaKrZc6GfZhbOS2RbabUIrxk2Y=
25,9,XYgWcFpmzn0EvwN52l6S0Si1qOg=,SL0AmSIOwnF+Rt4KC23IipyQK7Q=
24,9,XYgWcFpmzn0EvwN52l6S0Si1qOg=,SL0AmSIOwnF+Rt4KC23IipyQK7Q=
23,9,XYgWcFpmzn0EvwN52l6S0Si1qOg=,TlkTTKXnW+5/l9iABAmgy13Oq3w=
26,9,qqJK8G9oM00SxBov03cItcziI8A=,srFNdcnk+A6sijxgWNpWw6cIj90=
26,10,qqJK8G9oM00SxBov03cItcziI8A=,srFNdcnk+A6sijxgWNpWw6cIj90=
23,7,qqJK8G9oM00SxBov03cItcziI8A=,hIOIpiOF6XdJ32YSoz0Q3npzFJk=
23,8,qqJK8G9oM00SxBov03cItcziI8A=,TlkTTKXnW+5/l9iABAmgy13Oq3w=
26,8,qqJK8G9oM00SxBov03cItcziI8A=,srFNdcnk+A6sijxgWNpWw6cIj90=
24,8,qqJK8G9oM00SxBov03cItcziI8A=,SL0AmSIOwnF+Rt4KC23IipyQK7Q=
25,8,qqJK8G9oM00SxBov03cItcziI8A=,SL0AmSIOwnF+Rt4KC23IipyQK7Q=
26,7,qqJK8G9oM00SxBov03cItcziI8A=,HvpEjvNo8d0qbetes9qGbmtun4E=
24,7,qqJK8G9oM00SxBov03cItcziI8A=,ADDMQrVExy7j7tUITyBeeOWBeyI=
25,7,qqJK8G9oM00SxBov03cItcziI8A=,ADDMQrVExy7j7tUITyBeeOWBeyI=
28,5,qqJK8G9oM00SxBov03cItcziI8A=,7B5fY3gjdnz/mdMwUaSnvr0ndas=
27,4,qqJK8G9oM00SxBov03cItcziI8A=,YCc9v42y2pd9Hz7fFUTrv6WOryM=
28,4,qqJK8G9oM00SxBov03cItcziI8A=,7B5fY3gjdnz/mdMwUaSnvr0ndas=
27,6,qqJK8G9oM00SxBov03cItcziI8A=,HvpEjvNo8d0qbetes9qGbmtun4E=
27,5,qqJK8G9oM00SxBov03cItcziI8A=,YCc9v42y2pd9Hz7fFUTrv6WOryM=
28,3,qqJK8G9oM00SxBov03cItcziI8A=,Y26miUQb9pIoUrmJJpl2z1eHGwY=
27,3,qqJK8G9oM00SxBov03cItcziI8A=,z918kzP1wJ0AXr0YBom1I0cntsQ=
28,6,/ei2amY7+cl4c93fbyzGr1H7xfY=,dGvbWlS6P1cWefvx956u2y/wQ2k=
26,4,5iYKEbLV92D9SVkmaZnpbYE2m+4=,YCc9v42y2pd9Hz7fFUTrv6WOryM=
24,3,5iYKEbLV92D9SVkmaZnpbYE2m+4=,2eIWwllvJwVxzCrW90dTx6P/uUY=
26,3,5iYKEbLV92D9SVkmaZnpbYE2m+4=,z918kzP1wJ0AXr0YBom1I0cntsQ=
25,3,5iYKEbLV92D9SVkmaZnpbYE2m+4=,2eIWwllvJwVxzCrW90dTx6P/uUY=
24,6,5iYKEbLV92D9SVkmaZnpbYE2m+4=,ADDMQrVExy7j7tUITyBeeOWBeyI=
26,6,5iYKEbLV92D9SVkmaZnpbYE2m+4=,HvpEjvNo8d0qbetes9qGbmtun4E=
25,4,5iYKEbLV92D9SVkmaZnpbYE2m+4=,z/Y8LaopTKnN2xcX1XBd9grkhmE=
25,5,5iYKEbLV92D9SVkmaZnpbYE2m+4=,z/Y8LaopTKnN2xcX1XBd9grkhmE=
23,6,5iYKEbLV92D9SVkmaZnpbYE2m+4=,hIOIpiOF6XdJ32YSoz0Q3npzFJk=
26,5,5iYKEbLV92D9SVkmaZnpbYE2m+4=,YCc9v42y2pd9Hz7fFUTrv6WOryM=
25,6,5iYKEbLV92D9SVkmaZnpbYE2m+4=,ADDMQrVExy7j7tUITyBeeOWBeyI=
29,5,5iYKEbLV92D9SVkmaZnpbYE2m+4=,7B5fY3gjdnz/mdMwUaSnvr0ndas=
24,4,5iYKEbLV92D9SVkmaZnpbYE2m+4=,z/Y8LaopTKnN2xcX1XBd9grkhmE=
24,5,5iYKEbLV92D9SVkmaZnpbYE2m+4=,z/Y8LaopTKnN2xcX1XBd9grkhmE=
23,4,5iYKEbLV92D9SVkmaZnpbYE2m+4=,kCLgDSP0GabTi7CTzbRw5l75G0Y=
29,3,5iYKEbLV92D9SVkmaZnpbYE2m+4=,Y26miUQb9pIoUrmJJpl2z1eHGwY=
29,4,5iYKEbLV92D9SVkmaZnpbYE2m+4=,7B5fY3gjdnz/mdMwUaSnvr0ndas=
23,3,5iYKEbLV92D9SVkmaZnpbYE2m+4=,kCLgDSP0GabTi7CTzbRw5l75G0Y=
23,5,5iYKEbLV92D9SVkmaZnpbYE2m+4=,kCLgDSP0GabTi7CTzbRw5l75G0Y=
30,3,5iYKEbLV92D9SVkmaZnpbYE2m+4=,tZZAG4Gap7+BZpvvHXjfDdkFpAw=
30,4,5iYKEbLV92D9SVkmaZnpbYE2m+4=,tZZAG4Gap7+BZpvvHXjfDdkFpAw=
29,6,sdPCo6cAT4ciFKybUBYPldo7n8c=,dGvbWlS6P1cWefvx956u2y/wQ2k=
30,5,sdPCo6cAT4ciFKybUBYPldo7n8c=,tZZAG4Gap7+BZpvvHXjfDdkFpAw=
30,6,sdPCo6cAT4ciFKybUBYPldo7n8c=,tZZAG4Gap7+BZpvvHXjfDdkFpAw=
29,7,SNfhPp4sDCGqy+yvEtEut42i9/I=,dGvbWlS6P1cWefvx956u2y/wQ2k=
29,8,SNfhPp4sDCGqy+yvEtEut42i9/I=,bbrAO/yUB4UUK4z8hY4Rp3aqUzY=
30,8,3UpKOsliVU+fI/jYCOhcQIzCgdE=,tZZAG4Gap7+BZpvvHXjfDdkFpAw=
30,7,3UpKOsliVU+fI/jYCOhcQIzCgdE=,tZZAG4Gap7+BZpvvHXjfDdkFpAw=
27,9,jkVqgRNt7NarPbcCeLZRjH/NpME=,srFNdcnk+A6sijxgWNpWw6cIj90=
27,12,jkVqgRNt7NarPbcCeLZRjH/NpME=,C7NGNf7OOowbrINU9Sjg8eEZmhQ=
27,10,jkVqgRNt7NarPbcCeLZRjH/NpME=,srFNdcnk+A6sijxgWNpWw6cIj90=
27,11,jkVqgRNt7NarPbcCeLZRjH/NpME=,srFNdcnk+A6sijxgWNpWw6cIj90=
28,10,jkVqgRNt7NarPbcCeLZRjH/NpME=,FyYMtiTb2OwTcde9hD1gWMYBFBc=
28,9,4WOLOXffEsQB1sY//p5/myqIm7I=,bbrAO/yUB4UUK4z8hY4Rp3aqUzY=
30,9,4WOLOXffEsQB1sY//p5/myqIm7I=,tZZAG4Gap7+BZpvvHXjfDdkFpAw=
29,9,4WOLOXffEsQB1sY//p5/myqIm7I=,bbrAO/yUB4UUK4z8hY4Rp3aqUzY=
30,10,4WOLOXffEsQB1sY//p5/myqIm7I=,tZZAG4Gap7+BZpvvHXjfDdkFpAw=
28,12,4WOLOXffEsQB1sY//p5/myqIm7I=,K+PecHCR5iSDNAyqwvo0mJbcgGE=
29,10,4WOLOXffEsQB1sY//p5/myqIm7I=,FyYMtiTb2OwTcde9hD1gWMYBFBc=
28,11,4WOLOXffEsQB1sY//p5/myqIm7I=,FyYMtiTb2OwTcde9hD1gWMYBFBc=
29,12,vJGOLWIfjlC6Mq1UIvq2v8JaEr0=,K+PecHCR5iSDNAyqwvo0mJbcgGE=
30,12,vJGOLWIfjlC6Mq1UIvq2v8JaEr0=,tZZAG4Gap7+BZpvvHXjfDdkFpAw=
29,11,vJGOLWIfjlC6Mq1UIvq2v8JaEr0=,FyYMtiTb2OwTcde9hD1gWMYBFBc=
30,11,vJGOLWIfjlC6Mq1UIvq2v8JaEr0=,tZZAG4Gap7+BZpvvHXjfDdkFpAw=
27,14,vJGOLWIfjlC6Mq1UIvq2v8JaEr0=,Bi4WveGK6mCO7gJvxm9pk4dahtQ=
27,13,vJGOLWIfjlC6Mq1UIvq2v8JaEr0=,C7NGNf7OOowbrINU9Sjg8eEZmhQ=
28,14,YsIT4XWdlHB/MGqrgk0ZUsxuklU=,K+PecHCR5iSDNAyqwvo0mJbcgGE=
28,13,YsIT4XWdlHB/MGqrgk0ZUsxuklU=,K+PecHCR5iSDNAyqwvo0mJbcgGE=
29,14,YsIT4XWdlHB/MGqrgk0ZUsxuklU=,K+PecHCR5iSDNAyqwvo0mJbcgGE=
29,13,YsIT4XWdlHB/MGqrgk0ZUsxuklU=,K+PecHCR5iSDNAyqwvo0mJbcgGE=
30,14,YsIT4XWdlHB/MGqrgk0ZUsxuklU=,tZZAG4Gap7+BZpvvHXjfDdkFpAw=
30,13,YsIT4XWdlHB/MGqrgk0ZUsxuklU=,tZZAG4Gap7+BZpvvHXjfDdkFpAw=
28,15,YsIT4XWdlHB/MGqrgk0ZUsxuklU=,K+PecHCR5iSDNAyqwvo0mJbcgGE=
27,15,YsIT4XWdlHB/MGqrgk0ZUsxuklU=,Bi4WveGK6mCO7gJvxm9pk4dahtQ=
29,15,YsIT4XWdlHB/MGqrgk0ZUsxuklU=,K+PecHCR5iSDNAyqwvo0mJbcgGE=
31,13,YsIT4XWdlHB/MGqrgk0ZUsxuklU=,tZZAG4Gap7+BZpvvHXjfDdkFpAw=
30,15,YsIT4XWdlHB/MGqrgk0ZUsxuklU=,tZZAG4Gap7+BZpvvHXjfDdkFpAw=
31,14,YsIT4XWdlHB/MGqrgk0ZUsxuklU=,tZZAG4Gap7+BZpvvHXjfDdkFpAw=
26,15,chXtwtqsmh96eKUKKO2/67pyNgU=,Bi4WveGK6mCO7gJvxm9pk4dahtQ=
25,15,chXtwtqsmh96eKUKKO2/67pyNgU=,leAD84aaTRiqlK30cdASZ5I+o8M=
22,13,repIeqW6w4jFcqQrEKiANJjl6GA=,xlRD857QMRN4w01aav1abhVKTlg=
24,14,repIeqW6w4jFcqQrEKiANJjl6GA=,leAD84aaTRiqlK30cdASZ5I+o8M=
24,13,repIeqW6w4jFcqQrEKiANJjl6GA=,AAZDrXZNpZoFQiE+ZuegI4exK3M=
23,13,repIeqW6w4jFcqQrEKiANJjl6GA=,xlRD857QMRN4w01aav1abhVKTlg=
22,14,repIeqW6w4jFcqQrEKiANJjl6GA=,lD124QOcut70h8fj6ImJEJXP14Y=
23,14,repIeqW6w4jFcqQrEKiANJjl6GA=,lD124QOcut70h8fj6ImJEJXP14Y=
21,14,repIeqW6w4jFcqQrEKiANJjl6GA=,un7tj3xEHsFXJXKthu9154FViYM=
21,13,repIeqW6w4jFcqQrEKiANJjl6GA=,R5m6IvepCWU1yDArkkYdHxvdcLI=
20,13,repIeqW6w4jFcqQrEKiANJjl6GA=,R5m6IvepCWU1yDArkkYdHxvdcLI=
20,14,repIeqW6w4jFcqQrEKiANJjl6GA=,un7tj3xEHsFXJXKthu9154FViYM=
19,13,fzs9D5t/J0SHfQQ1aKcSEElqRCI=,9Pd4uP9VnAf9V8LqK9zsseXmspI=
19,14,fzs9D5t/J0SHfQQ1aKcSEElqRCI=,YqpyJAsHmpo0udgF8W3q+fUTm2s=
17,13,hB8ZhcK8yFewzQp+9qqI/Mkpvco=,vExq40+a5g6c+QIvi30YRY/e4DE=
17,14,hB8ZhcK8yFewzQp+9qqI/Mkpvco=,4y0YmDSOWgLVcalFGAdNNlexGxw=
20,12,hB8ZhcK8yFewzQp+9qqI/Mkpvco=,R5m6IvepCWU1yDArkkYdHxvdcLI=
18,14,hB8ZhcK8yFewzQp+9qqI/Mkpvco=,YqpyJAsHmpo0udgF8W3q+fUTm2s=
20,11,hB8ZhcK8yFewzQp+9qqI/Mkpvco=,tTMB68s7J6mtp9bRt0vK342yDsI=
19,12,hB8ZhcK8yFewzQp+9qqI/Mkpvco=,9Pd4uP9VnAf9V8LqK9zsseXmspI=
18,13,hB8ZhcK8yFewzQp+9qqI/Mkpvco=,9Pd4uP9VnAf9V8LqK9zsseXmspI=
19,11,hB8ZhcK8yFewzQp+9qqI/Mkpvco=,xWkufc/EKdKDs5AufWHqdL/7XEU=
17,11,hB8ZhcK8yFewzQp+9qqI/Mkpvco=,bj9ODVazp+5Ti18fN3WAlwIDD2o=
18,11,hB8ZhcK8yFewzQp+9qqI/Mkpvco=,xWkufc/EKdKDs5AufWHqdL/7XEU=
17,12,hB8ZhcK8yFewzQp+9qqI/Mkpvco=,vExq40+a5g6c+QIvi30YRY/e4DE=
18,12,hB8ZhcK8yFewzQp+9qqI/Mkpvco=,9Pd4uP9VnAf9V8LqK9zsseXmspI=
19,10,Htw3wK79mWCZHtx9g0CDq+cfXDc=,xWkufc/EKdKDs5AufWHqdL/7XEU=
18,9,Htw3wK79mWCZHtx9g0CDq+cfXDc=,W+VU174JyxOGClyOQ1VEcTHyJ98=
20,10,Htw3wK79mWCZHtx9g0CDq+cfXDc=,tTMB68s7J6mtp9bRt0vK342yDsI=
17,10,Htw3wK79mWCZHtx9g0CDq+cfXDc=,bj9ODVazp+5Ti18fN3WAlwIDD2o=
17,9,Htw3wK79mWCZHtx9g0CDq+cfXDc=,OEVNIDtIWp7erjDh8FcDq3MmclU=
19,9,Htw3wK79mWCZHtx9g0CDq+cfXDc=,W+VU174JyxOGClyOQ1VEcTHyJ98=
20,9,Htw3wK79mWCZHtx9g0CDq+cfXDc=,WvAGQ27eRnzUbNTZ5nKZaz18Fwg=
18,10,Htw3wK79mWCZHtx9g0CDq+cfXDc=,xWkufc/EKdKDs5AufWHqdL/7XEU=
20,7,Htw3wK79mWCZHtx9g0CDq+cfXDc=,9dA1jwY0OGwFiornwDURmDFZtQg=
19,7,Htw3wK79mWCZHtx9g0CDq+cfXDc=,y8IaxIbRK4a3SQ6J8S8ELK4KnWY=
20,8,Htw3wK79mWCZHtx9g0CDq+cfXDc=,WvAGQ27eRnzUbNTZ5nKZaz18Fwg=
19,8,9M2FVo1HvGHpFqFb9jkC2NSKcJs=,W+VU174JyxOGClyOQ1VEcTHyJ98=
17,8,9M2FVo1HvGHpFqFb9jkC2NSKcJs=,OEVNIDtIWp7erjDh8FcDq3MmclU=
17,7,9M2FVo1HvGHpFqFb9jkC2NSKcJs=,OEVNIDtIWp7erjDh8FcDq3MmclU=
18,8,9M2FVo1HvGHpFqFb9jkC2NSKcJs=,W+VU174JyxOGClyOQ1VEcTHyJ98=
18,7,9M2FVo1HvGHpFqFb9jkC2NSKcJs=,y8IaxIbRK4a3SQ6J8S8ELK4KnWY=
19,5,dT1L3jfnlXOTkFri2eAYYRfDDHY=,ASma5265a0cR4Oa4RyViB/gYXDM=
18,5,dT1L3jfnlXOTkFri2eAYYRfDDHY=,ASma5265a0cR4Oa4RyViB/gYXDM=
17,6,dT1L3jfnlXOTkFri2eAYYRfDDHY=,OEVNIDtIWp7erjDh8FcDq3MmclU=
18,6,dT1L3jfnlXOTkFri2eAYYRfDDHY=,y8IaxIbRK4a3SQ6J8S8ELK4KnWY=
19,4,dT1L3jfnlXOTkFri2eAYYRfDDHY=,ASma5265a0cR4Oa4RyViB/gYXDM=
19,3,dT1L3jfnlXOTkFri2eAYYRfDDHY=,ASma5265a0cR4Oa4RyViB/gYXDM=
19,6,dT1L3jfnlXOTkFri2eAYYRfDDHY=,y8IaxIbRK4a3SQ6J8S8ELK4KnWY=
20,6,dT1L3jfnlXOTkFri2eAYYRfDDHY=,9dA1jwY0OGwFiornwDURmDFZtQg=
17,5,dT1L3jfnlXOTkFri2eAYYRfDDHY=,w5zqnpHmH+fwpZI7q1Pbz4swHTs=
20,5,dT1L3jfnlXOTkFri2eAYYRfDDHY=,RoEy2LV+q+QipA2tiBZ6KYQ+RuQ=
20,3,dT1L3jfnlXOTkFri2eAYYRfDDHY=,bNU2oRSBRgoc5KpF/XquB8uJ/Dw=
20,4,dT1L3jfnlXOTkFri2eAYYRfDDHY=,RoEy2LV+q+QipA2tiBZ6KYQ+RuQ=
18,4,dT1L3jfnlXOTkFri2eAYYRfDDHY=,ASma5265a0cR4Oa4RyViB/gYXDM=
18,3,dT1L3jfnlXOTkFri2eAYYRfDDHY=,ASma5265a0cR4Oa4RyViB/gYXDM=
17,4,YMpd/FCEU2m4NRUz4szV0hgkINc=,w5zqnpHmH+fwpZI7q1Pbz4swHTs=
17,3,YMpd/FCEU2m4NRUz4szV0hgkINc=,DvdxZ0Hcg6VtB+E93x2yHASz1YE=
19,1,YMpd/FCEU2m4NRUz4szV0hgkINc=,ASma5265a0cR4Oa4RyViB/gYXDM=
19,2,YMpd/FCEU2m4NRUz4szV0hgkINc=,ASma5265a0cR4Oa4RyViB/gYXDM=
18,1,YMpd/FCEU2m4NRUz4szV0hgkINc=,ASma5265a0cR4Oa4RyViB/gYXDM=
17,1,YMpd/FCEU2m4NRUz4szV0hgkINc=,kDjvBat82Ur2J32PA9Ukg5GGrRg=
20,1,YMpd/FCEU2m4NRUz4szV0hgkINc=,vAVq8piGUIldBaq4qnWExLg1ZDU=
17,0,YMpd/FCEU2m4NRUz4szV0hgkINc=,kDjvBat82Ur2J32PA9Ukg5GGrRg=
18,2,YMpd/FCEU2m4NRUz4szV0hgkINc=,ASma5265a0cR4Oa4RyViB/gYXDM=
18,0,YMpd/FCEU2m4NRUz4szV0hgkINc=,ASma5265a0cR4Oa4RyViB/gYXDM=
20,2,YMpd/FCEU2m4NRUz4szV0hgkINc=,bNU2oRSBRgoc5KpF/XquB8uJ/Dw=
17,2,YMpd/FCEU2m4NRUz4szV0hgkINc=,DvdxZ0Hcg6VtB+E93x2yHASz1YE=
16,1,kz1F+1x18OJbfIaob+5As2KYVxs=,kDjvBat82Ur2J32PA9Ukg5GGrRg=
19,0,kz1F+1x18OJbfIaob+5As2KYVxs=,ASma5265a0cR4Oa4RyViB/gYXDM=
21,0,kz1F+1x18OJbfIaob+5As2KYVxs=,vAVq8piGUIldBaq4qnWExLg1ZDU=
22,0,kz1F+1x18OJbfIaob+5As2KYVxs=,/6blTp6gz41mO6UAKqBeGErKM/8=
24,0,kz1F+1x18OJbfIaob+5As2KYVxs=,2UbATKWnmcLjMh98uxzJp2ny23I=
20,0,kz1F+1x18OJbfIaob+5As2KYVxs=,vAVq8piGUIldBaq4qnWExLg1ZDU=
23,0,kz1F+1x18OJbfIaob+5As2KYVxs=,/6blTp6gz41mO6UAKqBeGErKM/8=
16,2,kz1F+1x18OJbfIaob+5As2KYVxs=,DvdxZ0Hcg6VtB+E93x2yHASz1YE=
25,0,kz1F+1x18OJbfIaob+5As2KYVxs=,2UbATKWnmcLjMh98uxzJp2ny23I=
26,0,kz1F+1x18OJbfIaob+5As2KYVxs=,zLa9KH7fo52zVMTwcm9uEIZNV3E=
27,0,kz1F+1x18OJbfIaob+5As2KYVxs=,zLa9KH7fo52zVMTwcm9uEIZNV3E=
28,0,kz1F+1x18OJbfIaob+5As2KYVxs=,pDPX0iNM9zcEeisUx5o+b4zeLCw=
29,0,kz1F+1x18OJbfIaob+5As2KYVxs=,pDPX0iNM9zcEeisUx5o+b4zeLCw=
30,0,kz1F+1x18OJbfIaob+5As2KYVxs=,tZZAG4Gap7+BZpvvHXjfDdkFpAw=
31,0,kz1F+1x18OJbfIaob+5As2KYVxs=,tZZAG4Gap7+BZpvvHXjfDdkFpAw=
31,1,8O+YpWDQI6qs+lCNuUJvRiZ9tQA=,tZZAG4Gap7+BZpvvHXjfDdkFpAw=
31,2,8O+YpWDQI6qs+lCNuUJvRiZ9tQA=,tZZAG4Gap7+BZpvvHXjfDdkFpAw=
31,4,8O+YpWDQI6qs+lCNuUJvRiZ9tQA=,tZZAG4Gap7+BZpvvHXjfDdkFpAw=
31,3,8O+YpWDQI6qs+lCNuUJvRiZ9tQA=,tZZAG4Gap7+BZpvvHXjfDdkFpAw=
31,5,8O+YpWDQI6qs+lCNuUJvRiZ9tQA=,tZZAG4Gap7+BZpvvHXjfDdkFpAw=
31,6,8O+YpWDQI6qs+lCNuUJvRiZ9tQA=,tZZAG4Gap7+BZpvvHXjfDdkFpAw=
21,15,+NQijCYgSeOBwseV6ELbcsOB8nM=,un7tj3xEHsFXJXKthu9154FViYM=
31,12,+NQijCYgSeOBwseV6ELbcsOB8nM=,tZZAG4Gap7+BZpvvHXjfDdkFpAw=
31,8,+NQijCYgSeOBwseV6ELbcsOB8nM=,tZZAG4Gap7+BZpvvHXjfDdkFpAw=
20,15,+NQijCYgSeOBwseV6ELbcsOB8nM=,un7tj3xEHsFXJXKthu9154FViYM=
22,15,+NQijCYgSeOBwseV6ELbcsOB8nM=,lD124QOcut70h8fj6ImJEJXP14Y=
23,15,+NQijCYgSeOBwseV6ELbcsOB8nM=,lD124QOcut70h8fj6ImJEJXP14Y=
24,15,+NQijCYgSeOBwseV6ELbcsOB8nM=,leAD84aaTRiqlK30cdASZ5I+o8M=
31,11,+NQijCYgSeOBwseV6ELbcsOB8nM=,tZZAG4Gap7+BZpvvHXjfDdkFpAw=
31,10,+NQijCYgSeOBwseV6ELbcsOB8nM=,tZZAG4Gap7+BZpvvHXjfDdkFpAw=
31,9,+NQijCYgSeOBwseV6ELbcsOB8nM=,tZZAG4Gap7+BZpvvHXjfDdkFpAw=
31,7,+NQijCYgSeOBwseV6ELbcsOB8nM=,tZZAG4Gap7+BZpvvHXjfDdkFpAw=
19,15,+NQijCYgSeOBwseV6ELbcsOB8nM=,YqpyJAsHmpo0udgF8W3q+fUTm2s=
17,15,+NQijCYgSeOBwseV6ELbcsOB8nM=,4y0YmDSOWgLVcalFGAdNNlexGxw=
18,15,+NQijCYgSeOBwseV6ELbcsOB8nM=,YqpyJAsHmpo0udgF8W3q+fUTm2s=
16,11,vKWhB6GORV4O008syfBv/HsHAks=,bj9ODVazp+5Ti18fN3WAlwIDD2o=
16,12,vKWhB6GORV4O008syfBv/HsHAks=,vExq40+a5g6c+QIvi30YRY/e4DE=
31,15,vKWhB6GORV4O008syfBv/HsHAks=,tZZAG4Gap7+BZpvvHXjfDdkFpAw=
16,13,vKWhB6GORV4O008syfBv/HsHAks=,vExq40+a5g6c+QIvi30YRY/e4DE=
16,6,vKWhB6GORV4O008syfBv/HsHAks=,OEVNIDtIWp7erjDh8FcDq3MmclU=
16,14,vKWhB6GORV4O008syfBv/HsHAks=,4y0YmDSOWgLVcalFGAdNNlexGxw=
16,10,vKWhB6GORV4O008syfBv/HsHAks=,bj9ODVazp+5Ti18fN3WAlwIDD2o=
16,9,vKWhB6GORV4O008syfBv/HsHAks=,OEVNIDtIWp7erjDh8FcDq3MmclU=
16,0,vKWhB6GORV4O008syfBv/HsHAks=,kDjvBat82Ur2J32PA9Ukg5GGrRg=
16,3,vKWhB6GORV4O008syfBv/HsHAks=,DvdxZ0Hcg6VtB+E93x2yHASz1YE=
16,7,vKWhB6GORV4O008syfBv/HsHAks=,OEVNIDtIWp7erjDh8FcDq3MmclU=
16,5,vKWhB6GORV4O008syfBv/HsHAks=,w5zqnpHmH+fwpZI7q1Pbz4swHTs=
16,8,vKWhB6GORV4O008syfBv/HsHAks=,OEVNIDtIWp7erjDh8FcDq3MmclU=
16,15,vKWhB6GORV4O008syfBv/HsHAks=,4y0YmDSOWgLVcalFGAdNNlexGxw=
16,4,vKWhB6GORV4O008syfBv/HsHAks=,w5zqnpHmH+fwpZI7q1Pbz4swHTs=
