-2,-13,wYnCxsryonmjxKIVJm69A4Yq8LU=,KDqBE5Xp/XjrGnjMzwDJpRbAiYo=
-3,-13,wYnCxsryonmjxKIVJm69A4Yq8LU=,1gXy5qfcB9J0dv3Hz4tkGNKU/+w=
-2,-12,wYnCxsryonmjxKIVJm69A4Yq8LU=,drbTz+rsH4iGaOSWidCDEL882Ao=
-3,-12,wYnCxsryonmjxKIVJm69A4Yq8LU=,gaNshUGwQ3bhZITNcmKV6kNLTaU=
-5,-12,1tTiKbgCi2L0OZH9dhUniEYO7Gk=,xRRNPcgW76psbGUjUR2QXplHBxk=
-5,-13,1tTiKbgCi2L0OZH9dhUniEYO7Gk=,+xvZJqRHXwRwbJoAw4fe7ubFbjU=
-4,-13,1tTiKbgCi2L0OZH9dhUniEYO7Gk=,1gXy5qfcB9J0dv3Hz4tkGNKU/+w=
-4,-12,1tTiKbgCi2L0OZH9dhUniEYO7Gk=,gaNshUGwQ3bhZITNcmKV6kNLTaU=
-5,-10,1tTiKbgCi2L0OZH9dhUniEYO7Gk=,e3gEOg0iTZWD/44kpAgz8vUITwo=
-5,-11,/Bywv2MepTrKxT608QqNl/hhzG0=,xRRNPcgW76psbGUjUR2QXplHBxk=
-4,-11,/Bywv2MepTrKxT608QqNl/hhzG0=,gaNshUGwQ3bhZITNcmKV6kNLTaU=
-4,-10,/Bywv2MepTrKxT608QqNl/hhzG0=,MixthOueiOv5PqFDvMk0P3gM2/k=
-6,-11,Z5zHGA5c2izmxkNFljqTkcihMmM=,xRRNPcgW76psbGUjUR2QXplHBxk=
-6,-10,Z5zHGA5c2izmxkNFljqTkcihMmM=,e3gEOg0iTZWD/44kpAgz8vUITwo=
-7,-8,Z5zHGA5c2izmxkNFljqTkcihMmM=,dHWBVdpoV77NyTodYxqoOB/O2f8=
-7,-10,Z5zHGA5c2izmxkNFljqTkcihMmM=,2FKG0ZeJCPxMLEVJbanUvrLQltk=
-6,-8,Z5zHGA5c2izmxkNFljqTkcihMmM=,f0KfdcvzDq49olIiYVMZgw4ct94=
-7,-11,X22qQAOmwh2pOn4IJF3Rp40nJdM=,paPBvOKI1vy5/wKzEiPytGTGcws=
-7,-9,X22qQAOmwh2pOn4IJF3Rp40nJdM=,2FKG0ZeJCPxMLEVJbanUvrLQltk=
-6,-9,X22qQAOmwh2pOn4IJF3Rp40nJdM=,e3gEOg0iTZWD/44kpAgz8vUITwo=
-8,-6,muOYe3t7QEGtvnMZbvQmMNw1r5s=,S36y9F9ibT2Dd81cpw/+4W7iZuE=
-9,-8,muOYe3t7QEGtvnMZbvQmMNw1r5s=,o4fXGtwwus9IRmik8y0JyYuIjDQ=
-9,-9,muOYe3t7QEGtvnMZbvQmMNw1r5s=,ikxiEQ4e7x+5PCOPGWA2YZMWYy8=
-8,-9,muOYe3t7QEGtvnMZbvQmMNw1r5s=,2FKG0ZeJCPxMLEVJbanUvrLQltk=
-8,-8,muOYe3t7QEGtvnMZbvQmMNw1r5s=,dHWBVdpoV77NyTodYxqoOB/O2f8=
-8,-7,zG+y70u2lEmybUtgWf+eO4t6i8M=,dHWBVdpoV77NyTodYxqoOB/O2f8=
-9,-7,zG+y70u2lEmybUtgWf+eO4t6i8M=,o4fXGtwwus9IRmik8y0JyYuIjDQ=
-9,-6,zG+y70u2lEmybUtgWf+eO4t6i8M=,dGltxPqX3uL8nFADnUlg7ggpIL0=
-8,-4,zAPtzxoIczumZoqB65yUIFDKfIM=,N07Hw+3FL67N0EjivNX9dsZ+SRk=
-11,-7,1Bk4uFeTDU5wGKfjqPLdMByrbG0=,Hlnf4shIj1deicawIRbbnxSlDDw=
-10,-6,1Bk4uFeTDU5wGKfjqPLdMByrbG0=,dGltxPqX3uL8nFADnUlg7ggpIL0=
-11,-6,1Bk4uFeTDU5wGKfjqPLdMByrbG0=,bpTKx4DzaKx5A72B6zACv5BH4rI=
-10,-7,1Bk4uFeTDU5wGKfjqPLdMByrbG0=,o4fXGtwwus9IRmik8y0JyYuIjDQ=
-8,-5,1Bk4uFeTDU5wGKfjqPLdMByrbG0=,S36y9F9ibT2Dd81cpw/+4W7iZuE=
-9,-5,1Bk4uFeTDU5wGKfjqPLdMByrbG0=,dGltxPqX3uL8nFADnUlg7ggpIL0=
-9,-4,q5Q4jKXDvuwsyvGy9yLLf2aMJVg=,0yIF4TN59Xgecdv5QQ+HlOjGfy0=
-10,-4,q5Q4jKXDvuwsyvGy9yLLf2aMJVg=,0yIF4TN59Xgecdv5QQ+HlOjGfy0=
-11,-4,q5Q4jKXDvuwsyvGy9yLLf2aMJVg=,KDqBE5Xp/XjrGnjMzwDJpRbAiYo=
-11,-2,q5Q4jKXDvuwsyvGy9yLLf2aMJVg=,FSHZlSCgtMqBnetQ2RgLCNxBI+Q=
-11,-3,q5Q4jKXDvuwsyvGy9yLLf2aMJVg=,KDqBE5Xp/XjrGnjMzwDJpRbAiYo=
-10,-2,ntW1yJ9tTAPDIsdIWm9xosQcHco=,20TFYJNX+gwCCC5A12iiu8pAtg4=
-11,-5,ntW1yJ9tTAPDIsdIWm9xosQcHco=,bpTKx4DzaKx5A72B6zACv5BH4rI=
-10,-5,ntW1yJ9tTAPDIsdIWm9xosQcHco=,dGltxPqX3uL8nFADnUlg7ggpIL0=
-10,-3,ntW1yJ9tTAPDIsdIWm9xosQcHco=,0yIF4TN59Xgecdv5QQ+HlOjGfy0=
-8,-2,jzstzACuYecfXvIy68OfYXALSlg=,wfu1vRH/FF5F+UJg6r9yIlGTW5s=
-9,-2,jzstzACuYecfXvIy68OfYXALSlg=,20TFYJNX+gwCCC5A12iiu8pAtg4=
-6,-3,jzstzACuYecfXvIy68OfYXALSlg=,dWRgOpfpxzyoJHJLREZXW8QsJeA=
-7,-4,jzstzACuYecfXvIy68OfYXALSlg=,N07Hw+3FL67N0EjivNX9dsZ+SRk=
-7,-3,jzstzACuYecfXvIy68OfYXALSlg=,N07Hw+3FL67N0EjivNX9dsZ+SRk=
-7,-7,jzstzACuYecfXvIy68OfYXALSlg=,dHWBVdpoV77NyTodYxqoOB/O2f8=
-6,-5,jzstzACuYecfXvIy68OfYXALSlg=,xRRNPcgW76psbGUjUR2QXplHBxk=
-7,-2,Ogx0PJAeMpBuVjtKbIkui2egRYk=,wfu1vRH/FF5F+UJg6r9yIlGTW5s=
-6,-2,Ogx0PJAeMpBuVjtKbIkui2egRYk=,8Jd6igxy3VSLjqwjNT3EMpEkHcM=
-7,-5,Ogx0PJAeMpBuVjtKbIkui2egRYk=,S36y9F9ibT2Dd81cpw/+4W7iZuE=
-8,-3,Ogx0PJAeMpBuVjtKbIkui2egRYk=,N07Hw+3FL67N0EjivNX9dsZ+SRk=
-7,-6,Ogx0PJAeMpBuVjtKbIkui2egRYk=,S36y9F9ibT2Dd81cpw/+4W7iZuE=
-9,-3,Ogx0PJAeMpBuVjtKbIkui2egRYk=,0yIF4TN59Xgecdv5QQ+HlOjGfy0=
-6,-4,Ogx0PJAeMpBuVjtKbIkui2egRYk=,dWRgOpfpxzyoJHJLREZXW8QsJeA=
-6,-7,Ogx0PJAeMpBuVjtKbIkui2egRYk=,f0KfdcvzDq49olIiYVMZgw4ct94=
-6,-6,Ogx0PJAeMpBuVjtKbIkui2egRYk=,xRRNPcgW76psbGUjUR2QXplHBxk=
-4,-2,s1FAQ5pkFHRs+nwcfV25h0lISXo=,Ia+inGnjyPtvMQa78kicfWX0Whs=
-5,-3,s1FAQ5pkFHRs+nwcfV25h0lISXo=,dWRgOpfpxzyoJHJLREZXW8QsJeA=
-4,-5,s1FAQ5pkFHRs+nwcfV25h0lISXo=,8k9Vz8DtQwyO6jA6q+XhQgBNaQ4=
-5,-5,s1FAQ5pkFHRs+nwcfV25h0lISXo=,xRRNPcgW76psbGUjUR2QXplHBxk=
-4,-3,s1FAQ5pkFHRs+nwcfV25h0lISXo=,0yIF4TN59Xgecdv5QQ+HlOjGfy0=
-4,-6,s1FAQ5pkFHRs+nwcfV25h0lISXo=,8k9Vz8DtQwyO6jA6q+XhQgBNaQ4=
-5,-6,s1FAQ5pkFHRs+nwcfV25h0lISXo=,xRRNPcgW76psbGUjUR2QXplHBxk=
-5,-4,s1FAQ5pkFHRs+nwcfV25h0lISXo=,dWRgOpfpxzyoJHJLREZXW8QsJeA=
-4,-9,s1FAQ5pkFHRs+nwcfV25h0lISXo=,MixthOueiOv5PqFDvMk0P3gM2/k=
-4,-4,N4A9Ghz8jAH2yAteqajJwMZVeI4=,0yIF4TN59Xgecdv5QQ+HlOjGfy0=
-5,-2,N4A9Ghz8jAH2yAteqajJwMZVeI4=,8Jd6igxy3VSLjqwjNT3EMpEkHcM=
-4,-8,N4A9Ghz8jAH2yAteqajJwMZVeI4=,Bo25zDpU6Sxdbl0Om9aYMOmq/d4=
-4,-7,N4A9Ghz8jAH2yAteqajJwMZVeI4=,Bo25zDpU6Sxdbl0Om9aYMOmq/d4=
-5,-8,N4A9Ghz8jAH2yAteqajJwMZVeI4=,f0KfdcvzDq49olIiYVMZgw4ct94=
-5,-9,N4A9Ghz8jAH2yAteqajJwMZVeI4=,e3gEOg0iTZWD/44kpAgz8vUITwo=
-5,-7,N4A9Ghz8jAH2yAteqajJwMZVeI4=,f0KfdcvzDq49olIiYVMZgw4ct94=
-2,-5,FOBuQDJrkzpG8ox7yXZJVj6sWYg=,1gXy5qfcB9J0dv3Hz4tkGNKU/+w=
-2,-4,FOBuQDJrkzpG8ox7yXZJVj6sWYg=,GlL2CyWaaMV86r5GkOCYFxyhsOw=
-3,-2,FOBuQDJrkzpG8ox7yXZJVj6sWYg=,Ia+inGnjyPtvMQa78kicfWX0Whs=
-2,-2,FOBuQDJrkzpG8ox7yXZJVj6sWYg=,T9kl6ElOh+oeOcD+f5kMM+ibNYo=
-2,-3,FOBuQDJrkzpG8ox7yXZJVj6sWYg=,GlL2CyWaaMV86r5GkOCYFxyhsOw=
-3,-4,FOBuQDJrkzpG8ox7yXZJVj6sWYg=,0yIF4TN59Xgecdv5QQ+HlOjGfy0=
-3,-6,FOBuQDJrkzpG8ox7yXZJVj6sWYg=,8k9Vz8DtQwyO6jA6q+XhQgBNaQ4=
-3,-3,FOBuQDJrkzpG8ox7yXZJVj6sWYg=,0yIF4TN59Xgecdv5QQ+HlOjGfy0=
-3,-7,FOBuQDJrkzpG8ox7yXZJVj6sWYg=,Bo25zDpU6Sxdbl0Om9aYMOmq/d4=
-3,-5,FOBuQDJrkzpG8ox7yXZJVj6sWYg=,8k9Vz8DtQwyO6jA6q+XhQgBNaQ4=
-2,-7,FOBuQDJrkzpG8ox7yXZJVj6sWYg=,dGltxPqX3uL8nFADnUlg7ggpIL0=
-2,-8,FOBuQDJrkzpG8ox7yXZJVj6sWYg=,dGltxPqX3uL8nFADnUlg7ggpIL0=
-2,-6,FOBuQDJrkzpG8ox7yXZJVj6sWYg=,1gXy5qfcB9J0dv3Hz4tkGNKU/+w=
-3,-11,P9u/YNBjvAfOHLfxjmf5GK6eyW8=,gaNshUGwQ3bhZITNcmKV6kNLTaU=
-2,-11,P9u/YNBjvAfOHLfxjmf5GK6eyW8=,drbTz+rsH4iGaOSWidCDEL882Ao=
-2,-10,P9u/YNBjvAfOHLfxjmf5GK6eyW8=,+xvZJqRHXwRwbJoAw4fe7ubFbjU=
-3,-8,P9u/YNBjvAfOHLfxjmf5GK6eyW8=,Bo25zDpU6Sxdbl0Om9aYMOmq/d4=
-1,-4,P9u/YNBjvAfOHLfxjmf5GK6eyW8=,GlL2CyWaaMV86r5GkOCYFxyhsOw=
-3,-9,P9u/YNBjvAfOHLfxjmf5GK6eyW8=,MixthOueiOv5PqFDvMk0P3gM2/k=
-2,-9,w9ZMGbbcMC541Tp7EmMqLfZ+8Cg=,+xvZJqRHXwRwbJoAw4fe7ubFbjU=
-1,-8,w9ZMGbbcMC541Tp7EmMqLfZ+8Cg=,dGltxPqX3uL8nFADnUlg7ggpIL0=
-1,-2,w9ZMGbbcMC541Tp7EmMqLfZ+8Cg=,T9kl6ElOh+oeOcD+f5kMM+ibNYo=
-1,-3,w9ZMGbbcMC541Tp7EmMqLfZ+8Cg=,GlL2CyWaaMV86r5GkOCYFxyhsOw=
-1,-6,w9ZMGbbcMC541Tp7EmMqLfZ+8Cg=,1gXy5qfcB9J0dv3Hz4tkGNKU/+w=
-3,-10,w9ZMGbbcMC541Tp7EmMqLfZ+8Cg=,MixthOueiOv5PqFDvMk0P3gM2/k=
-1,-7,w9ZMGbbcMC541Tp7EmMqLfZ+8Cg=,dGltxPqX3uL8nFADnUlg7ggpIL0=
-1,-5,w9ZMGbbcMC541Tp7EmMqLfZ+8Cg=,1gXy5qfcB9J0dv3Hz4tkGNKU/+w=
-1,-9,w9ZMGbbcMC541Tp7EmMqLfZ+8Cg=,+xvZJqRHXwRwbJoAw4fe7ubFbjU=
-1,-11,zvzGwE/Y5P7k9SOGC5I+YEDXOrk=,drbTz+rsH4iGaOSWidCDEL882Ao=
-1,-13,zvzGwE/Y5P7k9SOGC5I+YEDXOrk=,KDqBE5Xp/XjrGnjMzwDJpRbAiYo=
-1,-10,zvzGwE/Y5P7k9SOGC5I+YEDXOrk=,+xvZJqRHXwRwbJoAw4fe7ubFbjU=
-1,-12,qh3tKIfYy4GoobEeW3mynWkK8lE=,drbTz+rsH4iGaOSWidCDEL882Ao=
-1,-15,yvABsOlnisoHd7jGAjDNxw8m6sg=,daBBbq3SE3YD6zKQBS7gOH5qGrY=
-1,-14,yvABsOlnisoHd7jGAjDNxw8m6sg=,KDqBE5Xp/XjrGnjMzwDJpRbAiYo=
-2,-15,ooZjJGoc4FFDJyHKqfGWscGPMGA=,daBBbq3SE3YD6zKQBS7gOH5qGrY=
-3,-14,ooZjJGoc4FFDJyHKqfGWscGPMGA=,1gXy5qfcB9J0dv3Hz4tkGNKU/+w=
-5,-14,ooZjJGoc4FFDJyHKqfGWscGPMGA=,+xvZJqRHXwRwbJoAw4fe7ubFbjU=
-2,-14,ooZjJGoc4FFDJyHKqfGWscGPMGA=,KDqBE5Xp/XjrGnjMzwDJpRbAiYo=
-4,-14,ooZjJGoc4FFDJyHKqfGWscGPMGA=,1gXy5qfcB9J0dv3Hz4tkGNKU/+w=
-4,-15,ooZjJGoc4FFDJyHKqfGWscGPMGA=,vF9r5dRZk+NhsP7UwNN24Gl+Yo4=
-5,-15,ooZjJGoc4FFDJyHKqfGWscGPMGA=,0yIF4TN59Xgecdv5QQ+HlOjGfy0=
-3,-15,ooZjJGoc4FFDJyHKqfGWscGPMGA=,vF9r5dRZk+NhsP7UwNN24Gl+Yo4=
-6,-15,GDynJeEBNO36kqDQeh71adanmBA=,0yIF4TN59Xgecdv5QQ+HlOjGfy0=
-6,-12,GDynJeEBNO36kqDQeh71adanmBA=,xRRNPcgW76psbGUjUR2QXplHBxk=
-7,-13,GDynJeEBNO36kqDQeh71adanmBA=,S36y9F9ibT2Dd81cpw/+4W7iZuE=
-6,-13,GDynJeEBNO36kqDQeh71adanmBA=,+xvZJqRHXwRwbJoAw4fe7ubFbjU=
-6,-14,GDynJeEBNO36kqDQeh71adanmBA=,+xvZJqRHXwRwbJoAw4fe7ubFbjU=
-7,-14,GDynJeEBNO36kqDQeh71adanmBA=,S36y9F9ibT2Dd81cpw/+4W7iZuE=
-7,-15,h3kZPX9VhZJ1a/hUDVQWaMCX0W8=,12GVyzvcYXq0sU7qgLEqtXCcvcw=
-9,-15,h3kZPX9VhZJ1a/hUDVQWaMCX0W8=,paPBvOKI1vy5/wKzEiPytGTGcws=
-7,-12,h3kZPX9VhZJ1a/hUDVQWaMCX0W8=,paPBvOKI1vy5/wKzEiPytGTGcws=
-8,-15,h3kZPX9VhZJ1a/hUDVQWaMCX0W8=,12GVyzvcYXq0sU7qgLEqtXCcvcw=
-9,-14,YLWpA7DgkH2dSrXp3nQpA5/sn+g=,o4fXGtwwus9IRmik8y0JyYuIjDQ=
-8,-14,YLWpA7DgkH2dSrXp3nQpA5/sn+g=,S36y9F9ibT2Dd81cpw/+4W7iZuE=
-11,-14,Cm2PmhnbjJEIA931Ol/AVlW7KPs=,8Jd6igxy3VSLjqwjNT3EMpEkHcM=
-10,-14,Cm2PmhnbjJEIA931Ol/AVlW7KPs=,o4fXGtwwus9IRmik8y0JyYuIjDQ=
-11,-15,Cm2PmhnbjJEIA931Ol/AVlW7KPs=,AviUcQol5jcjG4hBw4l6GRrSLZo=
-13,-15,q3OETVYJp2wR11kHidlEx3+kjkw=,Ia+inGnjyPtvMQa78kicfWX0Whs=
-12,-14,q3OETVYJp2wR11kHidlEx3+kjkw=,8Jd6igxy3VSLjqwjNT3EMpEkHcM=
-10,-15,q3OETVYJp2wR11kHidlEx3+kjkw=,paPBvOKI1vy5/wKzEiPytGTGcws=
-12,-15,q3OETVYJp2wR11kHidlEx3+kjkw=,AviUcQol5jcjG4hBw4l6GRrSLZo=
-13,-14,q3OETVYJp2wR11kHidlEx3+kjkw=,Ia+inGnjyPtvMQa78kicfWX0Whs=
-15,-13,wXYDfNDryei4yK/eBjgwsuxwv3M=,daBBbq3SE3YD6zKQBS7gOH5qGrY=
-14,-12,wXYDfNDryei4yK/eBjgwsuxwv3M=,dWRgOpfpxzyoJHJLREZXW8QsJeA=
-14,-10,wXYDfNDryei4yK/eBjgwsuxwv3M=,TAKMzCh2ui/Ib+uDiXu8G0pk6ic=
-14,-11,wXYDfNDryei4yK/eBjgwsuxwv3M=,dWRgOpfpxzyoJHJLREZXW8QsJeA=
-15,-12,wXYDfNDryei4yK/eBjgwsuxwv3M=,paPBvOKI1vy5/wKzEiPytGTGcws=
-14,-13,wXYDfNDryei4yK/eBjgwsuxwv3M=,Ia+inGnjyPtvMQa78kicfWX0Whs=
-15,-11,wXYDfNDryei4yK/eBjgwsuxwv3M=,paPBvOKI1vy5/wKzEiPytGTGcws=
-15,-10,xqliwAi5gTzdQJXj2YTsnRAyUKw=,sPjBvunh0+21yAy7QShz/5qEjs0=
-10,-9,LvJkSl87ZuZDSfiv5XA36mDz5J4=,ikxiEQ4e7x+5PCOPGWA2YZMWYy8=
-13,-13,LvJkSl87ZuZDSfiv5XA36mDz5J4=,Ia+inGnjyPtvMQa78kicfWX0Whs=
-11,-9,LvJkSl87ZuZDSfiv5XA36mDz5J4=,EcOfOgyJwO1H8ZiY3tWwCkfpUUQ=
-9,-10,LvJkSl87ZuZDSfiv5XA36mDz5J4=,ikxiEQ4e7x+5PCOPGWA2YZMWYy8=
-13,-11,LvJkSl87ZuZDSfiv5XA36mDz5J4=,dWRgOpfpxzyoJHJLREZXW8QsJeA=
-12,-12,K+371tdmTRlzLXp7ZKfgDrbXVDo=,KDqBE5Xp/XjrGnjMzwDJpRbAiYo=
-12,-11,K+371tdmTRlzLXp7ZKfgDrbXVDo=,KDqBE5Xp/XjrGnjMzwDJpRbAiYo=
-11,-8,K+371tdmTRlzLXp7ZKfgDrbXVDo=,Hlnf4shIj1deicawIRbbnxSlDDw=
-10,-12,K+371tdmTRlzLXp7ZKfgDrbXVDo=,dWRgOpfpxzyoJHJLREZXW8QsJeA=
-10,-10,K+371tdmTRlzLXp7ZKfgDrbXVDo=,ikxiEQ4e7x+5PCOPGWA2YZMWYy8=
-12,-13,K+371tdmTRlzLXp7ZKfgDrbXVDo=,8Jd6igxy3VSLjqwjNT3EMpEkHcM=
-13,-10,K+371tdmTRlzLXp7ZKfgDrbXVDo=,TAKMzCh2ui/Ib+uDiXu8G0pk6ic=
-11,-13,K+371tdmTRlzLXp7ZKfgDrbXVDo=,8Jd6igxy3VSLjqwjNT3EMpEkHcM=
-8,-12,K+371tdmTRlzLXp7ZKfgDrbXVDo=,paPBvOKI1vy5/wKzEiPytGTGcws=
-13,-12,K+371tdmTRlzLXp7ZKfgDrbXVDo=,dWRgOpfpxzyoJHJLREZXW8QsJeA=
-8,-10,K+371tdmTRlzLXp7ZKfgDrbXVDo=,2FKG0ZeJCPxMLEVJbanUvrLQltk=
-10,-8,K+371tdmTRlzLXp7ZKfgDrbXVDo=,o4fXGtwwus9IRmik8y0JyYuIjDQ=
-9,-12,K+371tdmTRlzLXp7ZKfgDrbXVDo=,dWRgOpfpxzyoJHJLREZXW8QsJeA=
-12,-10,K+371tdmTRlzLXp7ZKfgDrbXVDo=,EcOfOgyJwO1H8ZiY3tWwCkfpUUQ=
-11,-11,K+371tdmTRlzLXp7ZKfgDrbXVDo=,KDqBE5Xp/XjrGnjMzwDJpRbAiYo=
-8,-11,K+371tdmTRlzLXp7ZKfgDrbXVDo=,paPBvOKI1vy5/wKzEiPytGTGcws=
-10,-11,K+371tdmTRlzLXp7ZKfgDrbXVDo=,dWRgOpfpxzyoJHJLREZXW8QsJeA=
-11,-10,K+371tdmTRlzLXp7ZKfgDrbXVDo=,EcOfOgyJwO1H8ZiY3tWwCkfpUUQ=
-10,-13,K+371tdmTRlzLXp7ZKfgDrbXVDo=,o4fXGtwwus9IRmik8y0JyYuIjDQ=
-8,-13,jBkGqSlzuTmpvhJsaVk6vR4WWzI=,S36y9F9ibT2Dd81cpw/+4W7iZuE=
-11,-12,jBkGqSlzuTmpvhJsaVk6vR4WWzI=,KDqBE5Xp/XjrGnjMzwDJpRbAiYo=
-9,-13,jBkGqSlzuTmpvhJsaVk6vR4WWzI=,o4fXGtwwus9IRmik8y0JyYuIjDQ=
-13,-8,jBkGqSlzuTmpvhJsaVk6vR4WWzI=,S36y9F9ibT2Dd81cpw/+4W7iZuE=
-9,-11,jBkGqSlzuTmpvhJsaVk6vR4WWzI=,dWRgOpfpxzyoJHJLREZXW8QsJeA=
-12,-9,jBkGqSlzuTmpvhJsaVk6vR4WWzI=,EcOfOgyJwO1H8ZiY3tWwCkfpUUQ=
-12,-8,jBkGqSlzuTmpvhJsaVk6vR4WWzI=,Hlnf4shIj1deicawIRbbnxSlDDw=
-13,-9,jBkGqSlzuTmpvhJsaVk6vR4WWzI=,TAKMzCh2ui/Ib+uDiXu8G0pk6ic=
-13,-6,oJ8l7d4qasd17gjfFSGYv8AOoKo=,wfu1vRH/FF5F+UJg6r9yIlGTW5s=
-12,-6,oJ8l7d4qasd17gjfFSGYv8AOoKo=,bpTKx4DzaKx5A72B6zACv5BH4rI=
-13,-7,dbUpYax4awgGKzumbmWcjDKM7C0=,S36y9F9ibT2Dd81cpw/+4W7iZuE=
-12,-7,dbUpYax4awgGKzumbmWcjDKM7C0=,Hlnf4shIj1deicawIRbbnxSlDDw=
-14,-9,bm/TUdHKoWBf0tytTnA6rc5Lcl4=,TAKMzCh2ui/Ib+uDiXu8G0pk6ic=
-15,-9,bm/TUdHKoWBf0tytTnA6rc5Lcl4=,sPjBvunh0+21yAy7QShz/5qEjs0=
-14,-6,bm/TUdHKoWBf0tytTnA6rc5Lcl4=,wfu1vRH/FF5F+UJg6r9yIlGTW5s=
-14,-8,vSQS4LJ3oOgisFDYSjP0Qp3QLMg=,S36y9F9ibT2Dd81cpw/+4W7iZuE=
-15,-6,vSQS4LJ3oOgisFDYSjP0Qp3QLMg=,EcOfOgyJwO1H8ZiY3tWwCkfpUUQ=
-14,-7,vSQS4LJ3oOgisFDYSjP0Qp3QLMg=,S36y9F9ibT2Dd81cpw/+4W7iZuE=
-15,-8,vSQS4LJ3oOgisFDYSjP0Qp3QLMg=,S36y9F9ibT2Dd81cpw/+4W7iZuE=
-13,-5,vSQS4LJ3oOgisFDYSjP0Qp3QLMg=,wfu1vRH/FF5F+UJg6r9yIlGTW5s=
-12,-4,vSQS4LJ3oOgisFDYSjP0Qp3QLMg=,KDqBE5Xp/XjrGnjMzwDJpRbAiYo=
-13,-4,vSQS4LJ3oOgisFDYSjP0Qp3QLMg=,oqsZykxnZTfuayuiIv8IY09q/5U=
-15,-7,vSQS4LJ3oOgisFDYSjP0Qp3QLMg=,S36y9F9ibT2Dd81cpw/+4W7iZuE=
-12,-5,vSQS4LJ3oOgisFDYSjP0Qp3QLMg=,bpTKx4DzaKx5A72B6zACv5BH4rI=
-15,-5,QQbKUtPnhJwXYT9dYYx9yCk5DMY=,EcOfOgyJwO1H8ZiY3tWwCkfpUUQ=
-14,-4,PT9Vj4gRwBaCfQiWSI9O47NZ5yQ=,oqsZykxnZTfuayuiIv8IY09q/5U=
-12,-2,PT9Vj4gRwBaCfQiWSI9O47NZ5yQ=,FSHZlSCgtMqBnetQ2RgLCNxBI+Q=
-13,-3,PT9Vj4gRwBaCfQiWSI9O47NZ5yQ=,oqsZykxnZTfuayuiIv8IY09q/5U=
-12,-3,PT9Vj4gRwBaCfQiWSI9O47NZ5yQ=,KDqBE5Xp/XjrGnjMzwDJpRbAiYo=
-13,-2,PT9Vj4gRwBaCfQiWSI9O47NZ5yQ=,f0KfdcvzDq49olIiYVMZgw4ct94=
-14,-5,PT9Vj4gRwBaCfQiWSI9O47NZ5yQ=,wfu1vRH/FF5F+UJg6r9yIlGTW5s=
-15,-4,PT9Vj4gRwBaCfQiWSI9O47NZ5yQ=,12GVyzvcYXq0sU7qgLEqtXCcvcw=
-14,-2,0ZVMCoIt2YFepc8iRt00YBmUPxw=,f0KfdcvzDq49olIiYVMZgw4ct94=
-15,-2,0ZVMCoIt2YFepc8iRt00YBmUPxw=,xRRNPcgW76psbGUjUR2QXplHBxk=
-15,-3,0ZVMCoIt2YFepc8iRt00YBmUPxw=,12GVyzvcYXq0sU7qgLEqtXCcvcw=
-15,-1,0ZVMCoIt2YFepc8iRt00YBmUPxw=,xRRNPcgW76psbGUjUR2QXplHBxk=
-16,-3,yodXJK6u9tRYYb6vKpDekGQkzc0=,12GVyzvcYXq0sU7qgLEqtXCcvcw=
-14,-3,yodXJK6u9tRYYb6vKpDekGQkzc0=,oqsZykxnZTfuayuiIv8IY09q/5U=
-14,-1,yodXJK6u9tRYYb6vKpDekGQkzc0=,f0KfdcvzDq49olIiYVMZgw4ct94=
-16,-2,yodXJK6u9tRYYb6vKpDekGQkzc0=,xRRNPcgW76psbGUjUR2QXplHBxk=
-16,-9,yodXJK6u9tRYYb6vKpDekGQkzc0=,sPjBvunh0+21yAy7QShz/5qEjs0=
-16,-4,BKaYM6fdUdlGUoO+uB8k/76Bezg=,12GVyzvcYXq0sU7qgLEqtXCcvcw=
-16,-7,BKaYM6fdUdlGUoO+uB8k/76Bezg=,S36y9F9ibT2Dd81cpw/+4W7iZuE=
-16,-5,BKaYM6fdUdlGUoO+uB8k/76Bezg=,EcOfOgyJwO1H8ZiY3tWwCkfpUUQ=
-16,-8,BKaYM6fdUdlGUoO+uB8k/76Bezg=,S36y9F9ibT2Dd81cpw/+4W7iZuE=
-16,-10,BKaYM6fdUdlGUoO+uB8k/76Bezg=,sPjBvunh0+21yAy7QShz/5qEjs0=
-16,-6,IlE8feFU6kBIgURrT6/xc/mgySk=,EcOfOgyJwO1H8ZiY3tWwCkfpUUQ=
-16,-12,IlE8feFU6kBIgURrT6/xc/mgySk=,paPBvOKI1vy5/wKzEiPytGTGcws=
-16,-11,IlE8feFU6kBIgURrT6/xc/mgySk=,paPBvOKI1vy5/wKzEiPytGTGcws=
-16,-13,IlE8feFU6kBIgURrT6/xc/mgySk=,daBBbq3SE3YD6zKQBS7gOH5qGrY=
-12,-16,CsVNk/X64ebApfb/TeOIpq7NnJM=,AviUcQol5jcjG4hBw4l6GRrSLZo=
-14,-15,CsVNk/X64ebApfb/TeOIpq7NnJM=,Ia+inGnjyPtvMQa78kicfWX0Whs=
-14,-14,CsVNk/X64ebApfb/TeOIpq7NnJM=,Ia+inGnjyPtvMQa78kicfWX0Whs=
-16,-15,CsVNk/X64ebApfb/TeOIpq7NnJM=,dWRgOpfpxzyoJHJLREZXW8QsJeA=
-11,-16,CsVNk/X64ebApfb/TeOIpq7NnJM=,AviUcQol5jcjG4hBw4l6GRrSLZo=
-14,-16,CsVNk/X64ebApfb/TeOIpq7NnJM=,Ia+inGnjyPtvMQa78kicfWX0Whs=
-15,-16,CsVNk/X64ebApfb/TeOIpq7NnJM=,dWRgOpfpxzyoJHJLREZXW8QsJeA=
-15,-14,sRYX/Rk/zXrxDK91MmDpUi0A1vs=,daBBbq3SE3YD6zKQBS7gOH5qGrY=
-15,-15,sRYX/Rk/zXrxDK91MmDpUi0A1vs=,dWRgOpfpxzyoJHJLREZXW8QsJeA=
-10,-16,sRYX/Rk/zXrxDK91MmDpUi0A1vs=,paPBvOKI1vy5/wKzEiPytGTGcws=
-13,-16,sRYX/Rk/zXrxDK91MmDpUi0A1vs=,Ia+inGnjyPtvMQa78kicfWX0Whs=
-16,-14,ohE7IBztpR4SBz7xoeGe3FHKY7M=,daBBbq3SE3YD6zKQBS7gOH5qGrY=
-4,-16,ohE7IBztpR4SBz7xoeGe3FHKY7M=,vF9r5dRZk+NhsP7UwNN24Gl+Yo4=
-5,-16,Noet4QppmI8BxN3XoNxHHaKfzaM=,0yIF4TN59Xgecdv5QQ+HlOjGfy0=
-8,-16,Noet4QppmI8BxN3XoNxHHaKfzaM=,12GVyzvcYXq0sU7qgLEqtXCcvcw=
-9,-16,Noet4QppmI8BxN3XoNxHHaKfzaM=,paPBvOKI1vy5/wKzEiPytGTGcws=
-2,-16,Noet4QppmI8BxN3XoNxHHaKfzaM=,daBBbq3SE3YD6zKQBS7gOH5qGrY=
-7,-16,Noet4QppmI8BxN3XoNxHHaKfzaM=,12GVyzvcYXq0sU7qgLEqtXCcvcw=
-1,-16,Noet4QppmI8BxN3XoNxHHaKfzaM=,daBBbq3SE3YD6zKQBS7gOH5qGrY=
-3,-16,Noet4QppmI8BxN3XoNxHHaKfzaM=,vF9r5dRZk+NhsP7UwNN24Gl+Yo4=
-6,-16,Noet4QppmI8BxN3XoNxHHaKfzaM=,0yIF4TN59Xgecdv5QQ+HlOjGfy0=
-9,-1,Noet4QppmI8BxN3XoNxHHaKfzaM=,20TFYJNX+gwCCC5A12iiu8pAtg4=
-11,-1,LodbTNqqQCDwgwkws9bi9a20piw=,FSHZlSCgtMqBnetQ2RgLCNxBI+Q=
-7,-1,LodbTNqqQCDwgwkws9bi9a20piw=,wfu1vRH/FF5F+UJg6r9yIlGTW5s=
-13,-1,LodbTNqqQCDwgwkws9bi9a20piw=,f0KfdcvzDq49olIiYVMZgw4ct94=
-8,-1,LodbTNqqQCDwgwkws9bi9a20piw=,wfu1vRH/FF5F+UJg6r9yIlGTW5s=
-6,-1,LodbTNqqQCDwgwkws9bi9a20piw=,8Jd6igxy3VSLjqwjNT3EMpEkHcM=
-4,-1,LodbTNqqQCDwgwkws9bi9a20piw=,Ia+inGnjyPtvMQa78kicfWX0Whs=
-3,-1,LodbTNqqQCDwgwkws9bi9a20piw=,Ia+inGnjyPtvMQa78kicfWX0Whs=
-2,-1,LodbTNqqQCDwgwkws9bi9a20piw=,T9kl6ElOh+oeOcD+f5kMM+ibNYo=
-10,-1,LodbTNqqQCDwgwkws9bi9a20piw=,20TFYJNX+gwCCC5A12iiu8pAtg4=
-1,-1,LodbTNqqQCDwgwkws9bi9a20piw=,T9kl6ElOh+oeOcD+f5kMM+ibNYo=
-5,-1,LodbTNqqQCDwgwkws9bi9a20piw=,8Jd6igxy3VSLjqwjNT3EMpEkHcM=
-16,-1,LodbTNqqQCDwgwkws9bi9a20piw=,xRRNPcgW76psbGUjUR2QXplHBxk=
-12,-1,LodbTNqqQCDwgwkws9bi9a20piw=,FSHZlSCgtMqBnetQ2RgLCNxBI+Q=
-16,-16,LodbTNqqQCDwgwkws9bi9a20piw=,dWRgOpfpxzyoJHJLREZXW8QsJeA=
-14,-19,2emLt4gba39ftnx2mNK1kgw3ja8=,cyzW4cZQo78DZHxz9rVUgUP4S7I=
-15,-18,2emLt4gba39ftnx2mNK1kgw3ja8=,NXHU7V5qf9x13UlPfR66YIQ4/F0=
-15,-19,2emLt4gba39ftnx2mNK1kgw3ja8=,GmhvqpKTF1/fJr56s4/YsQEme4I=
-14,-18,2emLt4gba39ftnx2mNK1kgw3ja8=,rJ43eA9ZJfRlfJ9GWppBosccijM=
-14,-21,wP2tYNzU/IWzXnIc+AWqB5CCtcw=,QPUjHeACrYKqWtVt+sT/DXjav7Y=
-14,-20,wP2tYNzU/IWzXnIc+AWqB5CCtcw=,cyzW4cZQo78DZHxz9rVUgUP4S7I=
-14,-22,wP2tYNzU/IWzXnIc+AWqB5CCtcw=,QPUjHeACrYKqWtVt+sT/DXjav7Y=
-15,-21,wP2tYNzU/IWzXnIc+AWqB5CCtcw=,YcTLLRWqr3sUcEV/cn0fs8cNeys=
-14,-23,wP2tYNzU/IWzXnIc+AWqB5CCtcw=,L9kl8VPdm6qwrEiBSRy4+zIInVw=
-15,-20,wP2tYNzU/IWzXnIc+AWqB5CCtcw=,GmhvqpKTF1/fJr56s4/YsQEme4I=
-15,-22,wP2tYNzU/IWzXnIc+AWqB5CCtcw=,YcTLLRWqr3sUcEV/cn0fs8cNeys=
-15,-23,+WJEf3el81nWVv37zua7Cp/6jg4=,W2LZ95G4DzHWegMUJzka+KJhOx0=
-13,-23,1gXmckNm/ke0Jv+XfgAFJsk8VQw=,L9kl8VPdm6qwrEiBSRy4+zIInVw=
-12,-22,1gXmckNm/ke0Jv+XfgAFJsk8VQw=,Ghgq7R6SK06H56HKuE44YLTOG+I=
-13,-22,1gXmckNm/ke0Jv+XfgAFJsk8VQw=,QPUjHeACrYKqWtVt+sT/DXjav7Y=
-12,-23,c248mYoGjB+wCQHlgKKq/mNld+A=,VNyAHE5eea2wXR65K+NcWyXdWHo=
-10,-23,c248mYoGjB+wCQHlgKKq/mNld+A=,pgmmK7GdIyvZBFn9UCqMUYXyCYc=
-11,-23,c248mYoGjB+wCQHlgKKq/mNld+A=,VNyAHE5eea2wXR65K+NcWyXdWHo=
-11,-22,c248mYoGjB+wCQHlgKKq/mNld+A=,Ghgq7R6SK06H56HKuE44YLTOG+I=
-10,-22,c248mYoGjB+wCQHlgKKq/mNld+A=,yMAiYufcnhceelCs0lyzv4hS61I=
-9,-22,KEsV6rzBOdNSPOwRO7rlzGYiPng=,yMAiYufcnhceelCs0lyzv4hS61I=
-8,-22,KEsV6rzBOdNSPOwRO7rlzGYiPng=,lDzOdCnuh8aJTM4CgsuEUeeI3qs=
-8,-23,KEsV6rzBOdNSPOwRO7rlzGYiPng=,N+YzDLlLEUYsUViEOesRyeHBUaE=
-9,-23,KEsV6rzBOdNSPOwRO7rlzGYiPng=,pgmmK7GdIyvZBFn9UCqMUYXyCYc=
-6,-22,KEsV6rzBOdNSPOwRO7rlzGYiPng=,0f4uuq/1RYDA+cH7DmNbWnF5bNI=
-7,-23,MunYnvhK0Mi60RS9YOie8R0F2PU=,N+YzDLlLEUYsUViEOesRyeHBUaE=
-7,-22,MunYnvhK0Mi60RS9YOie8R0F2PU=,lDzOdCnuh8aJTM4CgsuEUeeI3qs=
-6,-23,MunYnvhK0Mi60RS9YOie8R0F2PU=,wySZCsnzT2IUVAVlgbWRRA/yK3I=
-7,-21,bWTb0iZu9sUJ8DDyZzmCaE9Utj0=,lDzOdCnuh8aJTM4CgsuEUeeI3qs=
-6,-20,bWTb0iZu9sUJ8DDyZzmCaE9Utj0=,40Mo3hmeQ+C7/vP687S9ZeL+nD4=
-7,-20,bWTb0iZu9sUJ8DDyZzmCaE9Utj0=,KJ+fh0PNrfC9dT2g+4RD8tkkCbE=
-5,-20,sm3Q28ikJwcp5WcPdTZ7aSPmje4=,40Mo3hmeQ+C7/vP687S9ZeL+nD4=
-4,-21,sm3Q28ikJwcp5WcPdTZ7aSPmje4=,cIC6qM5LNzJDtrD2MYMDJmXH/mc=
-5,-21,sm3Q28ikJwcp5WcPdTZ7aSPmje4=,0f4uuq/1RYDA+cH7DmNbWnF5bNI=
-6,-21,sm3Q28ikJwcp5WcPdTZ7aSPmje4=,0f4uuq/1RYDA+cH7DmNbWnF5bNI=
-4,-20,sm3Q28ikJwcp5WcPdTZ7aSPmje4=,2STj8qah2jKAUfYF6+2KHHdgvCg=
-4,-19,3dCeHmLFZ6SGaHqbFzJcFIEmO3A=,2STj8qah2jKAUfYF6+2KHHdgvCg=
-5,-18,3dCeHmLFZ6SGaHqbFzJcFIEmO3A=,1DVbnrkNG4AhoYBuVT0lU0twylc=
-5,-19,3dCeHmLFZ6SGaHqbFzJcFIEmO3A=,40Mo3hmeQ+C7/vP687S9ZeL+nD4=
-4,-18,3dCeHmLFZ6SGaHqbFzJcFIEmO3A=,rYpN+W8SKSBpO69HJLVDLLzV1Gw=
-3,-21,Bu5VM7GgFsNTe7VkYY+TeCVNBno=,cIC6qM5LNzJDtrD2MYMDJmXH/mc=
-3,-20,Bu5VM7GgFsNTe7VkYY+TeCVNBno=,2STj8qah2jKAUfYF6+2KHHdgvCg=
-2,-21,+rvRcyDyUgjJuQGcMeA7zE64A8A=,w4JvZShvMGHFxonAZXydo9S6lIA=
-2,-20,+rvRcyDyUgjJuQGcMeA7zE64A8A=,3iSA34VU65x1rbq4pWjh/UhdKso=
-3,-19,+rvRcyDyUgjJuQGcMeA7zE64A8A=,2STj8qah2jKAUfYF6+2KHHdgvCg=
-2,-18,+rvRcyDyUgjJuQGcMeA7zE64A8A=,PbehRJjQAUx4G8oys8sr84rrvw8=
-2,-19,+rvRcyDyUgjJuQGcMeA7zE64A8A=,3iSA34VU65x1rbq4pWjh/UhdKso=
-3,-18,+rvRcyDyUgjJuQGcMeA7zE64A8A=,rYpN+W8SKSBpO69HJLVDLLzV1Gw=
-5,-22,+rvRcyDyUgjJuQGcMeA7zE64A8A=,0f4uuq/1RYDA+cH7DmNbWnF5bNI=
-2,-23,+rvRcyDyUgjJuQGcMeA7zE64A8A=,rwd6AHTNSzUlivI4oC9uTAh7MQE=
-4,-22,JTOv47J8vGDPabfGapCZBjnU3AQ=,cIC6qM5LNzJDtrD2MYMDJmXH/mc=
-2,-22,JTOv47J8vGDPabfGapCZBjnU3AQ=,w4JvZShvMGHFxonAZXydo9S6lIA=
-5,-23,JTOv47J8vGDPabfGapCZBjnU3AQ=,wySZCsnzT2IUVAVlgbWRRA/yK3I=
-4,-23,JTOv47J8vGDPabfGapCZBjnU3AQ=,xcpOr8xObbVeKBwJYr4g3r0Oamw=
-3,-23,JTOv47J8vGDPabfGapCZBjnU3AQ=,xcpOr8xObbVeKBwJYr4g3r0Oamw=
-3,-22,JTOv47J8vGDPabfGapCZBjnU3AQ=,cIC6qM5LNzJDtrD2MYMDJmXH/mc=
-2,-25,6MhP6B9BFp5PolER8ihD9Uu56dQ=,Q+Wn0SsKkVQrjiPHjE0eQbq0t8E=
-2,-24,6MhP6B9BFp5PolER8ihD9Uu56dQ=,rwd6AHTNSzUlivI4oC9uTAh7MQE=
-3,-25,ju6PK2LPvlNZkTz3AynM+prI+Jo=,SgUsUuu8GbdlyEC75glXJQwCY2g=
-3,-24,ju6PK2LPvlNZkTz3AynM+prI+Jo=,xcpOr8xObbVeKBwJYr4g3r0Oamw=
-3,-26,ju6PK2LPvlNZkTz3AynM+prI+Jo=,SgUsUuu8GbdlyEC75glXJQwCY2g=
-3,-27,ju6PK2LPvlNZkTz3AynM+prI+Jo=,qHcc59E4Gy4IZaciND9DCIkL6PU=
-2,-27,ju6PK2LPvlNZkTz3AynM+prI+Jo=,1+TlnTlnhtqtYQBstlJI0OW+c/o=
-2,-26,ju6PK2LPvlNZkTz3AynM+prI+Jo=,Q+Wn0SsKkVQrjiPHjE0eQbq0t8E=
-3,-29,EK265lc8cFxR7cS5Q5tLtc7Q/C0=,hesiQ/oasyMGiGuDRvOfTQtBjDw=
-3,-28,EK265lc8cFxR7cS5Q5tLtc7Q/C0=,qHcc59E4Gy4IZaciND9DCIkL6PU=
-2,-29,EK265lc8cFxR7cS5Q5tLtc7Q/C0=,BOBICc1DB7x1NKoHClTtxCWaqow=
-2,-28,ESRFho2n7uGJi7vvuSFsNcsyTCM=,1+TlnTlnhtqtYQBstlJI0OW+c/o=
-4,-29,ESRFho2n7uGJi7vvuSFsNcsyTCM=,hesiQ/oasyMGiGuDRvOfTQtBjDw=
-5,-28,ESRFho2n7uGJi7vvuSFsNcsyTCM=,+uEIISqvxWwa1A4PT++QMwHUdBk=
-5,-29,ESRFho2n7uGJi7vvuSFsNcsyTCM=,9Jw081y8rGHr9lWFWLHJszgN1CA=
-4,-28,ESRFho2n7uGJi7vvuSFsNcsyTCM=,qHcc59E4Gy4IZaciND9DCIkL6PU=
-5,-30,ESRFho2n7uGJi7vvuSFsNcsyTCM=,9Jw081y8rGHr9lWFWLHJszgN1CA=
-5,-31,ESRFho2n7uGJi7vvuSFsNcsyTCM=,FU6tahETDL2g9LA9Z76iVmhv0+Y=
-4,-30,hGNdZymECQtFxhfe7AlI+3INiY4=,hesiQ/oasyMGiGuDRvOfTQtBjDw=
-4,-31,hGNdZymECQtFxhfe7AlI+3INiY4=,yF+wo3aIUSYBACbvSifszo3b9MI=
-6,-29,hGNdZymECQtFxhfe7AlI+3INiY4=,9Jw081y8rGHr9lWFWLHJszgN1CA=
-6,-28,hGNdZymECQtFxhfe7AlI+3INiY4=,+uEIISqvxWwa1A4PT++QMwHUdBk=
-7,-29,hGNdZymECQtFxhfe7AlI+3INiY4=,W33mnL+10igUXLNd+KtdZ1m0sB0=
-7,-28,hGNdZymECQtFxhfe7AlI+3INiY4=,eZOOSljQXv621tvilYsU4/PmAiQ=
-7,-31,hGNdZymECQtFxhfe7AlI+3INiY4=,Gt9j1PEeCpwt8GECv0OgQ3RwAis=
-6,-31,b0aJLBMwfMyj3tTp0sPRCV7WnRo=,FU6tahETDL2g9LA9Z76iVmhv0+Y=
-6,-30,b0aJLBMwfMyj3tTp0sPRCV7WnRo=,9Jw081y8rGHr9lWFWLHJszgN1CA=
-7,-30,b0aJLBMwfMyj3tTp0sPRCV7WnRo=,W33mnL+10igUXLNd+KtdZ1m0sB0=
-8,-28,b0aJLBMwfMyj3tTp0sPRCV7WnRo=,eZOOSljQXv621tvilYsU4/PmAiQ=
-9,-29,R5UKBZhE1Dblx+rKSw+d6TAQnuc=,WP0iF32a6Bbm9n6CmzWYAfIGfSk=
-8,-29,R5UKBZhE1Dblx+rKSw+d6TAQnuc=,W33mnL+10igUXLNd+KtdZ1m0sB0=
-8,-31,R5UKBZhE1Dblx+rKSw+d6TAQnuc=,Gt9j1PEeCpwt8GECv0OgQ3RwAis=
-8,-30,R5UKBZhE1Dblx+rKSw+d6TAQnuc=,W33mnL+10igUXLNd+KtdZ1m0sB0=
-9,-28,R5UKBZhE1Dblx+rKSw+d6TAQnuc=,tpW9CU6IQt3xX03f5BDepDqDaoA=
-9,-31,R5UKBZhE1Dblx+rKSw+d6TAQnuc=,ZjmUMu3cLDMS7Ps1g+zXU7HW6AI=
-9,-30,R5UKBZhE1Dblx+rKSw+d6TAQnuc=,WP0iF32a6Bbm9n6CmzWYAfIGfSk=
-10,-28,6bGuGSY4vVXm2inrE+O6ejklh0Q=,tpW9CU6IQt3xX03f5BDepDqDaoA=
-11,-28,6bGuGSY4vVXm2inrE+O6ejklh0Q=,X01UBD63TlJC7Be7arKHZQX7R5w=
-11,-29,6bGuGSY4vVXm2inrE+O6ejklh0Q=,/TWgwFhKP01Yp6d7ALZ0nsKaC2Y=
-10,-31,6bGuGSY4vVXm2inrE+O6ejklh0Q=,ZjmUMu3cLDMS7Ps1g+zXU7HW6AI=
-11,-31,6bGuGSY4vVXm2inrE+O6ejklh0Q=,ZxT3QpE05/jKdP4WXbQIv+33dVM=
-10,-30,6bGuGSY4vVXm2inrE+O6ejklh0Q=,WP0iF32a6Bbm9n6CmzWYAfIGfSk=
-10,-29,6bGuGSY4vVXm2inrE+O6ejklh0Q=,WP0iF32a6Bbm9n6CmzWYAfIGfSk=
-11,-30,EbHAAcvQgyG4VwT4lgrqA3YgPc8=,/TWgwFhKP01Yp6d7ALZ0nsKaC2Y=
-13,-28,EbHAAcvQgyG4VwT4lgrqA3YgPc8=,P/TQ4i3bs3rDFDaBF6XOYOa4sCo=
-12,-28,EbHAAcvQgyG4VwT4lgrqA3YgPc8=,X01UBD63TlJC7Be7arKHZQX7R5w=
-12,-29,EbHAAcvQgyG4VwT4lgrqA3YgPc8=,/TWgwFhKP01Yp6d7ALZ0nsKaC2Y=
-13,-29,EbHAAcvQgyG4VwT4lgrqA3YgPc8=,2x5MltCZHyWQWtC/R9hE7WFq9Fg=
-12,-31,EbHAAcvQgyG4VwT4lgrqA3YgPc8=,ZxT3QpE05/jKdP4WXbQIv+33dVM=
-13,-31,EbHAAcvQgyG4VwT4lgrqA3YgPc8=,nGIQBD+99yTDc2b8bbEJ/6vz3CI=
-13,-30,jNhkoUCVh7rTlZqh7AMFfCy7Qfs=,2x5MltCZHyWQWtC/R9hE7WFq9Fg=
-12,-30,jNhkoUCVh7rTlZqh7AMFfCy7Qfs=,/TWgwFhKP01Yp6d7ALZ0nsKaC2Y=
-14,-29,jNhkoUCVh7rTlZqh7AMFfCy7Qfs=,2x5MltCZHyWQWtC/R9hE7WFq9Fg=
-14,-28,jNhkoUCVh7rTlZqh7AMFfCy7Qfs=,P/TQ4i3bs3rDFDaBF6XOYOa4sCo=
-15,-29,jNhkoUCVh7rTlZqh7AMFfCy7Qfs=,IewduSoxJUbbqugqKr+UcmYrrBg=
-15,-28,jNhkoUCVh7rTlZqh7AMFfCy7Qfs=,eiRy4ekzyNxxMVH7/Mx3KRx2sms=
-14,-24,64JjBYtQ2xA5Z1QR4XfkhbIjSyc=,L9kl8VPdm6qwrEiBSRy4+zIInVw=
-15,-25,64JjBYtQ2xA5Z1QR4XfkhbIjSyc=,I+Ykf3p2JAu0lkdF0wemC0PSWnw=
-13,-25,64JjBYtQ2xA5Z1QR4XfkhbIjSyc=,wYxJJBn11WMXqTuCg5VPV4fRSkY=
-14,-25,64JjBYtQ2xA5Z1QR4XfkhbIjSyc=,wYxJJBn11WMXqTuCg5VPV4fRSkY=
-15,-24,64JjBYtQ2xA5Z1QR4XfkhbIjSyc=,W2LZ95G4DzHWegMUJzka+KJhOx0=
-12,-24,64JjBYtQ2xA5Z1QR4XfkhbIjSyc=,VNyAHE5eea2wXR65K+NcWyXdWHo=
-15,-26,64JjBYtQ2xA5Z1QR4XfkhbIjSyc=,I+Ykf3p2JAu0lkdF0wemC0PSWnw=
-12,-25,64JjBYtQ2xA5Z1QR4XfkhbIjSyc=,JkTCIbmS23m47y7ZWQ/GuX32cfg=
-14,-26,64JjBYtQ2xA5Z1QR4XfkhbIjSyc=,wYxJJBn11WMXqTuCg5VPV4fRSkY=
-12,-26,64JjBYtQ2xA5Z1QR4XfkhbIjSyc=,JkTCIbmS23m47y7ZWQ/GuX32cfg=
-14,-27,64JjBYtQ2xA5Z1QR4XfkhbIjSyc=,P/TQ4i3bs3rDFDaBF6XOYOa4sCo=
-13,-26,64JjBYtQ2xA5Z1QR4XfkhbIjSyc=,wYxJJBn11WMXqTuCg5VPV4fRSkY=
-13,-27,64JjBYtQ2xA5Z1QR4XfkhbIjSyc=,P/TQ4i3bs3rDFDaBF6XOYOa4sCo=
-13,-24,64JjBYtQ2xA5Z1QR4XfkhbIjSyc=,L9kl8VPdm6qwrEiBSRy4+zIInVw=
-15,-27,64JjBYtQ2xA5Z1QR4XfkhbIjSyc=,eiRy4ekzyNxxMVH7/Mx3KRx2sms=
-12,-27,64JjBYtQ2xA5Z1QR4XfkhbIjSyc=,X01UBD63TlJC7Be7arKHZQX7R5w=
-10,-25,64JjBYtQ2xA5Z1QR4XfkhbIjSyc=,ipkVxunYUT5rU5H8CW254tFd7JA=
-10,-26,0D4+waXvy4es2L6MlNfBH8S5Jhg=,ipkVxunYUT5rU5H8CW254tFd7JA=
-10,-27,0D4+waXvy4es2L6MlNfBH8S5Jhg=,tpW9CU6IQt3xX03f5BDepDqDaoA=
-11,-26,0D4+waXvy4es2L6MlNfBH8S5Jhg=,JkTCIbmS23m47y7ZWQ/GuX32cfg=
-11,-25,0D4+waXvy4es2L6MlNfBH8S5Jhg=,JkTCIbmS23m47y7ZWQ/GuX32cfg=
-11,-27,0D4+waXvy4es2L6MlNfBH8S5Jhg=,X01UBD63TlJC7Be7arKHZQX7R5w=
-10,-24,0D4+waXvy4es2L6MlNfBH8S5Jhg=,pgmmK7GdIyvZBFn9UCqMUYXyCYc=
-9,-25,0D4+waXvy4es2L6MlNfBH8S5Jhg=,ipkVxunYUT5rU5H8CW254tFd7JA=
-8,-26,0D4+waXvy4es2L6MlNfBH8S5Jhg=,Z1H4nLTYjLSe+aA3IIVQEBcRWYk=
-9,-24,0D4+waXvy4es2L6MlNfBH8S5Jhg=,pgmmK7GdIyvZBFn9UCqMUYXyCYc=
-8,-25,0D4+waXvy4es2L6MlNfBH8S5Jhg=,Z1H4nLTYjLSe+aA3IIVQEBcRWYk=
-11,-24,0D4+waXvy4es2L6MlNfBH8S5Jhg=,VNyAHE5eea2wXR65K+NcWyXdWHo=
-9,-26,0D4+waXvy4es2L6MlNfBH8S5Jhg=,ipkVxunYUT5rU5H8CW254tFd7JA=
-8,-27,0D4+waXvy4es2L6MlNfBH8S5Jhg=,eZOOSljQXv621tvilYsU4/PmAiQ=
-8,-24,0D4+waXvy4es2L6MlNfBH8S5Jhg=,N+YzDLlLEUYsUViEOesRyeHBUaE=
-9,-27,0D4+waXvy4es2L6MlNfBH8S5Jhg=,tpW9CU6IQt3xX03f5BDepDqDaoA=
-4,-27,ElVR8S44K1G+zQ4KV6/2038bbZo=,qHcc59E4Gy4IZaciND9DCIkL6PU=
-7,-26,ElVR8S44K1G+zQ4KV6/2038bbZo=,Z1H4nLTYjLSe+aA3IIVQEBcRWYk=
-7,-24,ElVR8S44K1G+zQ4KV6/2038bbZo=,N+YzDLlLEUYsUViEOesRyeHBUaE=
-13,-20,ElVR8S44K1G+zQ4KV6/2038bbZo=,cyzW4cZQo78DZHxz9rVUgUP4S7I=
-5,-26,ElVR8S44K1G+zQ4KV6/2038bbZo=,5Mphvo7qcM1255C/erxq/8mrpNw=
-13,-21,ElVR8S44K1G+zQ4KV6/2038bbZo=,QPUjHeACrYKqWtVt+sT/DXjav7Y=
-5,-27,ElVR8S44K1G+zQ4KV6/2038bbZo=,+uEIISqvxWwa1A4PT++QMwHUdBk=
-7,-25,ElVR8S44K1G+zQ4KV6/2038bbZo=,Z1H4nLTYjLSe+aA3IIVQEBcRWYk=
-12,-21,ElVR8S44K1G+zQ4KV6/2038bbZo=,Ghgq7R6SK06H56HKuE44YLTOG+I=
-6,-26,ElVR8S44K1G+zQ4KV6/2038bbZo=,5Mphvo7qcM1255C/erxq/8mrpNw=
-5,-25,ElVR8S44K1G+zQ4KV6/2038bbZo=,5Mphvo7qcM1255C/erxq/8mrpNw=
-4,-25,ElVR8S44K1G+zQ4KV6/2038bbZo=,SgUsUuu8GbdlyEC75glXJQwCY2g=
-7,-27,ElVR8S44K1G+zQ4KV6/2038bbZo=,eZOOSljQXv621tvilYsU4/PmAiQ=
-6,-27,ElVR8S44K1G+zQ4KV6/2038bbZo=,+uEIISqvxWwa1A4PT++QMwHUdBk=
-6,-25,ElVR8S44K1G+zQ4KV6/2038bbZo=,5Mphvo7qcM1255C/erxq/8mrpNw=
-12,-20,ElVR8S44K1G+zQ4KV6/2038bbZo=,nci8wn3yeWcfVFKvWv6TAiDYpTo=
-4,-26,ElVR8S44K1G+zQ4KV6/2038bbZo=,SgUsUuu8GbdlyEC75glXJQwCY2g=
-4,-24,2yKEKlhOoqU/1sD1YFN38YXwLQg=,xcpOr8xObbVeKBwJYr4g3r0Oamw=
-5,-24,2yKEKlhOoqU/1sD1YFN38YXwLQg=,wySZCsnzT2IUVAVlgbWRRA/yK3I=
-6,-24,2yKEKlhOoqU/1sD1YFN38YXwLQg=,wySZCsnzT2IUVAVlgbWRRA/yK3I=
-12,-19,2yKEKlhOoqU/1sD1YFN38YXwLQg=,nci8wn3yeWcfVFKvWv6TAiDYpTo=
-13,-19,2yKEKlhOoqU/1sD1YFN38YXwLQg=,cyzW4cZQo78DZHxz9rVUgUP4S7I=
-12,-18,2yKEKlhOoqU/1sD1YFN38YXwLQg=,u4MvMsr18GZk/RsW7rsYtcbHh20=
-13,-18,2yKEKlhOoqU/1sD1YFN38YXwLQg=,rJ43eA9ZJfRlfJ9GWppBosccijM=
-10,-20,2yKEKlhOoqU/1sD1YFN38YXwLQg=,7eLYE5dZ05E+HLZeQclzVUHQ0vU=
-11,-21,2yKEKlhOoqU/1sD1YFN38YXwLQg=,Ghgq7R6SK06H56HKuE44YLTOG+I=
-8,-21,2yKEKlhOoqU/1sD1YFN38YXwLQg=,lDzOdCnuh8aJTM4CgsuEUeeI3qs=
-10,-21,2yKEKlhOoqU/1sD1YFN38YXwLQg=,yMAiYufcnhceelCs0lyzv4hS61I=
-9,-21,2yKEKlhOoqU/1sD1YFN38YXwLQg=,yMAiYufcnhceelCs0lyzv4hS61I=
-11,-20,2yKEKlhOoqU/1sD1YFN38YXwLQg=,nci8wn3yeWcfVFKvWv6TAiDYpTo=
-8,-20,2yKEKlhOoqU/1sD1YFN38YXwLQg=,KJ+fh0PNrfC9dT2g+4RD8tkkCbE=
-9,-20,5NdIsyCq3OUI9aIdaaX4MaE28hY=,7eLYE5dZ05E+HLZeQclzVUHQ0vU=
-10,-18,5NdIsyCq3OUI9aIdaaX4MaE28hY=,sE6hR7aWZ1eSel3DzDwi1J/8awg=
-10,-19,5NdIsyCq3OUI9aIdaaX4MaE28hY=,7eLYE5dZ05E+HLZeQclzVUHQ0vU=
-9,-19,5NdIsyCq3OUI9aIdaaX4MaE28hY=,7eLYE5dZ05E+HLZeQclzVUHQ0vU=
-11,-18,5NdIsyCq3OUI9aIdaaX4MaE28hY=,u4MvMsr18GZk/RsW7rsYtcbHh20=
-6,-18,5NdIsyCq3OUI9aIdaaX4MaE28hY=,1DVbnrkNG4AhoYBuVT0lU0twylc=
-11,-19,5NdIsyCq3OUI9aIdaaX4MaE28hY=,nci8wn3yeWcfVFKvWv6TAiDYpTo=
-7,-19,5NdIsyCq3OUI9aIdaaX4MaE28hY=,KJ+fh0PNrfC9dT2g+4RD8tkkCbE=
-7,-18,5NdIsyCq3OUI9aIdaaX4MaE28hY=,1FwzC3jErziuIvpQX+KeKf34Ofk=
-9,-17,5NdIsyCq3OUI9aIdaaX4MaE28hY=,sE6hR7aWZ1eSel3DzDwi1J/8awg=
-13,-17,5NdIsyCq3OUI9aIdaaX4MaE28hY=,rJ43eA9ZJfRlfJ9GWppBosccijM=
-15,-17,5NdIsyCq3OUI9aIdaaX4MaE28hY=,NXHU7V5qf9x13UlPfR66YIQ4/F0=
-8,-17,5NdIsyCq3OUI9aIdaaX4MaE28hY=,1FwzC3jErziuIvpQX+KeKf34Ofk=
-10,-17,5NdIsyCq3OUI9aIdaaX4MaE28hY=,sE6hR7aWZ1eSel3DzDwi1J/8awg=
-14,-17,5NdIsyCq3OUI9aIdaaX4MaE28hY=,rJ43eA9ZJfRlfJ9GWppBosccijM=
-7,-17,PAcbJD/gUBH3j1agj6PbYVXlkO0=,1FwzC3jErziuIvpQX+KeKf34Ofk=
-6,-19,PAcbJD/gUBH3j1agj6PbYVXlkO0=,40Mo3hmeQ+C7/vP687S9ZeL+nD4=
-12,-17,PAcbJD/gUBH3j1agj6PbYVXlkO0=,u4MvMsr18GZk/RsW7rsYtcbHh20=
-2,-17,PAcbJD/gUBH3j1agj6PbYVXlkO0=,PbehRJjQAUx4G8oys8sr84rrvw8=
-8,-19,PAcbJD/gUBH3j1agj6PbYVXlkO0=,KJ+fh0PNrfC9dT2g+4RD8tkkCbE=
-9,-18,PAcbJD/gUBH3j1agj6PbYVXlkO0=,sE6hR7aWZ1eSel3DzDwi1J/8awg=
-6,-17,PAcbJD/gUBH3j1agj6PbYVXlkO0=,1DVbnrkNG4AhoYBuVT0lU0twylc=
-4,-17,PAcbJD/gUBH3j1agj6PbYVXlkO0=,rYpN+W8SKSBpO69HJLVDLLzV1Gw=
-5,-17,PAcbJD/gUBH3j1agj6PbYVXlkO0=,1DVbnrkNG4AhoYBuVT0lU0twylc=
-3,-17,PAcbJD/gUBH3j1agj6PbYVXlkO0=,rYpN+W8SKSBpO69HJLVDLLzV1Gw=
-8,-18,PAcbJD/gUBH3j1agj6PbYVXlkO0=,1FwzC3jErziuIvpQX+KeKf34Ofk=
-11,-17,PAcbJD/gUBH3j1agj6PbYVXlkO0=,u4MvMsr18GZk/RsW7rsYtcbHh20=
-1,-18,PAcbJD/gUBH3j1agj6PbYVXlkO0=,PbehRJjQAUx4G8oys8sr84rrvw8=
-1,-23,FV8m5+qr6B79ENSgoHJ4MJ5+YJk=,rwd6AHTNSzUlivI4oC9uTAh7MQE=
-1,-25,FV8m5+qr6B79ENSgoHJ4MJ5+YJk=,Q+Wn0SsKkVQrjiPHjE0eQbq0t8E=
-1,-27,FV8m5+qr6B79ENSgoHJ4MJ5+YJk=,1+TlnTlnhtqtYQBstlJI0OW+c/o=
-1,-22,FV8m5+qr6B79ENSgoHJ4MJ5+YJk=,w4JvZShvMGHFxonAZXydo9S6lIA=
-1,-24,FV8m5+qr6B79ENSgoHJ4MJ5+YJk=,rwd6AHTNSzUlivI4oC9uTAh7MQE=
-1,-19,FV8m5+qr6B79ENSgoHJ4MJ5+YJk=,3iSA34VU65x1rbq4pWjh/UhdKso=
-1,-21,FV8m5+qr6B79ENSgoHJ4MJ5+YJk=,w4JvZShvMGHFxonAZXydo9S6lIA=
-1,-20,FV8m5+qr6B79ENSgoHJ4MJ5+YJk=,3iSA34VU65x1rbq4pWjh/UhdKso=
-1,-28,FV8m5+qr6B79ENSgoHJ4MJ5+YJk=,1+TlnTlnhtqtYQBstlJI0OW+c/o=
-1,-29,FV8m5+qr6B79ENSgoHJ4MJ5+YJk=,BOBICc1DB7x1NKoHClTtxCWaqow=
-1,-26,FV8m5+qr6B79ENSgoHJ4MJ5+YJk=,Q+Wn0SsKkVQrjiPHjE0eQbq0t8E=
-5,-32,yimOAbKjnCU/CDGy81oQDej6WBU=,FU6tahETDL2g9LA9Z76iVmhv0+Y=
-3,-30,yimOAbKjnCU/CDGy81oQDej6WBU=,hesiQ/oasyMGiGuDRvOfTQtBjDw=
-3,-31,yimOAbKjnCU/CDGy81oQDej6WBU=,yF+wo3aIUSYBACbvSifszo3b9MI=
-7,-32,yimOAbKjnCU/CDGy81oQDej6WBU=,Gt9j1PEeCpwt8GECv0OgQ3RwAis=
-6,-32,yimOAbKjnCU/CDGy81oQDej6WBU=,FU6tahETDL2g9LA9Z76iVmhv0+Y=
-3,-32,yimOAbKjnCU/CDGy81oQDej6WBU=,yF+wo3aIUSYBACbvSifszo3b9MI=
-8,-32,yimOAbKjnCU/CDGy81oQDej6WBU=,Gt9j1PEeCpwt8GECv0OgQ3RwAis=
-9,-32,yimOAbKjnCU/CDGy81oQDej6WBU=,ZjmUMu3cLDMS7Ps1g+zXU7HW6AI=
-2,-31,yimOAbKjnCU/CDGy81oQDej6WBU=,Q5mrlqZgJu6wINGU4HJwJQ/pd58=
-2,-32,yimOAbKjnCU/CDGy81oQDej6WBU=,Q5mrlqZgJu6wINGU4HJwJQ/pd58=
-2,-30,yimOAbKjnCU/CDGy81oQDej6WBU=,BOBICc1DB7x1NKoHClTtxCWaqow=
-4,-32,yimOAbKjnCU/CDGy81oQDej6WBU=,yF+wo3aIUSYBACbvSifszo3b9MI=
-1,-31,yimOAbKjnCU/CDGy81oQDej6WBU=,Q5mrlqZgJu6wINGU4HJwJQ/pd58=
-1,-30,yimOAbKjnCU/CDGy81oQDej6WBU=,BOBICc1DB7x1NKoHClTtxCWaqow=
-12,-32,4NbLpcz7dq/AZPLDF43UzU8r4bs=,ZxT3QpE05/jKdP4WXbQIv+33dVM=
-11,-32,4NbLpcz7dq/AZPLDF43UzU8r4bs=,ZxT3QpE05/jKdP4WXbQIv+33dVM=
-10,-32,4NbLpcz7dq/AZPLDF43UzU8r4bs=,ZjmUMu3cLDMS7Ps1g+zXU7HW6AI=
-13,-32,4NbLpcz7dq/AZPLDF43UzU8r4bs=,nGIQBD+99yTDc2b8bbEJ/6vz3CI=
-16,-29,4NbLpcz7dq/AZPLDF43UzU8r4bs=,IewduSoxJUbbqugqKr+UcmYrrBg=
-15,-30,4NbLpcz7dq/AZPLDF43UzU8r4bs=,IewduSoxJUbbqugqKr+UcmYrrBg=
-15,-32,4NbLpcz7dq/AZPLDF43UzU8r4bs=,x48+/r8qDTk289a6hrYGzi2blcA=
-16,-30,4NbLpcz7dq/AZPLDF43UzU8r4bs=,IewduSoxJUbbqugqKr+UcmYrrBg=
-16,-28,4NbLpcz7dq/AZPLDF43UzU8r4bs=,eiRy4ekzyNxxMVH7/Mx3KRx2sms=
-14,-32,4NbLpcz7dq/AZPLDF43UzU8r4bs=,nGIQBD+99yTDc2b8bbEJ/6vz3CI=
-16,-31,4NbLpcz7dq/AZPLDF43UzU8r4bs=,x48+/r8qDTk289a6hrYGzi2blcA=
-14,-30,4NbLpcz7dq/AZPLDF43UzU8r4bs=,2x5MltCZHyWQWtC/R9hE7WFq9Fg=
-14,-31,4/dUQpDO5xJVGGqYdw0vX5iGh/A=,nGIQBD+99yTDc2b8bbEJ/6vz3CI=
-15,-31,4/dUQpDO5xJVGGqYdw0vX5iGh/A=,x48+/r8qDTk289a6hrYGzi2blcA=
-16,-25,4/dUQpDO5xJVGGqYdw0vX5iGh/A=,I+Ykf3p2JAu0lkdF0wemC0PSWnw=
-16,-26,4/dUQpDO5xJVGGqYdw0vX5iGh/A=,I+Ykf3p2JAu0lkdF0wemC0PSWnw=
-16,-24,4/dUQpDO5xJVGGqYdw0vX5iGh/A=,W2LZ95G4DzHWegMUJzka+KJhOx0=
-16,-20,4/dUQpDO5xJVGGqYdw0vX5iGh/A=,GmhvqpKTF1/fJr56s4/YsQEme4I=
-16,-27,4/dUQpDO5xJVGGqYdw0vX5iGh/A=,eiRy4ekzyNxxMVH7/Mx3KRx2sms=
-16,-17,4/dUQpDO5xJVGGqYdw0vX5iGh/A=,NXHU7V5qf9x13UlPfR66YIQ4/F0=
-16,-22,4/dUQpDO5xJVGGqYdw0vX5iGh/A=,YcTLLRWqr3sUcEV/cn0fs8cNeys=
-16,-23,4/dUQpDO5xJVGGqYdw0vX5iGh/A=,W2LZ95G4DzHWegMUJzka+KJhOx0=
-16,-19,4/dUQpDO5xJVGGqYdw0vX5iGh/A=,GmhvqpKTF1/fJr56s4/YsQEme4I=
-16,-21,4/dUQpDO5xJVGGqYdw0vX5iGh/A=,YcTLLRWqr3sUcEV/cn0fs8cNeys=
-16,-18,4/dUQpDO5xJVGGqYdw0vX5iGh/A=,NXHU7V5qf9x13UlPfR66YIQ4/F0=
-1,-32,4/dUQpDO5xJVGGqYdw0vX5iGh/A=,Q5mrlqZgJu6wINGU4HJwJQ/pd58=
-16,-32,4/dUQpDO5xJVGGqYdw0vX5iGh/A=,x48+/r8qDTk289a6hrYGzi2blcA=
-1,-17,4/dUQpDO5xJVGGqYdw0vX5iGh/A=,PbehRJjQAUx4G8oys8sr84rrvw8=
-31,-19,n/dc8xrt70Ikjvv6ftpLf6oCwtI=,J9ksxUeskHdBw2gasssTzTuk0XI=
-30,-18,n/dc8xrt70Ikjvv6ftpLf6oCwtI=,2TZpDvYbyi76BRESx8ER+k4lXAA=
-30,-19,n/dc8xrt70Ikjvv6ftpLf6oCwtI=,fSLg/gJPoqEjKeOyXIO4NSm00Kg=
-31,-18,n/dc8xrt70Ikjvv6ftpLf6oCwtI=,wzMNlgia0fKpXXcbiR9pmNwLV44=
-30,-21,ev9HGuomLCplThpCi+aTq+dI5v0=,uJ5Sv7cKnWo5OoMlUpngPhxEHMo=
-30,-20,s5U1tSiVPpPHzjNh2lrfaDshL6c=,fSLg/gJPoqEjKeOyXIO4NSm00Kg=
-31,-21,s5U1tSiVPpPHzjNh2lrfaDshL6c=,RNABv2c/Q0ObUWPL6SpIe1+m91s=
-31,-20,s5U1tSiVPpPHzjNh2lrfaDshL6c=,J9ksxUeskHdBw2gasssTzTuk0XI=
-29,-21,s5U1tSiVPpPHzjNh2lrfaDshL6c=,uJ5Sv7cKnWo5OoMlUpngPhxEHMo=
-28,-21,BV+YlV2KyprJsBGq8D9/4FCiWU0=,9wuK1vvfOYcthtROdLRcs5bcfM4=
-29,-20,BV+YlV2KyprJsBGq8D9/4FCiWU0=,fSLg/gJPoqEjKeOyXIO4NSm00Kg=
-28,-20,BV+YlV2KyprJsBGq8D9/4FCiWU0=,frVVTaK/qFcwudLsGIBNczbgdbQ=
-28,-22,BV+YlV2KyprJsBGq8D9/4FCiWU0=,9wuK1vvfOYcthtROdLRcs5bcfM4=
-28,-23,BV+YlV2KyprJsBGq8D9/4FCiWU0=,Z1HHf/TYKv6u+jSMiOH1c5V4Miw=
-29,-22,btd9i0IGh+h4LqLaIdZ+sXlzdPk=,uJ5Sv7cKnWo5OoMlUpngPhxEHMo=
-29,-23,btd9i0IGh+h4LqLaIdZ+sXlzdPk=,02Z8sqKJLNS6ukj1yW2iFvbREMA=
-28,-24,btd9i0IGh+h4LqLaIdZ+sXlzdPk=,Z1HHf/TYKv6u+jSMiOH1c5V4Miw=
-28,-25,btd9i0IGh+h4LqLaIdZ+sXlzdPk=,U0HxivDB3Y2rniEFd3EMTzNst1o=
-29,-24,btd9i0IGh+h4LqLaIdZ+sXlzdPk=,02Z8sqKJLNS6ukj1yW2iFvbREMA=
-29,-25,yQzUckVseb4RZABnr6IjUFYC8ug=,noB2szLJKHmH0CPtUVdKUlx1Qrg=
-28,-27,yQzUckVseb4RZABnr6IjUFYC8ug=,SudlGtEew0jY3rXuVntVOeO79Gk=
-29,-27,yQzUckVseb4RZABnr6IjUFYC8ug=,VMmyIdFFV1ZYR/1M7+RFnyn+Lgw=
-28,-26,yQzUckVseb4RZABnr6IjUFYC8ug=,U0HxivDB3Y2rniEFd3EMTzNst1o=
-29,-26,yQzUckVseb4RZABnr6IjUFYC8ug=,noB2szLJKHmH0CPtUVdKUlx1Qrg=
-29,-28,2UIMUqri94Cd2oT2XoABENn3Bkw=,VMmyIdFFV1ZYR/1M7+RFnyn+Lgw=
-31,-28,2UIMUqri94Cd2oT2XoABENn3Bkw=,f0OS4N5CTSHb/4c8o7IGwNxIIWo=
-29,-29,2UIMUqri94Cd2oT2XoABENn3Bkw=,Hd4wdWLz66eG9x3MmOhaxWzjzqU=
-31,-29,3xTVgiOdvyxNx9l9MS32xTmiHlA=,BQnmQC0eFGfuu+RiG8ext71BvMw=
-30,-28,3xTVgiOdvyxNx9l9MS32xTmiHlA=,VMmyIdFFV1ZYR/1M7+RFnyn+Lgw=
-28,-28,3xTVgiOdvyxNx9l9MS32xTmiHlA=,SudlGtEew0jY3rXuVntVOeO79Gk=
-30,-29,3xTVgiOdvyxNx9l9MS32xTmiHlA=,Hd4wdWLz66eG9x3MmOhaxWzjzqU=
-28,-29,3xTVgiOdvyxNx9l9MS32xTmiHlA=,JKbITfZSrhFVKBlVUwD9Km5/PLE=
-29,-31,3xTVgiOdvyxNx9l9MS32xTmiHlA=,EBQOc6akZDk+7ghSOlfkvdZWH6o=
-29,-30,3xTVgiOdvyxNx9l9MS32xTmiHlA=,Hd4wdWLz66eG9x3MmOhaxWzjzqU=
-28,-30,3xTVgiOdvyxNx9l9MS32xTmiHlA=,JKbITfZSrhFVKBlVUwD9Km5/PLE=
-28,-31,uhEqIoqD0+qNP6XEGqr552A42Wg=,v3davs/u4qjxOWMtwatSTmlLTlE=
-30,-30,uhEqIoqD0+qNP6XEGqr552A42Wg=,Hd4wdWLz66eG9x3MmOhaxWzjzqU=
-30,-31,uhEqIoqD0+qNP6XEGqr552A42Wg=,EBQOc6akZDk+7ghSOlfkvdZWH6o=
-31,-31,uhEqIoqD0+qNP6XEGqr552A42Wg=,PZeNd9x3mt5U6cPCdT4lnfdQfOw=
-31,-30,uhEqIoqD0+qNP6XEGqr552A42Wg=,BQnmQC0eFGfuu+RiG8ext71BvMw=
-26,-31,uhEqIoqD0+qNP6XEGqr552A42Wg=,A8Rsyhgr55FCiijHMgbKWBzEL/M=
-27,-31,n6l2huI7PzWdbTG9nefK5ptI7yw=,v3davs/u4qjxOWMtwatSTmlLTlE=
-26,-30,n6l2huI7PzWdbTG9nefK5ptI7yw=,nw8pfk2wNDt5534DsGDA1IqjUy0=
-27,-30,n6l2huI7PzWdbTG9nefK5ptI7yw=,JKbITfZSrhFVKBlVUwD9Km5/PLE=
-23,-31,Wi01v6eqXGkPNHuZin+YEOEYJZI=,OiCNuM/WulkXZ7wBO7nphfQAzh0=
-24,-30,Wi01v6eqXGkPNHuZin+YEOEYJZI=,fMP57pgjPerZ+9andsbWuwuBVEg=
-25,-30,Wi01v6eqXGkPNHuZin+YEOEYJZI=,nw8pfk2wNDt5534DsGDA1IqjUy0=
-23,-30,Wi01v6eqXGkPNHuZin+YEOEYJZI=,fMP57pgjPerZ+9andsbWuwuBVEg=
-24,-31,Wi01v6eqXGkPNHuZin+YEOEYJZI=,OiCNuM/WulkXZ7wBO7nphfQAzh0=
-22,-30,Wi01v6eqXGkPNHuZin+YEOEYJZI=,6i9nHmAxInOoZO3wIpjv+oS923o=
-25,-31,Wi01v6eqXGkPNHuZin+YEOEYJZI=,A8Rsyhgr55FCiijHMgbKWBzEL/M=
-22,-31,O0OL4fquqBYO6ByqQJqZ9fI/sHQ=,c3fHLgji6FeShronob+xkO0HvC0=
-18,-31,O0OL4fquqBYO6ByqQJqZ9fI/sHQ=,eyYLJqR1PwUkyeLXGiRsnYuVrBA=
-19,-31,dOUsoSxf+3kE8x9764xmCjVGvx8=,S4ATRGFL2SxVsh1/jFren/6ucrc=
-20,-31,dOUsoSxf+3kE8x9764xmCjVGvx8=,S4ATRGFL2SxVsh1/jFren/6ucrc=
-21,-31,dOUsoSxf+3kE8x9764xmCjVGvx8=,c3fHLgji6FeShronob+xkO0HvC0=
-20,-30,dOUsoSxf+3kE8x9764xmCjVGvx8=,JQexBzs81QIA7zERwYQCGcMYalw=
-18,-30,dOUsoSxf+3kE8x9764xmCjVGvx8=,OHAdr2vj+VH0uJUDH3sgdMFNncM=
-19,-30,dOUsoSxf+3kE8x9764xmCjVGvx8=,JQexBzs81QIA7zERwYQCGcMYalw=
-21,-30,dOUsoSxf+3kE8x9764xmCjVGvx8=,6i9nHmAxInOoZO3wIpjv+oS923o=
-18,-29,ZXn4aGSgkNpzy33RDDukpOjfD5Q=,OHAdr2vj+VH0uJUDH3sgdMFNncM=
-19,-28,ZXn4aGSgkNpzy33RDDukpOjfD5Q=,O2GqUPIaYWe7OxqXugSe/DTiPlM=
-19,-29,ZXn4aGSgkNpzy33RDDukpOjfD5Q=,JQexBzs81QIA7zERwYQCGcMYalw=
-18,-28,ZXn4aGSgkNpzy33RDDukpOjfD5Q=,IoIBwjGBkdrJrmf4F9ozaLwgykM=
-19,-27,ZXn4aGSgkNpzy33RDDukpOjfD5Q=,O2GqUPIaYWe7OxqXugSe/DTiPlM=
-19,-26,ZXn4aGSgkNpzy33RDDukpOjfD5Q=,1CATUD/+gMjxrEJtIMhxdVQq8eI=
-18,-27,ZXn4aGSgkNpzy33RDDukpOjfD5Q=,IoIBwjGBkdrJrmf4F9ozaLwgykM=
-18,-26,ZXn4aGSgkNpzy33RDDukpOjfD5Q=,cFuv4baQfmVTQjuvhv0JMEB+VSI=
-18,-25,xvxljIljf/d5vvDEStJwn5VOi4k=,cFuv4baQfmVTQjuvhv0JMEB+VSI=
-18,-24,xvxljIljf/d5vvDEStJwn5VOi4k=,Zj6RZArl/FltsqoSt9QtkZWc9AE=
-19,-25,xvxljIljf/d5vvDEStJwn5VOi4k=,1CATUD/+gMjxrEJtIMhxdVQq8eI=
-19,-24,T1MiS7ffRgD01lzpY0qnuKG1fmA=,TrIq2986JKif+CF5XdlJfDoVCc8=
-18,-23,T1MiS7ffRgD01lzpY0qnuKG1fmA=,Zj6RZArl/FltsqoSt9QtkZWc9AE=
-18,-22,T1MiS7ffRgD01lzpY0qnuKG1fmA=,DtVnvuWxxsugT2e51E/o/O642T4=
-19,-23,T1MiS7ffRgD01lzpY0qnuKG1fmA=,TrIq2986JKif+CF5XdlJfDoVCc8=
-19,-22,T1MiS7ffRgD01lzpY0qnuKG1fmA=,p/+IZXiJfg7UZtfPm9slBk24oUM=
-19,-21,iEvA7ld8ho+QCsCtvh+8QxL5khg=,p/+IZXiJfg7UZtfPm9slBk24oUM=
-19,-20,iEvA7ld8ho+QCsCtvh+8QxL5khg=,JsjpoXQh/t+DzqsBeZfNYQSEofk=
-18,-21,iEvA7ld8ho+QCsCtvh+8QxL5khg=,DtVnvuWxxsugT2e51E/o/O642T4=
-18,-20,iEvA7ld8ho+QCsCtvh+8QxL5khg=,SWKVHoZ1DfbyXcdCgIGq2JIrkSk=
-20,-20,ltYIsQfYawXxXj8uFie3qAYkuy0=,JsjpoXQh/t+DzqsBeZfNYQSEofk=
-21,-20,ltYIsQfYawXxXj8uFie3qAYkuy0=,gOx4jFn914wyHX2+Uk8n9poifVE=
-21,-21,ltYIsQfYawXxXj8uFie3qAYkuy0=,O/2taqQyr1dnOJLM8W3S/S3h1lo=
-20,-21,ltYIsQfYawXxXj8uFie3qAYkuy0=,p/+IZXiJfg7UZtfPm9slBk24oUM=
-20,-23,07fXvL7KJz8B/FDlbkaie3j2wHA=,TrIq2986JKif+CF5XdlJfDoVCc8=
-20,-22,07fXvL7KJz8B/FDlbkaie3j2wHA=,p/+IZXiJfg7UZtfPm9slBk24oUM=
-21,-22,07fXvL7KJz8B/FDlbkaie3j2wHA=,O/2taqQyr1dnOJLM8W3S/S3h1lo=
-21,-23,07fXvL7KJz8B/FDlbkaie3j2wHA=,0n4PYVCERJRxq/C7Zn+mVXrGPtc=
-21,-25,07fXvL7KJz8B/FDlbkaie3j2wHA=,XOhhfRfCL6GYQTd8y6cvhjNLQ7g=
-20,-25,07fXvL7KJz8B/FDlbkaie3j2wHA=,1CATUD/+gMjxrEJtIMhxdVQq8eI=
-20,-24,07fXvL7KJz8B/FDlbkaie3j2wHA=,TrIq2986JKif+CF5XdlJfDoVCc8=
-21,-24,07fXvL7KJz8B/FDlbkaie3j2wHA=,0n4PYVCERJRxq/C7Zn+mVXrGPtc=
-22,-25,1wSb8L9vVgQNPOlCrTCMbnr07KE=,XOhhfRfCL6GYQTd8y6cvhjNLQ7g=
-23,-24,1wSb8L9vVgQNPOlCrTCMbnr07KE=,R8Vfoe9W4/dJ0neVkcaqV4zSmgc=
-23,-25,1wSb8L9vVgQNPOlCrTCMbnr07KE=,1qjAdODYZVFP/RRCmJwdhqNISos=
-22,-24,1wSb8L9vVgQNPOlCrTCMbnr07KE=,0n4PYVCERJRxq/C7Zn+mVXrGPtc=
-25,-25,1wSb8L9vVgQNPOlCrTCMbnr07KE=,pt++hHvprJE9cpYOKlkyuZjmZec=
-24,-24,Xe8cHwWdIma63NgGKsZFwNEV0H4=,R8Vfoe9W4/dJ0neVkcaqV4zSmgc=
-27,-23,Xe8cHwWdIma63NgGKsZFwNEV0H4=,Z1HHf/TYKv6u+jSMiOH1c5V4Miw=
-24,-25,Xe8cHwWdIma63NgGKsZFwNEV0H4=,1qjAdODYZVFP/RRCmJwdhqNISos=
-27,-22,Xe8cHwWdIma63NgGKsZFwNEV0H4=,9wuK1vvfOYcthtROdLRcs5bcfM4=
-26,-23,Xe8cHwWdIma63NgGKsZFwNEV0H4=,uVUfRpwkGdxmG9qkV19Rm6OfV/M=
-27,-25,Xe8cHwWdIma63NgGKsZFwNEV0H4=,U0HxivDB3Y2rniEFd3EMTzNst1o=
-26,-24,Xe8cHwWdIma63NgGKsZFwNEV0H4=,uVUfRpwkGdxmG9qkV19Rm6OfV/M=
-26,-22,Xe8cHwWdIma63NgGKsZFwNEV0H4=,qOZIRDMRYFi/5MAkg+/tNVZciXY=
-25,-24,Xe8cHwWdIma63NgGKsZFwNEV0H4=,uVUfRpwkGdxmG9qkV19Rm6OfV/M=
-27,-24,Xe8cHwWdIma63NgGKsZFwNEV0H4=,Z1HHf/TYKv6u+jSMiOH1c5V4Miw=
-26,-25,Xe8cHwWdIma63NgGKsZFwNEV0H4=,pt++hHvprJE9cpYOKlkyuZjmZec=
-24,-22,lCOeGjibzomfiXMLFzcbBAnJ9RM=,TUZuocqJP23dlDaNvRcTuLsvots=
-23,-22,lCOeGjibzomfiXMLFzcbBAnJ9RM=,TUZuocqJP23dlDaNvRcTuLsvots=
-24,-23,lCOeGjibzomfiXMLFzcbBAnJ9RM=,R8Vfoe9W4/dJ0neVkcaqV4zSmgc=
-23,-23,lCOeGjibzomfiXMLFzcbBAnJ9RM=,R8Vfoe9W4/dJ0neVkcaqV4zSmgc=
-22,-23,lCOeGjibzomfiXMLFzcbBAnJ9RM=,0n4PYVCERJRxq/C7Zn+mVXrGPtc=
-25,-22,lCOeGjibzomfiXMLFzcbBAnJ9RM=,qOZIRDMRYFi/5MAkg+/tNVZciXY=
-22,-22,lCOeGjibzomfiXMLFzcbBAnJ9RM=,O/2taqQyr1dnOJLM8W3S/S3h1lo=
-25,-23,lCOeGjibzomfiXMLFzcbBAnJ9RM=,uVUfRpwkGdxmG9qkV19Rm6OfV/M=
-27,-21,lCOeGjibzomfiXMLFzcbBAnJ9RM=,9wuK1vvfOYcthtROdLRcs5bcfM4=
-26,-21,lCOeGjibzomfiXMLFzcbBAnJ9RM=,qOZIRDMRYFi/5MAkg+/tNVZciXY=
-23,-20,lCOeGjibzomfiXMLFzcbBAnJ9RM=,ae1QQebjuZiHjUnJGNlkS0Lj5mo=
-27,-20,hceNTNSvg3GUv/yzWfOPuCNFu/o=,frVVTaK/qFcwudLsGIBNczbgdbQ=
-26,-20,hceNTNSvg3GUv/yzWfOPuCNFu/o=,NjS+jDiC4MGrGV162g8cbXUD9jU=
-22,-20,hceNTNSvg3GUv/yzWfOPuCNFu/o=,gOx4jFn914wyHX2+Uk8n9poifVE=
-22,-21,hceNTNSvg3GUv/yzWfOPuCNFu/o=,O/2taqQyr1dnOJLM8W3S/S3h1lo=
-25,-21,hceNTNSvg3GUv/yzWfOPuCNFu/o=,qOZIRDMRYFi/5MAkg+/tNVZciXY=
-24,-20,hceNTNSvg3GUv/yzWfOPuCNFu/o=,ae1QQebjuZiHjUnJGNlkS0Lj5mo=
-23,-21,hceNTNSvg3GUv/yzWfOPuCNFu/o=,TUZuocqJP23dlDaNvRcTuLsvots=
-25,-20,hceNTNSvg3GUv/yzWfOPuCNFu/o=,NjS+jDiC4MGrGV162g8cbXUD9jU=
-24,-21,hceNTNSvg3GUv/yzWfOPuCNFu/o=,TUZuocqJP23dlDaNvRcTuLsvots=
-22,-19,hceNTNSvg3GUv/yzWfOPuCNFu/o=,gOx4jFn914wyHX2+Uk8n9poifVE=
-23,-19,hceNTNSvg3GUv/yzWfOPuCNFu/o=,ae1QQebjuZiHjUnJGNlkS0Lj5mo=
-23,-18,hceNTNSvg3GUv/yzWfOPuCNFu/o=,F4Km3hznD1oH/epc/Nn0a1u/cnc=
-24,-19,Hm11ltexRw/88oWIwDydvwcx+q4=,ae1QQebjuZiHjUnJGNlkS0Lj5mo=
-25,-17,Hm11ltexRw/88oWIwDydvwcx+q4=,Ty401O1vxqPi0DaqCbu0zGHCuAw=
-26,-19,Hm11ltexRw/88oWIwDydvwcx+q4=,NjS+jDiC4MGrGV162g8cbXUD9jU=
-22,-18,Hm11ltexRw/88oWIwDydvwcx+q4=,wM7XdF+q3i9vGIMQgDSRT7muoGc=
-27,-17,Hm11ltexRw/88oWIwDydvwcx+q4=,9cvGkctzVYLI5Blt16F/mVG+szM=
-25,-19,Hm11ltexRw/88oWIwDydvwcx+q4=,NjS+jDiC4MGrGV162g8cbXUD9jU=
-29,-18,Hm11ltexRw/88oWIwDydvwcx+q4=,2TZpDvYbyi76BRESx8ER+k4lXAA=
-26,-18,Hm11ltexRw/88oWIwDydvwcx+q4=,Ty401O1vxqPi0DaqCbu0zGHCuAw=
-25,-18,Hm11ltexRw/88oWIwDydvwcx+q4=,Ty401O1vxqPi0DaqCbu0zGHCuAw=
-26,-17,Hm11ltexRw/88oWIwDydvwcx+q4=,Ty401O1vxqPi0DaqCbu0zGHCuAw=
-27,-18,Hm11ltexRw/88oWIwDydvwcx+q4=,9cvGkctzVYLI5Blt16F/mVG+szM=
-24,-18,Hm11ltexRw/88oWIwDydvwcx+q4=,F4Km3hznD1oH/epc/Nn0a1u/cnc=
-28,-19,Hm11ltexRw/88oWIwDydvwcx+q4=,frVVTaK/qFcwudLsGIBNczbgdbQ=
-24,-17,Hm11ltexRw/88oWIwDydvwcx+q4=,F4Km3hznD1oH/epc/Nn0a1u/cnc=
-27,-19,Hm11ltexRw/88oWIwDydvwcx+q4=,frVVTaK/qFcwudLsGIBNczbgdbQ=
-29,-19,Hm11ltexRw/88oWIwDydvwcx+q4=,fSLg/gJPoqEjKeOyXIO4NSm00Kg=
-22,-17,TuJ1cHt+5UHIjP6dy54dyC2qcg0=,wM7XdF+q3i9vGIMQgDSRT7muoGc=
-28,-18,TuJ1cHt+5UHIjP6dy54dyC2qcg0=,9cvGkctzVYLI5Blt16F/mVG+szM=
-23,-17,TuJ1cHt+5UHIjP6dy54dyC2qcg0=,F4Km3hznD1oH/epc/Nn0a1u/cnc=
-21,-19,TuJ1cHt+5UHIjP6dy54dyC2qcg0=,gOx4jFn914wyHX2+Uk8n9poifVE=
-20,-18,TuJ1cHt+5UHIjP6dy54dyC2qcg0=,LC66ZFh08/h9oEF07PbKSdrRgZ0=
-18,-17,TuJ1cHt+5UHIjP6dy54dyC2qcg0=,SlXlfQ4d12XoWjy11tYU8UH2jTY=
-18,-18,TuJ1cHt+5UHIjP6dy54dyC2qcg0=,SlXlfQ4d12XoWjy11tYU8UH2jTY=
-18,-19,TuJ1cHt+5UHIjP6dy54dyC2qcg0=,SWKVHoZ1DfbyXcdCgIGq2JIrkSk=
-17,-18,TuJ1cHt+5UHIjP6dy54dyC2qcg0=,SlXlfQ4d12XoWjy11tYU8UH2jTY=
-19,-18,TuJ1cHt+5UHIjP6dy54dyC2qcg0=,LC66ZFh08/h9oEF07PbKSdrRgZ0=
-19,-19,TuJ1cHt+5UHIjP6dy54dyC2qcg0=,JsjpoXQh/t+DzqsBeZfNYQSEofk=
-21,-17,TuJ1cHt+5UHIjP6dy54dyC2qcg0=,wM7XdF+q3i9vGIMQgDSRT7muoGc=
-20,-17,TuJ1cHt+5UHIjP6dy54dyC2qcg0=,LC66ZFh08/h9oEF07PbKSdrRgZ0=
-19,-17,TuJ1cHt+5UHIjP6dy54dyC2qcg0=,LC66ZFh08/h9oEF07PbKSdrRgZ0=
-17,-19,TuJ1cHt+5UHIjP6dy54dyC2qcg0=,SWKVHoZ1DfbyXcdCgIGq2JIrkSk=
-21,-18,TuJ1cHt+5UHIjP6dy54dyC2qcg0=,wM7XdF+q3i9vGIMQgDSRT7muoGc=
-20,-19,TuJ1cHt+5UHIjP6dy54dyC2qcg0=,JsjpoXQh/t+DzqsBeZfNYQSEofk=
-17,-23,3A6EVpfK3126e1oRf0PS/KGU4dI=,Zj6RZArl/FltsqoSt9QtkZWc9AE=
-17,-21,3A6EVpfK3126e1oRf0PS/KGU4dI=,DtVnvuWxxsugT2e51E/o/O642T4=
-17,-26,3A6EVpfK3126e1oRf0PS/KGU4dI=,cFuv4baQfmVTQjuvhv0JMEB+VSI=
-17,-24,3A6EVpfK3126e1oRf0PS/KGU4dI=,Zj6RZArl/FltsqoSt9QtkZWc9AE=
-17,-22,3A6EVpfK3126e1oRf0PS/KGU4dI=,DtVnvuWxxsugT2e51E/o/O642T4=
-17,-25,3A6EVpfK3126e1oRf0PS/KGU4dI=,cFuv4baQfmVTQjuvhv0JMEB+VSI=
-17,-28,3A6EVpfK3126e1oRf0PS/KGU4dI=,IoIBwjGBkdrJrmf4F9ozaLwgykM=
-17,-20,3A6EVpfK3126e1oRf0PS/KGU4dI=,SWKVHoZ1DfbyXcdCgIGq2JIrkSk=
-17,-27,3A6EVpfK3126e1oRf0PS/KGU4dI=,IoIBwjGBkdrJrmf4F9ozaLwgykM=
-17,-29,3A6EVpfK3126e1oRf0PS/KGU4dI=,OHAdr2vj+VH0uJUDH3sgdMFNncM=
-17,-31,3A6EVpfK3126e1oRf0PS/KGU4dI=,eyYLJqR1PwUkyeLXGiRsnYuVrBA=
-18,-32,3A6EVpfK3126e1oRf0PS/KGU4dI=,eyYLJqR1PwUkyeLXGiRsnYuVrBA=
-20,-32,3A6EVpfK3126e1oRf0PS/KGU4dI=,S4ATRGFL2SxVsh1/jFren/6ucrc=
-21,-32,3A6EVpfK3126e1oRf0PS/KGU4dI=,c3fHLgji6FeShronob+xkO0HvC0=
-19,-32,rkstBmomIjfsg2TNRKd9hkwTsnc=,S4ATRGFL2SxVsh1/jFren/6ucrc=
-17,-30,rkstBmomIjfsg2TNRKd9hkwTsnc=,OHAdr2vj+VH0uJUDH3sgdMFNncM=
-22,-32,rkstBmomIjfsg2TNRKd9hkwTsnc=,c3fHLgji6FeShronob+xkO0HvC0=
-23,-32,rkstBmomIjfsg2TNRKd9hkwTsnc=,OiCNuM/WulkXZ7wBO7nphfQAzh0=
-27,-32,rkstBmomIjfsg2TNRKd9hkwTsnc=,v3davs/u4qjxOWMtwatSTmlLTlE=
-26,-32,rkstBmomIjfsg2TNRKd9hkwTsnc=,A8Rsyhgr55FCiijHMgbKWBzEL/M=
-24,-32,rkstBmomIjfsg2TNRKd9hkwTsnc=,OiCNuM/WulkXZ7wBO7nphfQAzh0=
-25,-32,rkstBmomIjfsg2TNRKd9hkwTsnc=,A8Rsyhgr55FCiijHMgbKWBzEL/M=
-28,-32,rkstBmomIjfsg2TNRKd9hkwTsnc=,v3davs/u4qjxOWMtwatSTmlLTlE=
-29,-32,rkstBmomIjfsg2TNRKd9hkwTsnc=,EBQOc6akZDk+7ghSOlfkvdZWH6o=
-32,-28,rkstBmomIjfsg2TNRKd9hkwTsnc=,f0OS4N5CTSHb/4c8o7IGwNxIIWo=
-31,-32,rkstBmomIjfsg2TNRKd9hkwTsnc=,PZeNd9x3mt5U6cPCdT4lnfdQfOw=
-30,-32,rkstBmomIjfsg2TNRKd9hkwTsnc=,EBQOc6akZDk+7ghSOlfkvdZWH6o=
-32,-29,hTRXvnuMTTvsiOfefgFUFPSw4kQ=,BQnmQC0eFGfuu+RiG8ext71BvMw=
-32,-31,hTRXvnuMTTvsiOfefgFUFPSw4kQ=,PZeNd9x3mt5U6cPCdT4lnfdQfOw=
-32,-30,hTRXvnuMTTvsiOfefgFUFPSw4kQ=,BQnmQC0eFGfuu+RiG8ext71BvMw=
-30,-22,hTRXvnuMTTvsiOfefgFUFPSw4kQ=,uJ5Sv7cKnWo5OoMlUpngPhxEHMo=
-30,-27,hTRXvnuMTTvsiOfefgFUFPSw4kQ=,VMmyIdFFV1ZYR/1M7+RFnyn+Lgw=
-32,-27,hTRXvnuMTTvsiOfefgFUFPSw4kQ=,f0OS4N5CTSHb/4c8o7IGwNxIIWo=
-32,-25,NZTPqd+dTy5QwtCNPpBYW8xs3b4=,bgt8uNsu+oJPI6ATMIH7wplgNSA=
-32,-26,NZTPqd+dTy5QwtCNPpBYW8xs3b4=,bgt8uNsu+oJPI6ATMIH7wplgNSA=
-31,-27,NZTPqd+dTy5QwtCNPpBYW8xs3b4=,f0OS4N5CTSHb/4c8o7IGwNxIIWo=
-32,-21,NZTPqd+dTy5QwtCNPpBYW8xs3b4=,RNABv2c/Q0ObUWPL6SpIe1+m91s=
-30,-26,NZTPqd+dTy5QwtCNPpBYW8xs3b4=,noB2szLJKHmH0CPtUVdKUlx1Qrg=
-31,-24,NZTPqd+dTy5QwtCNPpBYW8xs3b4=,4I9vueTdrU14QCBzKihaEslRwhU=
-31,-26,NZTPqd+dTy5QwtCNPpBYW8xs3b4=,bgt8uNsu+oJPI6ATMIH7wplgNSA=
-30,-23,NZTPqd+dTy5QwtCNPpBYW8xs3b4=,02Z8sqKJLNS6ukj1yW2iFvbREMA=
-32,-24,NZTPqd+dTy5QwtCNPpBYW8xs3b4=,4I9vueTdrU14QCBzKihaEslRwhU=
-31,-23,NZTPqd+dTy5QwtCNPpBYW8xs3b4=,4I9vueTdrU14QCBzKihaEslRwhU=
-32,-20,NZTPqd+dTy5QwtCNPpBYW8xs3b4=,J9ksxUeskHdBw2gasssTzTuk0XI=
-30,-24,NZTPqd+dTy5QwtCNPpBYW8xs3b4=,02Z8sqKJLNS6ukj1yW2iFvbREMA=
-31,-22,NZTPqd+dTy5QwtCNPpBYW8xs3b4=,RNABv2c/Q0ObUWPL6SpIe1+m91s=
-32,-22,NZTPqd+dTy5QwtCNPpBYW8xs3b4=,RNABv2c/Q0ObUWPL6SpIe1+m91s=
-30,-25,NZTPqd+dTy5QwtCNPpBYW8xs3b4=,noB2szLJKHmH0CPtUVdKUlx1Qrg=
-31,-25,NZTPqd+dTy5QwtCNPpBYW8xs3b4=,bgt8uNsu+oJPI6ATMIH7wplgNSA=
-32,-17,NZTPqd+dTy5QwtCNPpBYW8xs3b4=,wzMNlgia0fKpXXcbiR9pmNwLV44=
-32,-23,NZTPqd+dTy5QwtCNPpBYW8xs3b4=,4I9vueTdrU14QCBzKihaEslRwhU=
-32,-18,NZTPqd+dTy5QwtCNPpBYW8xs3b4=,wzMNlgia0fKpXXcbiR9pmNwLV44=
-32,-19,ji8RrNuIGLUG1XOSsml13FSSooA=,J9ksxUeskHdBw2gasssTzTuk0XI=
-17,-17,ji8RrNuIGLUG1XOSsml13FSSooA=,SlXlfQ4d12XoWjy11tYU8UH2jTY=
-31,-17,ji8RrNuIGLUG1XOSsml13FSSooA=,wzMNlgia0fKpXXcbiR9pmNwLV44=
-25,-29,ji8RrNuIGLUG1XOSsml13FSSooA=,nw8pfk2wNDt5534DsGDA1IqjUy0=
-24,-29,ji8RrNuIGLUG1XOSsml13FSSooA=,fMP57pgjPerZ+9andsbWuwuBVEg=
-30,-17,ji8RrNuIGLUG1XOSsml13FSSooA=,2TZpDvYbyi76BRESx8ER+k4lXAA=
-27,-26,w+Mp44hm2Q5TXazWkgz+c19vv5Y=,U0HxivDB3Y2rniEFd3EMTzNst1o=
-25,-26,w+Mp44hm2Q5TXazWkgz+c19vv5Y=,pt++hHvprJE9cpYOKlkyuZjmZec=
-26,-26,w+Mp44hm2Q5TXazWkgz+c19vv5Y=,pt++hHvprJE9cpYOKlkyuZjmZec=
-26,-29,w+Mp44hm2Q5TXazWkgz+c19vv5Y=,nw8pfk2wNDt5534DsGDA1IqjUy0=
-20,-29,w+Mp44hm2Q5TXazWkgz+c19vv5Y=,JQexBzs81QIA7zERwYQCGcMYalw=
-25,-28,w+Mp44hm2Q5TXazWkgz+c19vv5Y=,7UA3azL4odB/APLasIMU9RUsfeU=
-27,-27,w+Mp44hm2Q5TXazWkgz+c19vv5Y=,SudlGtEew0jY3rXuVntVOeO79Gk=
-26,-28,w+Mp44hm2Q5TXazWkgz+c19vv5Y=,7UA3azL4odB/APLasIMU9RUsfeU=
-25,-27,w+Mp44hm2Q5TXazWkgz+c19vv5Y=,7UA3azL4odB/APLasIMU9RUsfeU=
-24,-27,w+Mp44hm2Q5TXazWkgz+c19vv5Y=,97pqb5Yy5hjqoCmo8m33j3pvbbI=
-29,-17,w+Mp44hm2Q5TXazWkgz+c19vv5Y=,2TZpDvYbyi76BRESx8ER+k4lXAA=
-23,-27,w+Mp44hm2Q5TXazWkgz+c19vv5Y=,97pqb5Yy5hjqoCmo8m33j3pvbbI=
-20,-27,w+Mp44hm2Q5TXazWkgz+c19vv5Y=,O2GqUPIaYWe7OxqXugSe/DTiPlM=
-24,-28,w+Mp44hm2Q5TXazWkgz+c19vv5Y=,97pqb5Yy5hjqoCmo8m33j3pvbbI=
-32,-32,w+Mp44hm2Q5TXazWkgz+c19vv5Y=,PZeNd9x3mt5U6cPCdT4lnfdQfOw=
-17,-32,w+Mp44hm2Q5TXazWkgz+c19vv5Y=,eyYLJqR1PwUkyeLXGiRsnYuVrBA=
-22,-27,w+Mp44hm2Q5TXazWkgz+c19vv5Y=,tq7ceCHC32AFiqgkkTTv9zKhAEY=
-20,-28,w+Mp44hm2Q5TXazWkgz+c19vv5Y=,O2GqUPIaYWe7OxqXugSe/DTiPlM=
-21,-26,w+Mp44hm2Q5TXazWkgz+c19vv5Y=,XOhhfRfCL6GYQTd8y6cvhjNLQ7g=
-24,-26,w+Mp44hm2Q5TXazWkgz+c19vv5Y=,1qjAdODYZVFP/RRCmJwdhqNISos=
-23,-26,w+Mp44hm2Q5TXazWkgz+c19vv5Y=,1qjAdODYZVFP/RRCmJwdhqNISos=
-28,-17,w+Mp44hm2Q5TXazWkgz+c19vv5Y=,9cvGkctzVYLI5Blt16F/mVG+szM=
-27,-29,w+Mp44hm2Q5TXazWkgz+c19vv5Y=,JKbITfZSrhFVKBlVUwD9Km5/PLE=
-23,-28,w+Mp44hm2Q5TXazWkgz+c19vv5Y=,97pqb5Yy5hjqoCmo8m33j3pvbbI=
-22,-28,w+Mp44hm2Q5TXazWkgz+c19vv5Y=,tq7ceCHC32AFiqgkkTTv9zKhAEY=
-26,-27,w+Mp44hm2Q5TXazWkgz+c19vv5Y=,7UA3azL4odB/APLasIMU9RUsfeU=
-21,-27,w+Mp44hm2Q5TXazWkgz+c19vv5Y=,tq7ceCHC32AFiqgkkTTv9zKhAEY=
-22,-26,w+Mp44hm2Q5TXazWkgz+c19vv5Y=,XOhhfRfCL6GYQTd8y6cvhjNLQ7g=
-23,-29,w+Mp44hm2Q5TXazWkgz+c19vv5Y=,fMP57pgjPerZ+9andsbWuwuBVEg=
-22,-29,w+Mp44hm2Q5TXazWkgz+c19vv5Y=,6i9nHmAxInOoZO3wIpjv+oS923o=
-27,-28,w+Mp44hm2Q5TXazWkgz+c19vv5Y=,SudlGtEew0jY3rXuVntVOeO79Gk=
-21,-29,w+Mp44hm2Q5TXazWkgz+c19vv5Y=,6i9nHmAxInOoZO3wIpjv+oS923o=
-21,-28,w+Mp44hm2Q5TXazWkgz+c19vv5Y=,tq7ceCHC32AFiqgkkTTv9zKhAEY=
-20,-26,w+Mp44hm2Q5TXazWkgz+c19vv5Y=,1CATUD/+gMjxrEJtIMhxdVQq8eI=
-31,-3,R9EUBkw7qSfbgkj4chZJdjLQfnI=,38YnqVqtiLs4N67+Y6i/hAIJgWM=
-30,-3,R9EUBkw7qSfbgkj4chZJdjLQfnI=,XdjJn8h7S5/FtCiyVSp9r8cfYkA=
-30,-2,R9EUBkw7qSfbgkj4chZJdjLQfnI=,8VVbv/eqeG3LQNbtIP62v2jVKeU=
-31,-2,R9EUBkw7qSfbgkj4chZJdjLQfnI=,3mSSUX30WLIiQHvYzzRSg4/ORnk=
-28,-3,/QVmniZexQwwgSmbdXYlfmI+pW0=,GdUk7U4cp9ndkB3zbszYDCuOm5g=
-28,-2,/QVmniZexQwwgSmbdXYlfmI+pW0=,koZqGePDgFkV3FMvaSZR6BI49D0=
-29,-4,/QVmniZexQwwgSmbdXYlfmI+pW0=,XdjJn8h7S5/FtCiyVSp9r8cfYkA=
-29,-5,/QVmniZexQwwgSmbdXYlfmI+pW0=,TKkpl6f4HkV4kENfehgn5Tne7/Q=
-28,-5,/QVmniZexQwwgSmbdXYlfmI+pW0=,HBu27jPgYp5Jh+IAvFGfZghh/i4=
-29,-3,/QVmniZexQwwgSmbdXYlfmI+pW0=,XdjJn8h7S5/FtCiyVSp9r8cfYkA=
-29,-2,/QVmniZexQwwgSmbdXYlfmI+pW0=,8VVbv/eqeG3LQNbtIP62v2jVKeU=
-28,-4,/QVmniZexQwwgSmbdXYlfmI+pW0=,GdUk7U4cp9ndkB3zbszYDCuOm5g=
-29,-7,wbczNL6BsZVk6GRT2aprWc/YZvE=,YDyCNOCU64L7OwnDwmM4ndeqvWY=
-28,-6,wbczNL6BsZVk6GRT2aprWc/YZvE=,HBu27jPgYp5Jh+IAvFGfZghh/i4=
-29,-6,wbczNL6BsZVk6GRT2aprWc/YZvE=,TKkpl6f4HkV4kENfehgn5Tne7/Q=
-28,-7,wbczNL6BsZVk6GRT2aprWc/YZvE=,BwYoKJuYd+/tp5TCnSwNA6yKRag=
-28,-8,wbczNL6BsZVk6GRT2aprWc/YZvE=,BwYoKJuYd+/tp5TCnSwNA6yKRag=
-29,-9,nOgqGD+rka/xPJ8p/8luPaVCd7s=,tsUule+hv7gNyGkppZ55oXAX1BM=
-28,-9,nOgqGD+rka/xPJ8p/8luPaVCd7s=,RF/o6pAh1d/OmQsP5vcWyVSRHSM=
-29,-8,nOgqGD+rka/xPJ8p/8luPaVCd7s=,YDyCNOCU64L7OwnDwmM4ndeqvWY=
-28,-10,s7PLfkwsD/VLX35oE0xPck7eJls=,RF/o6pAh1d/OmQsP5vcWyVSRHSM=
-29,-11,s7PLfkwsD/VLX35oE0xPck7eJls=,XHB16BcRUo3GsP0igbsl8j7G9cU=
-29,-10,s7PLfkwsD/VLX35oE0xPck7eJls=,tsUule+hv7gNyGkppZ55oXAX1BM=
-28,-11,s7PLfkwsD/VLX35oE0xPck7eJls=,+HOgMdx37zZzfIi1QzJ1z1k9NrY=
-30,-10,s7PLfkwsD/VLX35oE0xPck7eJls=,tsUule+hv7gNyGkppZ55oXAX1BM=
-30,-11,s7PLfkwsD/VLX35oE0xPck7eJls=,XHB16BcRUo3GsP0igbsl8j7G9cU=
-31,-10,s7PLfkwsD/VLX35oE0xPck7eJls=,JnZ82WU0ZfiBYKLFineVKAGiom4=
-31,-11,k5YTNAnnvj+saX4BzDYfh44Xy9A=,A+HVN+mUtcn7MD7joQCO5eqrHjw=
-28,-12,k5YTNAnnvj+saX4BzDYfh44Xy9A=,+HOgMdx37zZzfIi1QzJ1z1k9NrY=
-29,-13,k5YTNAnnvj+saX4BzDYfh44Xy9A=,8fI0blBI0fikqOFfyd7kSt6LAsM=
-29,-12,k5YTNAnnvj+saX4BzDYfh44Xy9A=,XHB16BcRUo3GsP0igbsl8j7G9cU=
-30,-13,k5YTNAnnvj+saX4BzDYfh44Xy9A=,8fI0blBI0fikqOFfyd7kSt6LAsM=
-28,-13,LUjvwAO1rJhgWkhq61IPZetAt0k=,4ZeBLOgv3K+Dgpo9WqPuh27RpXk=
-31,-13,LUjvwAO1rJhgWkhq61IPZetAt0k=,T4mjfKD2s0Vjp1goSt24DQvTVQQ=
-30,-12,LUjvwAO1rJhgWkhq61IPZetAt0k=,XHB16BcRUo3GsP0igbsl8j7G9cU=
-31,-12,LUjvwAO1rJhgWkhq61IPZetAt0k=,A+HVN+mUtcn7MD7joQCO5eqrHjw=
-31,-14,If2HWMJpfGFXzj8lhu/kEKr2xE4=,T4mjfKD2s0Vjp1goSt24DQvTVQQ=
-30,-14,If2HWMJpfGFXzj8lhu/kEKr2xE4=,8fI0blBI0fikqOFfyd7kSt6LAsM=
-29,-15,V2L5DA5uvLEMtNL4IWk8Totd5Og=,yi2qiVTOecFgu97Hlu0JVZNnEGY=
-29,-14,V2L5DA5uvLEMtNL4IWk8Totd5Og=,8fI0blBI0fikqOFfyd7kSt6LAsM=
-30,-15,V2L5DA5uvLEMtNL4IWk8Totd5Og=,yi2qiVTOecFgu97Hlu0JVZNnEGY=
-28,-14,V2L5DA5uvLEMtNL4IWk8Totd5Og=,4ZeBLOgv3K+Dgpo9WqPuh27RpXk=
-28,-15,V2L5DA5uvLEMtNL4IWk8Totd5Og=,R7LBTghsxPw5Hu4rE2R52Sj8bnE=
-31,-15,V2L5DA5uvLEMtNL4IWk8Totd5Og=,ScinWemWc54LG6zo38z0PfOLack=
-26,-14,V2L5DA5uvLEMtNL4IWk8Totd5Og=,HuBXBNxSpo0qNav6kHFIzES7x8U=
-27,-15,V2L5DA5uvLEMtNL4IWk8Totd5Og=,R7LBTghsxPw5Hu4rE2R52Sj8bnE=
-26,-15,V2L5DA5uvLEMtNL4IWk8Totd5Og=,pjr+XxT4NcGRWsbrDahK4dnkPzM=
-27,-14,V2L5DA5uvLEMtNL4IWk8Totd5Og=,4ZeBLOgv3K+Dgpo9WqPuh27RpXk=
-26,-12,V2L5DA5uvLEMtNL4IWk8Totd5Og=,7dcLyLE1pb+eE4bI11mhUVr/09U=
-27,-13,ITGtNiYoqE8fIqRKHEug6OQ0ifY=,4ZeBLOgv3K+Dgpo9WqPuh27RpXk=
-27,-12,ITGtNiYoqE8fIqRKHEug6OQ0ifY=,+HOgMdx37zZzfIi1QzJ1z1k9NrY=
-26,-13,ITGtNiYoqE8fIqRKHEug6OQ0ifY=,HuBXBNxSpo0qNav6kHFIzES7x8U=
-27,-11,ITGtNiYoqE8fIqRKHEug6OQ0ifY=,+HOgMdx37zZzfIi1QzJ1z1k9NrY=
-24,-11,ITGtNiYoqE8fIqRKHEug6OQ0ifY=,NH+bhrss1LG326GgzXQB7WEB/nc=
-27,-10,ITGtNiYoqE8fIqRKHEug6OQ0ifY=,RF/o6pAh1d/OmQsP5vcWyVSRHSM=
-24,-10,ITGtNiYoqE8fIqRKHEug6OQ0ifY=,jJEW+w96WcOPu5E80dJ1Ee4eUn0=
-26,-11,ITGtNiYoqE8fIqRKHEug6OQ0ifY=,7dcLyLE1pb+eE4bI11mhUVr/09U=
-26,-10,ITGtNiYoqE8fIqRKHEug6OQ0ifY=,c8jNRJJed0V6zYeCROktz2IBd8U=
-25,-11,eHWSUk6nFgs78kuaQAvpgmoJuTg=,7dcLyLE1pb+eE4bI11mhUVr/09U=
-25,-10,eHWSUk6nFgs78kuaQAvpgmoJuTg=,c8jNRJJed0V6zYeCROktz2IBd8U=
-23,-10,IoREwwfjwoz3tfS44fKzz+VBWho=,jJEW+w96WcOPu5E80dJ1Ee4eUn0=
-23,-11,IoREwwfjwoz3tfS44fKzz+VBWho=,NH+bhrss1LG326GgzXQB7WEB/nc=
-25,-12,IoREwwfjwoz3tfS44fKzz+VBWho=,7dcLyLE1pb+eE4bI11mhUVr/09U=
-24,-13,IoREwwfjwoz3tfS44fKzz+VBWho=,S1GndsKT6xq5nV1OrKGJ9XkjF48=
-25,-13,IoREwwfjwoz3tfS44fKzz+VBWho=,HuBXBNxSpo0qNav6kHFIzES7x8U=
-22,-10,IoREwwfjwoz3tfS44fKzz+VBWho=,hyxanOLcort2aAPEDSELhrD8NXM=
-24,-12,IoREwwfjwoz3tfS44fKzz+VBWho=,NH+bhrss1LG326GgzXQB7WEB/nc=
-22,-11,IoREwwfjwoz3tfS44fKzz+VBWho=,rWs+SMf+DTWGsDJg06ViOCQZw3c=
-23,-12,IoREwwfjwoz3tfS44fKzz+VBWho=,NH+bhrss1LG326GgzXQB7WEB/nc=
-23,-13,IoREwwfjwoz3tfS44fKzz+VBWho=,S1GndsKT6xq5nV1OrKGJ9XkjF48=
-22,-12,IoREwwfjwoz3tfS44fKzz+VBWho=,rWs+SMf+DTWGsDJg06ViOCQZw3c=
-22,-13,IoREwwfjwoz3tfS44fKzz+VBWho=,m3mIpHvMC8USQ5ocOAkLcEx3fqc=
-22,-9,dnM0O2IgwproL+xTRuDmHopD3Po=,hyxanOLcort2aAPEDSELhrD8NXM=
-23,-8,dnM0O2IgwproL+xTRuDmHopD3Po=,srcvdSlpi4kjQDbkTVxW34iF7Kk=
-23,-9,dnM0O2IgwproL+xTRuDmHopD3Po=,jJEW+w96WcOPu5E80dJ1Ee4eUn0=
-22,-6,dnM0O2IgwproL+xTRuDmHopD3Po=,U9x78OM0X6COOmsptVgAe9QjULE=
-23,-7,dnM0O2IgwproL+xTRuDmHopD3Po=,srcvdSlpi4kjQDbkTVxW34iF7Kk=
-23,-6,dnM0O2IgwproL+xTRuDmHopD3Po=,c7ovzToGYcSWx/RcKcXp7VgrtKk=
-22,-7,dnM0O2IgwproL+xTRuDmHopD3Po=,gOTHWPSwdw2/TkpYKLi/cumT/Q0=
-22,-8,dnM0O2IgwproL+xTRuDmHopD3Po=,gOTHWPSwdw2/TkpYKLi/cumT/Q0=
-24,-9,Y3r2/6eY+kUWykbTR/u7LBy8OO4=,jJEW+w96WcOPu5E80dJ1Ee4eUn0=
-24,-8,Y3r2/6eY+kUWykbTR/u7LBy8OO4=,srcvdSlpi4kjQDbkTVxW34iF7Kk=
-25,-8,Y3r2/6eY+kUWykbTR/u7LBy8OO4=,dMBchzbnk60PGvPmXktDWAwJeYY=
-25,-9,Y3r2/6eY+kUWykbTR/u7LBy8OO4=,c8jNRJJed0V6zYeCROktz2IBd8U=
-26,-4,Y3r2/6eY+kUWykbTR/u7LBy8OO4=,uxiYCtMESci6bpXaXW2XB0A6oeU=
-27,-9,TJAoM2fUB9foiyDMmMNTMKDgENA=,RF/o6pAh1d/OmQsP5vcWyVSRHSM=
-24,-7,TJAoM2fUB9foiyDMmMNTMKDgENA=,srcvdSlpi4kjQDbkTVxW34iF7Kk=
-27,-4,TJAoM2fUB9foiyDMmMNTMKDgENA=,GdUk7U4cp9ndkB3zbszYDCuOm5g=
-26,-9,TJAoM2fUB9foiyDMmMNTMKDgENA=,c8jNRJJed0V6zYeCROktz2IBd8U=
-27,-6,TJAoM2fUB9foiyDMmMNTMKDgENA=,HBu27jPgYp5Jh+IAvFGfZghh/i4=
-27,-8,TJAoM2fUB9foiyDMmMNTMKDgENA=,BwYoKJuYd+/tp5TCnSwNA6yKRag=
-27,-7,TJAoM2fUB9foiyDMmMNTMKDgENA=,BwYoKJuYd+/tp5TCnSwNA6yKRag=
-27,-5,TJAoM2fUB9foiyDMmMNTMKDgENA=,HBu27jPgYp5Jh+IAvFGfZghh/i4=
-26,-7,TJAoM2fUB9foiyDMmMNTMKDgENA=,dMBchzbnk60PGvPmXktDWAwJeYY=
-25,-7,TJAoM2fUB9foiyDMmMNTMKDgENA=,dMBchzbnk60PGvPmXktDWAwJeYY=
-25,-6,TJAoM2fUB9foiyDMmMNTMKDgENA=,YqKEVv+9G7GLpjadPkUPIM8QP5M=
-26,-5,TJAoM2fUB9foiyDMmMNTMKDgENA=,YqKEVv+9G7GLpjadPkUPIM8QP5M=
-24,-4,TJAoM2fUB9foiyDMmMNTMKDgENA=,U3y6mgEb9dAIJHKv2VfSB2caSRc=
-26,-8,TJAoM2fUB9foiyDMmMNTMKDgENA=,dMBchzbnk60PGvPmXktDWAwJeYY=
-25,-5,TJAoM2fUB9foiyDMmMNTMKDgENA=,YqKEVv+9G7GLpjadPkUPIM8QP5M=
-24,-6,TJAoM2fUB9foiyDMmMNTMKDgENA=,c7ovzToGYcSWx/RcKcXp7VgrtKk=
-24,-5,TJAoM2fUB9foiyDMmMNTMKDgENA=,c7ovzToGYcSWx/RcKcXp7VgrtKk=
-25,-4,TJAoM2fUB9foiyDMmMNTMKDgENA=,uxiYCtMESci6bpXaXW2XB0A6oeU=
-26,-6,TJAoM2fUB9foiyDMmMNTMKDgENA=,YqKEVv+9G7GLpjadPkUPIM8QP5M=
-26,-2,eUc+kjtND7/OvobfWwWNK9p5AyQ=,eG3/zBXa1YPLXLxlX6BqQdmP5t8=
-27,-3,Jw75LoFj6DI5dHXamQLkVqj4pLA=,GdUk7U4cp9ndkB3zbszYDCuOm5g=
-27,-2,Jw75LoFj6DI5dHXamQLkVqj4pLA=,koZqGePDgFkV3FMvaSZR6BI49D0=
-25,-3,Jw75LoFj6DI5dHXamQLkVqj4pLA=,uxiYCtMESci6bpXaXW2XB0A6oeU=
-23,-2,Jw75LoFj6DI5dHXamQLkVqj4pLA=,pbzwkcQmHfMQqHe6L/unZdN4Vf8=
-26,-3,Jw75LoFj6DI5dHXamQLkVqj4pLA=,uxiYCtMESci6bpXaXW2XB0A6oeU=
-23,-3,Jw75LoFj6DI5dHXamQLkVqj4pLA=,U3y6mgEb9dAIJHKv2VfSB2caSRc=
-23,-4,Jw75LoFj6DI5dHXamQLkVqj4pLA=,U3y6mgEb9dAIJHKv2VfSB2caSRc=
-25,-2,Jw75LoFj6DI5dHXamQLkVqj4pLA=,eG3/zBXa1YPLXLxlX6BqQdmP5t8=
-24,-2,Jw75LoFj6DI5dHXamQLkVqj4pLA=,pbzwkcQmHfMQqHe6L/unZdN4Vf8=
-24,-3,Jw75LoFj6DI5dHXamQLkVqj4pLA=,U3y6mgEb9dAIJHKv2VfSB2caSRc=
-22,-4,Jw75LoFj6DI5dHXamQLkVqj4pLA=,viER+iwT1BIj/djYpCo76lsJtIs=
-22,-2,Jw75LoFj6DI5dHXamQLkVqj4pLA=,dtjqW/XWYVb9JEPzAYT8lhXkXRI=
-23,-5,Jw75LoFj6DI5dHXamQLkVqj4pLA=,c7ovzToGYcSWx/RcKcXp7VgrtKk=
-22,-5,Jw75LoFj6DI5dHXamQLkVqj4pLA=,U9x78OM0X6COOmsptVgAe9QjULE=
-22,-3,+1rHDiI3JcgdmHEdozMSCKmTFzs=,viER+iwT1BIj/djYpCo76lsJtIs=
-21,-2,+1rHDiI3JcgdmHEdozMSCKmTFzs=,dtjqW/XWYVb9JEPzAYT8lhXkXRI=
-21,-3,+1rHDiI3JcgdmHEdozMSCKmTFzs=,viER+iwT1BIj/djYpCo76lsJtIs=
-20,-2,+1rHDiI3JcgdmHEdozMSCKmTFzs=,HHjdPVRKVl7uAeb1O2AAS9Vr8AI=
-21,-4,+1rHDiI3JcgdmHEdozMSCKmTFzs=,viER+iwT1BIj/djYpCo76lsJtIs=
-20,-3,+1rHDiI3JcgdmHEdozMSCKmTFzs=,iTukG6n/2vI/xTv/x89aXwIWwu8=
-21,-5,B4duzE3/aodQVUezdqLj7QtyPOo=,U9x78OM0X6COOmsptVgAe9QjULE=
-20,-5,B4duzE3/aodQVUezdqLj7QtyPOo=,S9DCEnoaQ9rRcHWOGVTCMyFhVU8=
-20,-4,B4duzE3/aodQVUezdqLj7QtyPOo=,iTukG6n/2vI/xTv/x89aXwIWwu8=
-19,-5,B4duzE3/aodQVUezdqLj7QtyPOo=,S9DCEnoaQ9rRcHWOGVTCMyFhVU8=
-19,-4,oqbWBalwO2LIHoJpj1NMDaenT9o=,iTukG6n/2vI/xTv/x89aXwIWwu8=
-18,-5,oqbWBalwO2LIHoJpj1NMDaenT9o=,Hht+9r0sN5ZDuT2tsVJbCOehb1Q=
-18,-4,oqbWBalwO2LIHoJpj1NMDaenT9o=,Lcau3Y2GL5YWCFsnFEM9/cOK/S4=
-21,-6,oqbWBalwO2LIHoJpj1NMDaenT9o=,U9x78OM0X6COOmsptVgAe9QjULE=
-21,-7,oqbWBalwO2LIHoJpj1NMDaenT9o=,gOTHWPSwdw2/TkpYKLi/cumT/Q0=
-20,-7,oqbWBalwO2LIHoJpj1NMDaenT9o=,Y/KH3EkNo127kk8BzqJ5H8o4rq0=
-20,-6,oqbWBalwO2LIHoJpj1NMDaenT9o=,S9DCEnoaQ9rRcHWOGVTCMyFhVU8=
-18,-6,oqbWBalwO2LIHoJpj1NMDaenT9o=,Hht+9r0sN5ZDuT2tsVJbCOehb1Q=
-18,-7,oqbWBalwO2LIHoJpj1NMDaenT9o=,VVgD5w/w0tcd69FuIvLRw8qu7SU=
-20,-9,oqbWBalwO2LIHoJpj1NMDaenT9o=,Krw5xaiSBTrElJuC9plKpJdcWsA=
-21,-9,oqbWBalwO2LIHoJpj1NMDaenT9o=,hyxanOLcort2aAPEDSELhrD8NXM=
-19,-7,oqbWBalwO2LIHoJpj1NMDaenT9o=,Y/KH3EkNo127kk8BzqJ5H8o4rq0=
-19,-6,oqbWBalwO2LIHoJpj1NMDaenT9o=,S9DCEnoaQ9rRcHWOGVTCMyFhVU8=
-20,-8,sHHYkEsfwhmix4+BVED0OK8Koe4=,Y/KH3EkNo127kk8BzqJ5H8o4rq0=
-21,-8,sHHYkEsfwhmix4+BVED0OK8Koe4=,gOTHWPSwdw2/TkpYKLi/cumT/Q0=
-20,-11,sHHYkEsfwhmix4+BVED0OK8Koe4=,BlJMm4aCnWvUeJDCYJkVAD7mhJw=
-18,-9,EcCX8HGmGDVsg/FCQDqYJyxioUk=,1JiTm0S4l0nqiR99gKrFx7+UoDc=
-18,-8,EcCX8HGmGDVsg/FCQDqYJyxioUk=,VVgD5w/w0tcd69FuIvLRw8qu7SU=
-19,-9,EcCX8HGmGDVsg/FCQDqYJyxioUk=,Krw5xaiSBTrElJuC9plKpJdcWsA=
-19,-10,EcCX8HGmGDVsg/FCQDqYJyxioUk=,Krw5xaiSBTrElJuC9plKpJdcWsA=
-21,-10,EcCX8HGmGDVsg/FCQDqYJyxioUk=,hyxanOLcort2aAPEDSELhrD8NXM=
-19,-8,EcCX8HGmGDVsg/FCQDqYJyxioUk=,Y/KH3EkNo127kk8BzqJ5H8o4rq0=
-20,-10,EcCX8HGmGDVsg/FCQDqYJyxioUk=,Krw5xaiSBTrElJuC9plKpJdcWsA=
-19,-11,EcCX8HGmGDVsg/FCQDqYJyxioUk=,BlJMm4aCnWvUeJDCYJkVAD7mhJw=
-18,-11,EcCX8HGmGDVsg/FCQDqYJyxioUk=,xS3d8wArVedzu9lp0Wz5eKcieMY=
-21,-11,EcCX8HGmGDVsg/FCQDqYJyxioUk=,rWs+SMf+DTWGsDJg06ViOCQZw3c=
-21,-12,EcCX8HGmGDVsg/FCQDqYJyxioUk=,rWs+SMf+DTWGsDJg06ViOCQZw3c=
-20,-12,EcCX8HGmGDVsg/FCQDqYJyxioUk=,BlJMm4aCnWvUeJDCYJkVAD7mhJw=
-20,-13,EcCX8HGmGDVsg/FCQDqYJyxioUk=,XEL9EL+/05jsfqBE5Ft5NZlQwpQ=
-21,-13,EcCX8HGmGDVsg/FCQDqYJyxioUk=,m3mIpHvMC8USQ5ocOAkLcEx3fqc=
-18,-10,EcCX8HGmGDVsg/FCQDqYJyxioUk=,1JiTm0S4l0nqiR99gKrFx7+UoDc=
-19,-12,02hHkhiV2/bBix9vBUDZ4P9enY0=,BlJMm4aCnWvUeJDCYJkVAD7mhJw=
-19,-13,02hHkhiV2/bBix9vBUDZ4P9enY0=,XEL9EL+/05jsfqBE5Ft5NZlQwpQ=
-18,-13,02hHkhiV2/bBix9vBUDZ4P9enY0=,mUnU1KH3a4hmdnQ3QR3Hiu/bcdo=
-19,-14,jZkRZt42rQoQYX4kTGUMpnm/Pgg=,XEL9EL+/05jsfqBE5Ft5NZlQwpQ=
-18,-15,jZkRZt42rQoQYX4kTGUMpnm/Pgg=,6Ukpr1Du7O4r57Ui397YDxWlqpE=
-18,-12,jZkRZt42rQoQYX4kTGUMpnm/Pgg=,xS3d8wArVedzu9lp0Wz5eKcieMY=
-19,-15,jZkRZt42rQoQYX4kTGUMpnm/Pgg=,3E3HepcblfuxxlVtSq0YHBMxQUs=
-21,-14,jZkRZt42rQoQYX4kTGUMpnm/Pgg=,m3mIpHvMC8USQ5ocOAkLcEx3fqc=
-21,-15,jZkRZt42rQoQYX4kTGUMpnm/Pgg=,UDshmPudUo21GmjA60/O6zFLwvg=
-18,-14,jZkRZt42rQoQYX4kTGUMpnm/Pgg=,mUnU1KH3a4hmdnQ3QR3Hiu/bcdo=
-20,-15,jZkRZt42rQoQYX4kTGUMpnm/Pgg=,3E3HepcblfuxxlVtSq0YHBMxQUs=
-21,-16,jZkRZt42rQoQYX4kTGUMpnm/Pgg=,UDshmPudUo21GmjA60/O6zFLwvg=
-20,-14,jZkRZt42rQoQYX4kTGUMpnm/Pgg=,XEL9EL+/05jsfqBE5Ft5NZlQwpQ=
-20,-16,jZkRZt42rQoQYX4kTGUMpnm/Pgg=,3E3HepcblfuxxlVtSq0YHBMxQUs=
-22,-16,MwPKcfq8ZrM4tU2ScjNb/9mlutk=,UDshmPudUo21GmjA60/O6zFLwvg=
-23,-15,MwPKcfq8ZrM4tU2ScjNb/9mlutk=,4xIs3G1zuYtzWcPb9T2LjcMUR6Q=
-22,-15,MwPKcfq8ZrM4tU2ScjNb/9mlutk=,UDshmPudUo21GmjA60/O6zFLwvg=
-26,-16,MwPKcfq8ZrM4tU2ScjNb/9mlutk=,pjr+XxT4NcGRWsbrDahK4dnkPzM=
-27,-16,MwPKcfq8ZrM4tU2ScjNb/9mlutk=,R7LBTghsxPw5Hu4rE2R52Sj8bnE=
-29,-16,MwPKcfq8ZrM4tU2ScjNb/9mlutk=,yi2qiVTOecFgu97Hlu0JVZNnEGY=
-24,-14,MwPKcfq8ZrM4tU2ScjNb/9mlutk=,S1GndsKT6xq5nV1OrKGJ9XkjF48=
-24,-15,MwPKcfq8ZrM4tU2ScjNb/9mlutk=,4xIs3G1zuYtzWcPb9T2LjcMUR6Q=
-25,-14,MwPKcfq8ZrM4tU2ScjNb/9mlutk=,HuBXBNxSpo0qNav6kHFIzES7x8U=
-28,-16,MwPKcfq8ZrM4tU2ScjNb/9mlutk=,R7LBTghsxPw5Hu4rE2R52Sj8bnE=
-22,-14,MwPKcfq8ZrM4tU2ScjNb/9mlutk=,m3mIpHvMC8USQ5ocOAkLcEx3fqc=
-31,-16,MwPKcfq8ZrM4tU2ScjNb/9mlutk=,ScinWemWc54LG6zo38z0PfOLack=
-23,-16,MwPKcfq8ZrM4tU2ScjNb/9mlutk=,4xIs3G1zuYtzWcPb9T2LjcMUR6Q=
-25,-16,MwPKcfq8ZrM4tU2ScjNb/9mlutk=,pjr+XxT4NcGRWsbrDahK4dnkPzM=
-32,-13,MwPKcfq8ZrM4tU2ScjNb/9mlutk=,T4mjfKD2s0Vjp1goSt24DQvTVQQ=
-32,-14,MwPKcfq8ZrM4tU2ScjNb/9mlutk=,T4mjfKD2s0Vjp1goSt24DQvTVQQ=
-24,-16,MwPKcfq8ZrM4tU2ScjNb/9mlutk=,4xIs3G1zuYtzWcPb9T2LjcMUR6Q=
-30,-16,MwPKcfq8ZrM4tU2ScjNb/9mlutk=,yi2qiVTOecFgu97Hlu0JVZNnEGY=
-32,-15,MwPKcfq8ZrM4tU2ScjNb/9mlutk=,ScinWemWc54LG6zo38z0PfOLack=
-25,-15,MwPKcfq8ZrM4tU2ScjNb/9mlutk=,pjr+XxT4NcGRWsbrDahK4dnkPzM=
-23,-14,MwPKcfq8ZrM4tU2ScjNb/9mlutk=,S1GndsKT6xq5nV1OrKGJ9XkjF48=
-32,-12,KIVFc3I14LlVHD6HflQnaIfxNB8=,A+HVN+mUtcn7MD7joQCO5eqrHjw=
-32,-10,KIVFc3I14LlVHD6HflQnaIfxNB8=,JnZ82WU0ZfiBYKLFineVKAGiom4=
-32,-11,KIVFc3I14LlVHD6HflQnaIfxNB8=,A+HVN+mUtcn7MD7joQCO5eqrHjw=
-30,-8,KIVFc3I14LlVHD6HflQnaIfxNB8=,YDyCNOCU64L7OwnDwmM4ndeqvWY=
-30,-5,KIVFc3I14LlVHD6HflQnaIfxNB8=,TKkpl6f4HkV4kENfehgn5Tne7/Q=
-30,-4,KIVFc3I14LlVHD6HflQnaIfxNB8=,XdjJn8h7S5/FtCiyVSp9r8cfYkA=
-31,-9,KIVFc3I14LlVHD6HflQnaIfxNB8=,JnZ82WU0ZfiBYKLFineVKAGiom4=
-30,-6,KIVFc3I14LlVHD6HflQnaIfxNB8=,TKkpl6f4HkV4kENfehgn5Tne7/Q=
-30,-9,KIVFc3I14LlVHD6HflQnaIfxNB8=,tsUule+hv7gNyGkppZ55oXAX1BM=
-32,-9,VQD1FGZ9n9eZxiv0FxzKW3e4HcM=,JnZ82WU0ZfiBYKLFineVKAGiom4=
-31,-6,VQD1FGZ9n9eZxiv0FxzKW3e4HcM=,vS2TYJcWiVCrW6Qp7isCttODIjo=
-32,-6,VQD1FGZ9n9eZxiv0FxzKW3e4HcM=,vS2TYJcWiVCrW6Qp7isCttODIjo=
-32,-4,VQD1FGZ9n9eZxiv0FxzKW3e4HcM=,38YnqVqtiLs4N67+Y6i/hAIJgWM=
-32,-3,VQD1FGZ9n9eZxiv0FxzKW3e4HcM=,38YnqVqtiLs4N67+Y6i/hAIJgWM=
-32,-8,VQD1FGZ9n9eZxiv0FxzKW3e4HcM=,es5k73AUJiU4CLfVaOOePWXi9zQ=
-31,-4,VQD1FGZ9n9eZxiv0FxzKW3e4HcM=,38YnqVqtiLs4N67+Y6i/hAIJgWM=
-32,-2,VQD1FGZ9n9eZxiv0FxzKW3e4HcM=,3mSSUX30WLIiQHvYzzRSg4/ORnk=
-31,-8,VQD1FGZ9n9eZxiv0FxzKW3e4HcM=,es5k73AUJiU4CLfVaOOePWXi9zQ=
-31,-5,VQD1FGZ9n9eZxiv0FxzKW3e4HcM=,vS2TYJcWiVCrW6Qp7isCttODIjo=
-32,-7,VQD1FGZ9n9eZxiv0FxzKW3e4HcM=,es5k73AUJiU4CLfVaOOePWXi9zQ=
-30,-7,VQD1FGZ9n9eZxiv0FxzKW3e4HcM=,YDyCNOCU64L7OwnDwmM4ndeqvWY=
-32,-5,VQD1FGZ9n9eZxiv0FxzKW3e4HcM=,vS2TYJcWiVCrW6Qp7isCttODIjo=
-32,-1,VQD1FGZ9n9eZxiv0FxzKW3e4HcM=,3mSSUX30WLIiQHvYzzRSg4/ORnk=
-31,-7,VQD1FGZ9n9eZxiv0FxzKW3e4HcM=,es5k73AUJiU4CLfVaOOePWXi9zQ=
-32,-16,VQD1FGZ9n9eZxiv0FxzKW3e4HcM=,ScinWemWc54LG6zo38z0PfOLack=
-26,-1,VQD1FGZ9n9eZxiv0FxzKW3e4HcM=,eG3/zBXa1YPLXLxlX6BqQdmP5t8=
-24,-1,vlgd6CitJ6rX0d2k9Z8gUZW2e3k=,pbzwkcQmHfMQqHe6L/unZdN4Vf8=
-23,-1,vlgd6CitJ6rX0d2k9Z8gUZW2e3k=,pbzwkcQmHfMQqHe6L/unZdN4Vf8=
-25,-1,vlgd6CitJ6rX0d2k9Z8gUZW2e3k=,eG3/zBXa1YPLXLxlX6BqQdmP5t8=
-27,-1,vlgd6CitJ6rX0d2k9Z8gUZW2e3k=,koZqGePDgFkV3FMvaSZR6BI49D0=
-22,-1,vlgd6CitJ6rX0d2k9Z8gUZW2e3k=,dtjqW/XWYVb9JEPzAYT8lhXkXRI=
-17,-4,ef1CHqMsb6X3rrBIen5n/0ix5Ho=,Lcau3Y2GL5YWCFsnFEM9/cOK/S4=
-19,-3,ef1CHqMsb6X3rrBIen5n/0ix5Ho=,iTukG6n/2vI/xTv/x89aXwIWwu8=
-17,-5,ef1CHqMsb6X3rrBIen5n/0ix5Ho=,Hht+9r0sN5ZDuT2tsVJbCOehb1Q=
-18,-3,ef1CHqMsb6X3rrBIen5n/0ix5Ho=,Lcau3Y2GL5YWCFsnFEM9/cOK/S4=
-19,-2,ef1CHqMsb6X3rrBIen5n/0ix5Ho=,HHjdPVRKVl7uAeb1O2AAS9Vr8AI=
-20,-1,ef1CHqMsb6X3rrBIen5n/0ix5Ho=,HHjdPVRKVl7uAeb1O2AAS9Vr8AI=
-18,-1,ef1CHqMsb6X3rrBIen5n/0ix5Ho=,aUwi4/QbczLqQ6+t1AWIiPk4cjg=
-17,-6,ef1CHqMsb6X3rrBIen5n/0ix5Ho=,Hht+9r0sN5ZDuT2tsVJbCOehb1Q=
-17,-2,ef1CHqMsb6X3rrBIen5n/0ix5Ho=,aUwi4/QbczLqQ6+t1AWIiPk4cjg=
-21,-1,ef1CHqMsb6X3rrBIen5n/0ix5Ho=,dtjqW/XWYVb9JEPzAYT8lhXkXRI=
-18,-2,ef1CHqMsb6X3rrBIen5n/0ix5Ho=,aUwi4/QbczLqQ6+t1AWIiPk4cjg=
-17,-3,ef1CHqMsb6X3rrBIen5n/0ix5Ho=,Lcau3Y2GL5YWCFsnFEM9/cOK/S4=
-17,-9,ef1CHqMsb6X3rrBIen5n/0ix5Ho=,1JiTm0S4l0nqiR99gKrFx7+UoDc=
-19,-1,ef1CHqMsb6X3rrBIen5n/0ix5Ho=,HHjdPVRKVl7uAeb1O2AAS9Vr8AI=
-17,-7,ef1CHqMsb6X3rrBIen5n/0ix5Ho=,VVgD5w/w0tcd69FuIvLRw8qu7SU=
-17,-11,ef1CHqMsb6X3rrBIen5n/0ix5Ho=,xS3d8wArVedzu9lp0Wz5eKcieMY=
-17,-12,ef1CHqMsb6X3rrBIen5n/0ix5Ho=,xS3d8wArVedzu9lp0Wz5eKcieMY=
-17,-8,tX1ToylWYZXVzoHaW1mCanJsjTw=,VVgD5w/w0tcd69FuIvLRw8qu7SU=
-28,-1,tX1ToylWYZXVzoHaW1mCanJsjTw=,koZqGePDgFkV3FMvaSZR6BI49D0=
-17,-16,tX1ToylWYZXVzoHaW1mCanJsjTw=,6Ukpr1Du7O4r57Ui397YDxWlqpE=
-17,-10,tX1ToylWYZXVzoHaW1mCanJsjTw=,1JiTm0S4l0nqiR99gKrFx7+UoDc=
-17,-13,tX1ToylWYZXVzoHaW1mCanJsjTw=,mUnU1KH3a4hmdnQ3QR3Hiu/bcdo=
-29,-1,tX1ToylWYZXVzoHaW1mCanJsjTw=,8VVbv/eqeG3LQNbtIP62v2jVKeU=
-18,-16,tX1ToylWYZXVzoHaW1mCanJsjTw=,6Ukpr1Du7O4r57Ui397YDxWlqpE=
-19,-16,tX1ToylWYZXVzoHaW1mCanJsjTw=,3E3HepcblfuxxlVtSq0YHBMxQUs=
-17,-14,tX1ToylWYZXVzoHaW1mCanJsjTw=,mUnU1KH3a4hmdnQ3QR3Hiu/bcdo=
-31,-1,tX1ToylWYZXVzoHaW1mCanJsjTw=,3mSSUX30WLIiQHvYzzRSg4/ORnk=
-30,-1,tX1ToylWYZXVzoHaW1mCanJsjTw=,8VVbv/eqeG3LQNbtIP62v2jVKeU=
-17,-15,tX1ToylWYZXVzoHaW1mCanJsjTw=,6Ukpr1Du7O4r57Ui397YDxWlqpE=
-17,-1,tX1ToylWYZXVzoHaW1mCanJsjTw=,aUwi4/QbczLqQ6+t1AWIiPk4cjg=
