-3,-12,g9aRHgxj47MUgigSiXCUqNaIRpw=,XnAoxYKt6YEVQMIEHZa5H7G9Yqs=
-3,-13,g9aRHgxj47MUgigSiXCUqNaIRpw=,XnAoxYKt6YEVQMIEHZa5H7G9Yqs=
-2,-12,g9aRHgxj47MUgigSiXCUqNaIRpw=,YebrCfE3ZnXU+TolhJ71S0b5jmk=
-2,-13,N+4JATWdFsERembvKiX3gQJj53A=,AODGuxSRqAT4aOYgtARaFKO7tuY=
-4,-12,QxKDXIYDo/md29NW2tOdwDun3K0=,XnAoxYKt6YEVQMIEHZa5H7G9Yqs=
-4,-13,QxKDXIYDo/md29NW2tOdwDun3K0=,XnAoxYKt6YEVQMIEHZa5H7G9Yqs=
-5,-12,QxKDXIYDo/md29NW2tOdwDun3K0=,T7GeVJUm5tzq1PN/vUa7urRQrIw=
-5,-13,QxKDXIYDo/md29NW2tOdwDun3K0=,cjPdcNcNwuaUIG6s9+p4mR7SfXM=
-6,-12,bg6UG7QMn3kVVWnTnIsHGZoyhD0=,T7GeVJUm5tzq1PN/vUa7urRQrIw=
-7,-12,bg6UG7QMn3kVVWnTnIsHGZoyhD0=,1mIZRhydr+QLuyMuId2BgoO4YeI=
-6,-13,bg6UG7QMn3kVVWnTnIsHGZoyhD0=,cjPdcNcNwuaUIG6s9+p4mR7SfXM=
-7,-13,bg6UG7QMn3kVVWnTnIsHGZoyhD0=,/rNCsG+YkfqS2lFoepwfi4TrCpg=
-8,-12,pKVa8E8UiwnCrgZzA9VYNURf35c=,1mIZRhydr+QLuyMuId2BgoO4YeI=
-9,-12,pKVa8E8UiwnCrgZzA9VYNURf35c=,sKRLnn+6ckthYnQZ6LL8+KgKqmg=
-8,-13,O5tfAc23BQqLapsSmiryZqvv0Ro=,/rNCsG+YkfqS2lFoepwfi4TrCpg=
-11,-13,O5tfAc23BQqLapsSmiryZqvv0Ro=,S9C9qgDSW0f3HT9yf/KDI9Y3DTo=
-9,-13,O5tfAc23BQqLapsSmiryZqvv0Ro=,THZjrQm2B+Z7CbmBfzPLUWTsdXA=
-11,-12,O5tfAc23BQqLapsSmiryZqvv0Ro=,85Jt77B/FLVTWfpO0MgjM2H6Lrw=
-10,-12,O5tfAc23BQqLapsSmiryZqvv0Ro=,sKRLnn+6ckthYnQZ6LL8+KgKqmg=
-10,-13,O5tfAc23BQqLapsSmiryZqvv0Ro=,THZjrQm2B+Z7CbmBfzPLUWTsdXA=
-13,-12,FArTozzz5AT1zqzFGC3TYuccj70=,J7grZ9DOVKVRJa/hlXijwJDWUCY=
-12,-13,FArTozzz5AT1zqzFGC3TYuccj70=,S9C9qgDSW0f3HT9yf/KDI9Y3DTo=
-13,-13,FArTozzz5AT1zqzFGC3TYuccj70=,dRc2kjFRcAgLLnTDoZ/FNh9p6b4=
-12,-12,FArTozzz5AT1zqzFGC3TYuccj70=,85Jt77B/FLVTWfpO0MgjM2H6Lrw=
-14,-12,4H+wvTt2kwpJL/le/fUhM0B+PMg=,J7grZ9DOVKVRJa/hlXijwJDWUCY=
-14,-13,4H+wvTt2kwpJL/le/fUhM0B+PMg=,dRc2kjFRcAgLLnTDoZ/FNh9p6b4=
-15,-15,JYvThdO3fk28wyfK2odzstmTcOQ=,KB+IyieZbd1xA+JMC0y6w0ksZDA=
-14,-15,JYvThdO3fk28wyfK2odzstmTcOQ=,H0/102KieODz3+rpkP5eVlHdZEg=
-14,-14,JYvThdO3fk28wyfK2odzstmTcOQ=,dRc2kjFRcAgLLnTDoZ/FNh9p6b4=
-15,-13,JYvThdO3fk28wyfK2odzstmTcOQ=,BnBBwTs8yECUdK/Boz71EgwxQO8=
-15,-12,JYvThdO3fk28wyfK2odzstmTcOQ=,ad7iu3kNwjO1bbrPsK+SVMMFehU=
-15,-10,JYvThdO3fk28wyfK2odzstmTcOQ=,AksjcfyEplgDuM4b4xlhADwT0Ck=
-14,-10,JYvThdO3fk28wyfK2odzstmTcOQ=,ZWddLnc6oR01PeCWi/ChCyW1huA=
-14,-11,JYvThdO3fk28wyfK2odzstmTcOQ=,J7grZ9DOVKVRJa/hlXijwJDWUCY=
-15,-14,JYvThdO3fk28wyfK2odzstmTcOQ=,BnBBwTs8yECUdK/Boz71EgwxQO8=
-15,-11,JYvThdO3fk28wyfK2odzstmTcOQ=,ad7iu3kNwjO1bbrPsK+SVMMFehU=
-13,-11,6hBoBRmKV4DPiSxCVLbtjZxQaeM=,J7grZ9DOVKVRJa/hlXijwJDWUCY=
-13,-10,6hBoBRmKV4DPiSxCVLbtjZxQaeM=,ZWddLnc6oR01PeCWi/ChCyW1huA=
-14,-8,lMB6F3x6+CQl09c5cLlmlQi6aa4=,kXzD8lkH/ChNs5Mew0ef+Ikww+c=
-14,-9,lMB6F3x6+CQl09c5cLlmlQi6aa4=,ZWddLnc6oR01PeCWi/ChCyW1huA=
-15,-8,lMB6F3x6+CQl09c5cLlmlQi6aa4=,LjWK4lRg3GkwyQ306IdhMlsxeNo=
-15,-9,lMB6F3x6+CQl09c5cLlmlQi6aa4=,AksjcfyEplgDuM4b4xlhADwT0Ck=
-12,-8,lMB6F3x6+CQl09c5cLlmlQi6aa4=,YJzb73x79r8MAXLH2Z+LO2Rw4gA=
-13,-8,lMB6F3x6+CQl09c5cLlmlQi6aa4=,kXzD8lkH/ChNs5Mew0ef+Ikww+c=
-13,-9,lMB6F3x6+CQl09c5cLlmlQi6aa4=,ZWddLnc6oR01PeCWi/ChCyW1huA=
-12,-9,lMB6F3x6+CQl09c5cLlmlQi6aa4=,6AYrPckbaPCKeRsZIaUvROJ0osw=
-12,-10,lMB6F3x6+CQl09c5cLlmlQi6aa4=,6AYrPckbaPCKeRsZIaUvROJ0osw=
-12,-11,lMB6F3x6+CQl09c5cLlmlQi6aa4=,85Jt77B/FLVTWfpO0MgjM2H6Lrw=
-13,-6,mEh4KJ2fNyHpub0m55a8k1lJA8Y=,C5NA1eHXsQwDkhWvga5tsdhYHtU=
-12,-7,mEh4KJ2fNyHpub0m55a8k1lJA8Y=,YJzb73x79r8MAXLH2Z+LO2Rw4gA=
-12,-6,mEh4KJ2fNyHpub0m55a8k1lJA8Y=,QYmiWWiRRAdG1BOyVRRH+FbcKN4=
-13,-7,mEh4KJ2fNyHpub0m55a8k1lJA8Y=,kXzD8lkH/ChNs5Mew0ef+Ikww+c=
-14,-6,mEh4KJ2fNyHpub0m55a8k1lJA8Y=,C5NA1eHXsQwDkhWvga5tsdhYHtU=
-14,-7,mEh4KJ2fNyHpub0m55a8k1lJA8Y=,kXzD8lkH/ChNs5Mew0ef+Ikww+c=
-15,-6,mEh4KJ2fNyHpub0m55a8k1lJA8Y=,BOJPyS4wfa0LWlkEUPRoiZe8pWI=
-15,-7,mEh4KJ2fNyHpub0m55a8k1lJA8Y=,LjWK4lRg3GkwyQ306IdhMlsxeNo=
-12,-5,YeKRHUbBLnTS4TnRvcm2E6JXgOQ=,QYmiWWiRRAdG1BOyVRRH+FbcKN4=
-12,-4,YeKRHUbBLnTS4TnRvcm2E6JXgOQ=,VN8TdYwY5ah3rKb0ACwvqb8Ifdw=
-13,-5,YeKRHUbBLnTS4TnRvcm2E6JXgOQ=,C5NA1eHXsQwDkhWvga5tsdhYHtU=
-13,-4,YeKRHUbBLnTS4TnRvcm2E6JXgOQ=,4Ne15CTERnXgebOoeZsbNLiQs3k=
-15,-4,YeKRHUbBLnTS4TnRvcm2E6JXgOQ=,BOJPyS4wfa0LWlkEUPRoiZe8pWI=
-15,-5,YeKRHUbBLnTS4TnRvcm2E6JXgOQ=,BOJPyS4wfa0LWlkEUPRoiZe8pWI=
-14,-4,YeKRHUbBLnTS4TnRvcm2E6JXgOQ=,4Ne15CTERnXgebOoeZsbNLiQs3k=
-14,-5,YeKRHUbBLnTS4TnRvcm2E6JXgOQ=,C5NA1eHXsQwDkhWvga5tsdhYHtU=
-13,-3,Xo7F6CtLesdnledRiwPFFL4DhAI=,4Ne15CTERnXgebOoeZsbNLiQs3k=
-12,-3,Xo7F6CtLesdnledRiwPFFL4DhAI=,VN8TdYwY5ah3rKb0ACwvqb8Ifdw=
-12,-2,Xo7F6CtLesdnledRiwPFFL4DhAI=,Vzhmu1aR0Yh6Pf4akmsC4AC+A34=
-13,-2,Xo7F6CtLesdnledRiwPFFL4DhAI=,S74c1x/3LKkPaHSdOpXKOuJho6Q=
-14,-3,fLEMsByKzZch2s5AUwQVYj3Pe80=,4Ne15CTERnXgebOoeZsbNLiQs3k=
-15,-3,fLEMsByKzZch2s5AUwQVYj3Pe80=,BOJPyS4wfa0LWlkEUPRoiZe8pWI=
-15,-2,fLEMsByKzZch2s5AUwQVYj3Pe80=,ujNpjMgDBsmyX3wnlBCvkujYYQo=
-14,-2,fLEMsByKzZch2s5AUwQVYj3Pe80=,S74c1x/3LKkPaHSdOpXKOuJho6Q=
-11,-3,fLEMsByKzZch2s5AUwQVYj3Pe80=,VN8TdYwY5ah3rKb0ACwvqb8Ifdw=
-10,-3,fLEMsByKzZch2s5AUwQVYj3Pe80=,RvQwE5mQ1yj3en9XIHn1ya5FuFM=
-10,-2,fLEMsByKzZch2s5AUwQVYj3Pe80=,9XPR8eEdR9c7AjU4md7fVTDlbzI=
-11,-2,KtIViF0Okon08W1XDKb0wfrR19k=,Vzhmu1aR0Yh6Pf4akmsC4AC+A34=
-8,-3,JrusdrDWH4Lw/HYgoAMYgy+Rhhc=,RvQwE5mQ1yj3en9XIHn1ya5FuFM=
-7,-3,JrusdrDWH4Lw/HYgoAMYgy+Rhhc=,RvQwE5mQ1yj3en9XIHn1ya5FuFM=
-7,-2,JrusdrDWH4Lw/HYgoAMYgy+Rhhc=,Bv/GtiyySEivZEL+PwwThhxSjTc=
-6,-2,JrusdrDWH4Lw/HYgoAMYgy+Rhhc=,nkd9MgpY0I5/+aDyLtsJyOxwrT8=
-6,-3,JrusdrDWH4Lw/HYgoAMYgy+Rhhc=,41HYJTp630NjXdY6vrBFPTZdsoQ=
-9,-3,JrusdrDWH4Lw/HYgoAMYgy+Rhhc=,RvQwE5mQ1yj3en9XIHn1ya5FuFM=
-8,-2,JrusdrDWH4Lw/HYgoAMYgy+Rhhc=,Bv/GtiyySEivZEL+PwwThhxSjTc=
-9,-2,JrusdrDWH4Lw/HYgoAMYgy+Rhhc=,9XPR8eEdR9c7AjU4md7fVTDlbzI=
-7,-4,Z044vNUCqiwD68oEwt7vBwIgzJw=,RvQwE5mQ1yj3en9XIHn1ya5FuFM=
-7,-5,AAjijCBjYflbLh+/qGP6XWszUiw=,8oB2H8v2Mzh4ORKxyOsZSRaTt8g=
-6,-5,AAjijCBjYflbLh+/qGP6XWszUiw=,svNCJZ1SSxA6bTv5O1IwWT/L7SE=
-6,-4,AAjijCBjYflbLh+/qGP6XWszUiw=,41HYJTp630NjXdY6vrBFPTZdsoQ=
-5,-4,AAjijCBjYflbLh+/qGP6XWszUiw=,41HYJTp630NjXdY6vrBFPTZdsoQ=
-5,-5,AAjijCBjYflbLh+/qGP6XWszUiw=,svNCJZ1SSxA6bTv5O1IwWT/L7SE=
-5,-2,AAjijCBjYflbLh+/qGP6XWszUiw=,nkd9MgpY0I5/+aDyLtsJyOxwrT8=
-5,-3,AAjijCBjYflbLh+/qGP6XWszUiw=,41HYJTp630NjXdY6vrBFPTZdsoQ=
-4,-2,AAjijCBjYflbLh+/qGP6XWszUiw=,vLcuGoRAsQaPa5imjKBxoAxHaF0=
-4,-5,AAjijCBjYflbLh+/qGP6XWszUiw=,svNCJZ1SSxA6bTv5O1IwWT/L7SE=
-4,-3,AAjijCBjYflbLh+/qGP6XWszUiw=,AsH2vIgjhyXD5D0ru6WqNAwbTlM=
-4,-4,AAjijCBjYflbLh+/qGP6XWszUiw=,AsH2vIgjhyXD5D0ru6WqNAwbTlM=
-3,-2,MmvoMTeELyv3gzPA8TXAgXy5hw0=,vLcuGoRAsQaPa5imjKBxoAxHaF0=
-2,-2,MmvoMTeELyv3gzPA8TXAgXy5hw0=,ksAQmKrexgtWr5BdZayByzqICYM=
-3,-5,MmvoMTeELyv3gzPA8TXAgXy5hw0=,svNCJZ1SSxA6bTv5O1IwWT/L7SE=
-3,-3,MmvoMTeELyv3gzPA8TXAgXy5hw0=,AsH2vIgjhyXD5D0ru6WqNAwbTlM=
-2,-3,MmvoMTeELyv3gzPA8TXAgXy5hw0=,NGUpsp6W3LbpKrnmNItNCxLFpa0=
-2,-4,MmvoMTeELyv3gzPA8TXAgXy5hw0=,NGUpsp6W3LbpKrnmNItNCxLFpa0=
-3,-4,MmvoMTeELyv3gzPA8TXAgXy5hw0=,AsH2vIgjhyXD5D0ru6WqNAwbTlM=
-2,-5,MmvoMTeELyv3gzPA8TXAgXy5hw0=,tT5JwmKQIrdP5mVS4YQuE8iVVFw=
-3,-6,oCW13Ya1UcFdQ4nQzQG80elg4X8=,svNCJZ1SSxA6bTv5O1IwWT/L7SE=
-3,-7,oCW13Ya1UcFdQ4nQzQG80elg4X8=,WCeHU8tjc1/y7kG80lCQ53UPStM=
-2,-6,oCW13Ya1UcFdQ4nQzQG80elg4X8=,tT5JwmKQIrdP5mVS4YQuE8iVVFw=
-2,-7,oCW13Ya1UcFdQ4nQzQG80elg4X8=,tT5JwmKQIrdP5mVS4YQuE8iVVFw=
-5,-6,oCW13Ya1UcFdQ4nQzQG80elg4X8=,svNCJZ1SSxA6bTv5O1IwWT/L7SE=
-5,-7,oCW13Ya1UcFdQ4nQzQG80elg4X8=,VqobcRxqAyAZQdIZJJVY/h+xsZA=
-4,-6,oCW13Ya1UcFdQ4nQzQG80elg4X8=,svNCJZ1SSxA6bTv5O1IwWT/L7SE=
-4,-7,oCW13Ya1UcFdQ4nQzQG80elg4X8=,WCeHU8tjc1/y7kG80lCQ53UPStM=
-4,-9,CNv/NF4WaIIDSQm2aUfuXXRbg1A=,T7GeVJUm5tzq1PN/vUa7urRQrIw=
-4,-10,CNv/NF4WaIIDSQm2aUfuXXRbg1A=,T7GeVJUm5tzq1PN/vUa7urRQrIw=
-4,-11,CNv/NF4WaIIDSQm2aUfuXXRbg1A=,XnAoxYKt6YEVQMIEHZa5H7G9Yqs=
-5,-10,CNv/NF4WaIIDSQm2aUfuXXRbg1A=,GaHrWQuvJuOkUDLR77gUCnyYNPE=
-5,-8,CNv/NF4WaIIDSQm2aUfuXXRbg1A=,VqobcRxqAyAZQdIZJJVY/h+xsZA=
-5,-11,CNv/NF4WaIIDSQm2aUfuXXRbg1A=,T7GeVJUm5tzq1PN/vUa7urRQrIw=
-5,-9,CNv/NF4WaIIDSQm2aUfuXXRbg1A=,GaHrWQuvJuOkUDLR77gUCnyYNPE=
-4,-8,CNv/NF4WaIIDSQm2aUfuXXRbg1A=,WCeHU8tjc1/y7kG80lCQ53UPStM=
-3,-11,Ky40BawP38i75UYUQFxzQPb4yB0=,XnAoxYKt6YEVQMIEHZa5H7G9Yqs=
-3,-8,Ky40BawP38i75UYUQFxzQPb4yB0=,WCeHU8tjc1/y7kG80lCQ53UPStM=
-3,-9,Ky40BawP38i75UYUQFxzQPb4yB0=,T7GeVJUm5tzq1PN/vUa7urRQrIw=
-3,-10,Ky40BawP38i75UYUQFxzQPb4yB0=,T7GeVJUm5tzq1PN/vUa7urRQrIw=
-2,-8,Ky40BawP38i75UYUQFxzQPb4yB0=,tT5JwmKQIrdP5mVS4YQuE8iVVFw=
-2,-9,Ky40BawP38i75UYUQFxzQPb4yB0=,smrnY+WjvK2xOyjhEBVojvUEY44=
-6,-11,Ky40BawP38i75UYUQFxzQPb4yB0=,T7GeVJUm5tzq1PN/vUa7urRQrIw=
-7,-11,Ky40BawP38i75UYUQFxzQPb4yB0=,1mIZRhydr+QLuyMuId2BgoO4YeI=
-6,-10,Ky40BawP38i75UYUQFxzQPb4yB0=,GaHrWQuvJuOkUDLR77gUCnyYNPE=
-2,-10,Ky40BawP38i75UYUQFxzQPb4yB0=,smrnY+WjvK2xOyjhEBVojvUEY44=
-2,-11,Ky40BawP38i75UYUQFxzQPb4yB0=,YebrCfE3ZnXU+TolhJ71S0b5jmk=
-6,-8,Ky40BawP38i75UYUQFxzQPb4yB0=,VqobcRxqAyAZQdIZJJVY/h+xsZA=
-7,-10,Ky40BawP38i75UYUQFxzQPb4yB0=,kYYgX9kWo1GvUDdJVxR4VOV78cE=
-7,-8,Ky40BawP38i75UYUQFxzQPb4yB0=,kYYgX9kWo1GvUDdJVxR4VOV78cE=
-6,-6,Ky40BawP38i75UYUQFxzQPb4yB0=,svNCJZ1SSxA6bTv5O1IwWT/L7SE=
-6,-9,Ky40BawP38i75UYUQFxzQPb4yB0=,GaHrWQuvJuOkUDLR77gUCnyYNPE=
-7,-7,Ky40BawP38i75UYUQFxzQPb4yB0=,kYYgX9kWo1GvUDdJVxR4VOV78cE=
-6,-7,Ky40BawP38i75UYUQFxzQPb4yB0=,VqobcRxqAyAZQdIZJJVY/h+xsZA=
-7,-6,Ky40BawP38i75UYUQFxzQPb4yB0=,8oB2H8v2Mzh4ORKxyOsZSRaTt8g=
-7,-9,Ky40BawP38i75UYUQFxzQPb4yB0=,kYYgX9kWo1GvUDdJVxR4VOV78cE=
-9,-10,Ky40BawP38i75UYUQFxzQPb4yB0=,Z4e3yul1QoOj45VOC1he/GuZkp0=
-8,-11,Ky40BawP38i75UYUQFxzQPb4yB0=,1mIZRhydr+QLuyMuId2BgoO4YeI=
-9,-11,u7+Dlk7M02KwqYWz68qC/BwkEw8=,sKRLnn+6ckthYnQZ6LL8+KgKqmg=
-8,-10,u7+Dlk7M02KwqYWz68qC/BwkEw8=,kYYgX9kWo1GvUDdJVxR4VOV78cE=
-10,-10,u7+Dlk7M02KwqYWz68qC/BwkEw8=,Z4e3yul1QoOj45VOC1he/GuZkp0=
-10,-11,u7+Dlk7M02KwqYWz68qC/BwkEw8=,sKRLnn+6ckthYnQZ6LL8+KgKqmg=
-11,-10,u7+Dlk7M02KwqYWz68qC/BwkEw8=,6AYrPckbaPCKeRsZIaUvROJ0osw=
-11,-11,u7+Dlk7M02KwqYWz68qC/BwkEw8=,85Jt77B/FLVTWfpO0MgjM2H6Lrw=
-1,-2,u7+Dlk7M02KwqYWz68qC/BwkEw8=,ksAQmKrexgtWr5BdZayByzqICYM=
-1,-3,u7+Dlk7M02KwqYWz68qC/BwkEw8=,NGUpsp6W3LbpKrnmNItNCxLFpa0=
-8,-4,ge/o9P/TwT3+2zTGWM1H5IzOOZA=,RvQwE5mQ1yj3en9XIHn1ya5FuFM=
-11,-5,ge/o9P/TwT3+2zTGWM1H5IzOOZA=,QYmiWWiRRAdG1BOyVRRH+FbcKN4=
-10,-6,ge/o9P/TwT3+2zTGWM1H5IzOOZA=,aVOFFxlbJtIx/spqQYcCvZMm2+U=
-10,-5,ge/o9P/TwT3+2zTGWM1H5IzOOZA=,aVOFFxlbJtIx/spqQYcCvZMm2+U=
-9,-4,ge/o9P/TwT3+2zTGWM1H5IzOOZA=,RvQwE5mQ1yj3en9XIHn1ya5FuFM=
-11,-4,ge/o9P/TwT3+2zTGWM1H5IzOOZA=,VN8TdYwY5ah3rKb0ACwvqb8Ifdw=
-10,-4,ge/o9P/TwT3+2zTGWM1H5IzOOZA=,RvQwE5mQ1yj3en9XIHn1ya5FuFM=
-9,-9,ge/o9P/TwT3+2zTGWM1H5IzOOZA=,Z4e3yul1QoOj45VOC1he/GuZkp0=
-11,-8,ge/o9P/TwT3+2zTGWM1H5IzOOZA=,YJzb73x79r8MAXLH2Z+LO2Rw4gA=
-1,-5,ge/o9P/TwT3+2zTGWM1H5IzOOZA=,tT5JwmKQIrdP5mVS4YQuE8iVVFw=
-8,-8,ge/o9P/TwT3+2zTGWM1H5IzOOZA=,kYYgX9kWo1GvUDdJVxR4VOV78cE=
-8,-9,ge/o9P/TwT3+2zTGWM1H5IzOOZA=,kYYgX9kWo1GvUDdJVxR4VOV78cE=
-1,-4,ge/o9P/TwT3+2zTGWM1H5IzOOZA=,NGUpsp6W3LbpKrnmNItNCxLFpa0=
-9,-5,ge/o9P/TwT3+2zTGWM1H5IzOOZA=,aVOFFxlbJtIx/spqQYcCvZMm2+U=
-8,-5,ge/o9P/TwT3+2zTGWM1H5IzOOZA=,8oB2H8v2Mzh4ORKxyOsZSRaTt8g=
-9,-6,ge/o9P/TwT3+2zTGWM1H5IzOOZA=,aVOFFxlbJtIx/spqQYcCvZMm2+U=
-10,-9,ge/o9P/TwT3+2zTGWM1H5IzOOZA=,Z4e3yul1QoOj45VOC1he/GuZkp0=
-10,-7,ge/o9P/TwT3+2zTGWM1H5IzOOZA=,vaTCPTEVEhyP3R/IuiVBJllGuBQ=
-11,-7,ge/o9P/TwT3+2zTGWM1H5IzOOZA=,YJzb73x79r8MAXLH2Z+LO2Rw4gA=
-9,-8,ge/o9P/TwT3+2zTGWM1H5IzOOZA=,vaTCPTEVEhyP3R/IuiVBJllGuBQ=
-11,-6,ge/o9P/TwT3+2zTGWM1H5IzOOZA=,QYmiWWiRRAdG1BOyVRRH+FbcKN4=
-11,-9,ge/o9P/TwT3+2zTGWM1H5IzOOZA=,6AYrPckbaPCKeRsZIaUvROJ0osw=
-8,-6,ge/o9P/TwT3+2zTGWM1H5IzOOZA=,8oB2H8v2Mzh4ORKxyOsZSRaTt8g=
-9,-7,ge/o9P/TwT3+2zTGWM1H5IzOOZA=,vaTCPTEVEhyP3R/IuiVBJllGuBQ=
-10,-8,ge/o9P/TwT3+2zTGWM1H5IzOOZA=,vaTCPTEVEhyP3R/IuiVBJllGuBQ=
-8,-7,ge/o9P/TwT3+2zTGWM1H5IzOOZA=,kYYgX9kWo1GvUDdJVxR4VOV78cE=
-1,-6,hDNsSMTDGjygc/1cc5arFhPK6FI=,tT5JwmKQIrdP5mVS4YQuE8iVVFw=
-1,-7,hDNsSMTDGjygc/1cc5arFhPK6FI=,tT5JwmKQIrdP5mVS4YQuE8iVVFw=
-1,-8,hDNsSMTDGjygc/1cc5arFhPK6FI=,tT5JwmKQIrdP5mVS4YQuE8iVVFw=
-1,-9,hDNsSMTDGjygc/1cc5arFhPK6FI=,smrnY+WjvK2xOyjhEBVojvUEY44=
-1,-11,86PwLtjCzp2wx7TZXcZEIKy0Lrk=,YebrCfE3ZnXU+TolhJ71S0b5jmk=
-1,-13,86PwLtjCzp2wx7TZXcZEIKy0Lrk=,AODGuxSRqAT4aOYgtARaFKO7tuY=
-1,-12,86PwLtjCzp2wx7TZXcZEIKy0Lrk=,YebrCfE3ZnXU+TolhJ71S0b5jmk=
-1,-10,86PwLtjCzp2wx7TZXcZEIKy0Lrk=,smrnY+WjvK2xOyjhEBVojvUEY44=
-4,-14,opQEVBP581fCfENuy/BLTlkvvZ4=,XnAoxYKt6YEVQMIEHZa5H7G9Yqs=
-4,-15,opQEVBP581fCfENuy/BLTlkvvZ4=,OKsCposbFpVHiFgXldX2rol1Sh4=
-3,-15,opQEVBP581fCfENuy/BLTlkvvZ4=,OKsCposbFpVHiFgXldX2rol1Sh4=
-3,-14,opQEVBP581fCfENuy/BLTlkvvZ4=,XnAoxYKt6YEVQMIEHZa5H7G9Yqs=
-5,-15,opQEVBP581fCfENuy/BLTlkvvZ4=,Swo1u+lFkLThfQvYJqBvGrayi1o=
-5,-14,opQEVBP581fCfENuy/BLTlkvvZ4=,cjPdcNcNwuaUIG6s9+p4mR7SfXM=
-2,-15,U7oba81D9eiXu72X7DVifRAW9II=,WRNPly90harWJrPiNSw4Nqxe7ss=
-6,-14,U7oba81D9eiXu72X7DVifRAW9II=,cjPdcNcNwuaUIG6s9+p4mR7SfXM=
-7,-15,U7oba81D9eiXu72X7DVifRAW9II=,Swo1u+lFkLThfQvYJqBvGrayi1o=
-6,-15,U7oba81D9eiXu72X7DVifRAW9II=,Swo1u+lFkLThfQvYJqBvGrayi1o=
-2,-14,U7oba81D9eiXu72X7DVifRAW9II=,AODGuxSRqAT4aOYgtARaFKO7tuY=
-7,-14,U7oba81D9eiXu72X7DVifRAW9II=,/rNCsG+YkfqS2lFoepwfi4TrCpg=
-9,-15,fwrD8T1Fxd0kPhg4KlYO1Yuv4xk=,K/uBk4Eie4dkekktac6G+ktOEgM=
-8,-15,fwrD8T1Fxd0kPhg4KlYO1Yuv4xk=,Swo1u+lFkLThfQvYJqBvGrayi1o=
-12,-16,fwrD8T1Fxd0kPhg4KlYO1Yuv4xk=,0g3cj7vlSeU1a+1xDva55aDLmGY=
-11,-15,fwrD8T1Fxd0kPhg4KlYO1Yuv4xk=,0g3cj7vlSeU1a+1xDva55aDLmGY=
-13,-16,fwrD8T1Fxd0kPhg4KlYO1Yuv4xk=,H0/102KieODz3+rpkP5eVlHdZEg=
-12,-15,fwrD8T1Fxd0kPhg4KlYO1Yuv4xk=,0g3cj7vlSeU1a+1xDva55aDLmGY=
-13,-15,fwrD8T1Fxd0kPhg4KlYO1Yuv4xk=,H0/102KieODz3+rpkP5eVlHdZEg=
-12,-14,fwrD8T1Fxd0kPhg4KlYO1Yuv4xk=,S9C9qgDSW0f3HT9yf/KDI9Y3DTo=
-11,-16,fwrD8T1Fxd0kPhg4KlYO1Yuv4xk=,0g3cj7vlSeU1a+1xDva55aDLmGY=
-13,-14,fwrD8T1Fxd0kPhg4KlYO1Yuv4xk=,dRc2kjFRcAgLLnTDoZ/FNh9p6b4=
-11,-14,fwrD8T1Fxd0kPhg4KlYO1Yuv4xk=,S9C9qgDSW0f3HT9yf/KDI9Y3DTo=
-10,-16,fwrD8T1Fxd0kPhg4KlYO1Yuv4xk=,K/uBk4Eie4dkekktac6G+ktOEgM=
-10,-15,fwrD8T1Fxd0kPhg4KlYO1Yuv4xk=,K/uBk4Eie4dkekktac6G+ktOEgM=
-8,-14,fwrD8T1Fxd0kPhg4KlYO1Yuv4xk=,/rNCsG+YkfqS2lFoepwfi4TrCpg=
-14,-16,fwrD8T1Fxd0kPhg4KlYO1Yuv4xk=,H0/102KieODz3+rpkP5eVlHdZEg=
-15,-16,fwrD8T1Fxd0kPhg4KlYO1Yuv4xk=,KB+IyieZbd1xA+JMC0y6w0ksZDA=
-9,-14,fwrD8T1Fxd0kPhg4KlYO1Yuv4xk=,THZjrQm2B+Z7CbmBfzPLUWTsdXA=
-10,-14,hXvA0/bWASlZzLfbAr2iQ9a26aY=,THZjrQm2B+Z7CbmBfzPLUWTsdXA=
-16,-16,hXvA0/bWASlZzLfbAr2iQ9a26aY=,KB+IyieZbd1xA+JMC0y6w0ksZDA=
-16,-15,hXvA0/bWASlZzLfbAr2iQ9a26aY=,KB+IyieZbd1xA+JMC0y6w0ksZDA=
-16,-14,hXvA0/bWASlZzLfbAr2iQ9a26aY=,BnBBwTs8yECUdK/Boz71EgwxQO8=
-16,-10,hXvA0/bWASlZzLfbAr2iQ9a26aY=,AksjcfyEplgDuM4b4xlhADwT0Ck=
-16,-13,hXvA0/bWASlZzLfbAr2iQ9a26aY=,BnBBwTs8yECUdK/Boz71EgwxQO8=
-16,-12,hXvA0/bWASlZzLfbAr2iQ9a26aY=,ad7iu3kNwjO1bbrPsK+SVMMFehU=
-16,-11,hXvA0/bWASlZzLfbAr2iQ9a26aY=,ad7iu3kNwjO1bbrPsK+SVMMFehU=
-16,-9,hXvA0/bWASlZzLfbAr2iQ9a26aY=,AksjcfyEplgDuM4b4xlhADwT0Ck=
-16,-8,hXvA0/bWASlZzLfbAr2iQ9a26aY=,LjWK4lRg3GkwyQ306IdhMlsxeNo=
-16,-7,hXvA0/bWASlZzLfbAr2iQ9a26aY=,LjWK4lRg3GkwyQ306IdhMlsxeNo=
-16,-6,hXvA0/bWASlZzLfbAr2iQ9a26aY=,BOJPyS4wfa0LWlkEUPRoiZe8pWI=
-16,-5,L+BMRidqtKoCTtbWrEWIt8yrGMc=,BOJPyS4wfa0LWlkEUPRoiZe8pWI=
-16,-4,L+BMRidqtKoCTtbWrEWIt8yrGMc=,BOJPyS4wfa0LWlkEUPRoiZe8pWI=
-16,-2,L+BMRidqtKoCTtbWrEWIt8yrGMc=,ujNpjMgDBsmyX3wnlBCvkujYYQo=
-16,-3,L+BMRidqtKoCTtbWrEWIt8yrGMc=,BOJPyS4wfa0LWlkEUPRoiZe8pWI=
-15,-1,L+BMRidqtKoCTtbWrEWIt8yrGMc=,ujNpjMgDBsmyX3wnlBCvkujYYQo=
-14,-1,L+BMRidqtKoCTtbWrEWIt8yrGMc=,S74c1x/3LKkPaHSdOpXKOuJho6Q=
-12,-1,hnrY+vQpnsWX3N6eFJg9tvqclNc=,Vzhmu1aR0Yh6Pf4akmsC4AC+A34=
-13,-1,hnrY+vQpnsWX3N6eFJg9tvqclNc=,S74c1x/3LKkPaHSdOpXKOuJho6Q=
-11,-1,hnrY+vQpnsWX3N6eFJg9tvqclNc=,Vzhmu1aR0Yh6Pf4akmsC4AC+A34=
-10,-1,hnrY+vQpnsWX3N6eFJg9tvqclNc=,9XPR8eEdR9c7AjU4md7fVTDlbzI=
-6,-1,hnrY+vQpnsWX3N6eFJg9tvqclNc=,nkd9MgpY0I5/+aDyLtsJyOxwrT8=
-7,-1,hnrY+vQpnsWX3N6eFJg9tvqclNc=,Bv/GtiyySEivZEL+PwwThhxSjTc=
-8,-1,hnrY+vQpnsWX3N6eFJg9tvqclNc=,Bv/GtiyySEivZEL+PwwThhxSjTc=
-5,-1,hnrY+vQpnsWX3N6eFJg9tvqclNc=,nkd9MgpY0I5/+aDyLtsJyOxwrT8=
-9,-1,hnrY+vQpnsWX3N6eFJg9tvqclNc=,9XPR8eEdR9c7AjU4md7fVTDlbzI=
-2,-1,hnrY+vQpnsWX3N6eFJg9tvqclNc=,ksAQmKrexgtWr5BdZayByzqICYM=
-3,-1,hnrY+vQpnsWX3N6eFJg9tvqclNc=,vLcuGoRAsQaPa5imjKBxoAxHaF0=
-4,-1,hnrY+vQpnsWX3N6eFJg9tvqclNc=,vLcuGoRAsQaPa5imjKBxoAxHaF0=
-1,-1,hnrY+vQpnsWX3N6eFJg9tvqclNc=,ksAQmKrexgtWr5BdZayByzqICYM=
-3,-16,J9yzsj6YQR9ypTP7XZoDkYF06UM=,OKsCposbFpVHiFgXldX2rol1Sh4=
-16,-1,J9yzsj6YQR9ypTP7XZoDkYF06UM=,ujNpjMgDBsmyX3wnlBCvkujYYQo=
-2,-16,J9yzsj6YQR9ypTP7XZoDkYF06UM=,WRNPly90harWJrPiNSw4Nqxe7ss=
-9,-16,J9yzsj6YQR9ypTP7XZoDkYF06UM=,K/uBk4Eie4dkekktac6G+ktOEgM=
-5,-16,J9yzsj6YQR9ypTP7XZoDkYF06UM=,Swo1u+lFkLThfQvYJqBvGrayi1o=
-4,-16,J9yzsj6YQR9ypTP7XZoDkYF06UM=,OKsCposbFpVHiFgXldX2rol1Sh4=
-1,-15,J9yzsj6YQR9ypTP7XZoDkYF06UM=,WRNPly90harWJrPiNSw4Nqxe7ss=
-8,-16,J9yzsj6YQR9ypTP7XZoDkYF06UM=,Swo1u+lFkLThfQvYJqBvGrayi1o=
-1,-14,J9yzsj6YQR9ypTP7XZoDkYF06UM=,AODGuxSRqAT4aOYgtARaFKO7tuY=
-1,-16,J9yzsj6YQR9ypTP7XZoDkYF06UM=,WRNPly90harWJrPiNSw4Nqxe7ss=
-6,-16,J9yzsj6YQR9ypTP7XZoDkYF06UM=,Swo1u+lFkLThfQvYJqBvGrayi1o=
-7,-16,J9yzsj6YQR9ypTP7XZoDkYF06UM=,Swo1u+lFkLThfQvYJqBvGrayi1o=
-14,-19,iWzLFVkyOt3SgQeBm9cNt1IhQ2s=,9e9LNCGcBCnpoiBFvfs1PD9rP28=
-15,-19,iWzLFVkyOt3SgQeBm9cNt1IhQ2s=,6Uv1LRbOqLICCQmf4vOPH0D2wxA=
-14,-18,iWzLFVkyOt3SgQeBm9cNt1IhQ2s=,v5A/qz0qF5COXjQMW6xs8Q5U2CU=
-15,-18,iWzLFVkyOt3SgQeBm9cNt1IhQ2s=,JaOnO1EQdWTMU7YI+NyfoQ+twQ0=
-14,-20,zORo0kFl7QKydZPbcLZAmFXhtZQ=,9e9LNCGcBCnpoiBFvfs1PD9rP28=
-15,-20,zORo0kFl7QKydZPbcLZAmFXhtZQ=,6Uv1LRbOqLICCQmf4vOPH0D2wxA=
-14,-21,zORo0kFl7QKydZPbcLZAmFXhtZQ=,Ihj00dYQJp5Ta/VRYQLGz44JXCY=
-15,-21,zORo0kFl7QKydZPbcLZAmFXhtZQ=,3LZY5RHS2tyK2+KyN7i4tcZ0tpk=
-12,-21,zORo0kFl7QKydZPbcLZAmFXhtZQ=,UkeGOwGP5FhAWp4w2RhyWE/m0rQ=
-12,-20,zORo0kFl7QKydZPbcLZAmFXhtZQ=,O5XbxrjmdkrCFZ0YVMXLBk43wsc=
-13,-20,zORo0kFl7QKydZPbcLZAmFXhtZQ=,9e9LNCGcBCnpoiBFvfs1PD9rP28=
-13,-21,zORo0kFl7QKydZPbcLZAmFXhtZQ=,Ihj00dYQJp5Ta/VRYQLGz44JXCY=
-12,-18,VQfmGIKZK2IsCCQ/hp3aBzJs3Ao=,wb5TUFxEy9YlFRDIMt/M89Kvy04=
-12,-19,VQfmGIKZK2IsCCQ/hp3aBzJs3Ao=,O5XbxrjmdkrCFZ0YVMXLBk43wsc=
-13,-19,VQfmGIKZK2IsCCQ/hp3aBzJs3Ao=,9e9LNCGcBCnpoiBFvfs1PD9rP28=
-13,-18,VQfmGIKZK2IsCCQ/hp3aBzJs3Ao=,v5A/qz0qF5COXjQMW6xs8Q5U2CU=
-11,-20,cXlohAsleaqqiiPSXjInBVjvEqo=,O5XbxrjmdkrCFZ0YVMXLBk43wsc=
-11,-21,cXlohAsleaqqiiPSXjInBVjvEqo=,UkeGOwGP5FhAWp4w2RhyWE/m0rQ=
-10,-20,cXlohAsleaqqiiPSXjInBVjvEqo=,JaE7+ZRdMjANjvCHeKCKhQDaSdk=
-10,-21,cXlohAsleaqqiiPSXjInBVjvEqo=,suw+VASnn7cncexHgphvFSt0qNU=
-11,-22,BuolIwfqqTZTs/wPvJ07IXbBub4=,UkeGOwGP5FhAWp4w2RhyWE/m0rQ=
-10,-22,BuolIwfqqTZTs/wPvJ07IXbBub4=,suw+VASnn7cncexHgphvFSt0qNU=
-11,-23,BuolIwfqqTZTs/wPvJ07IXbBub4=,4pR2GWp9v0Rm8nD5jDPrTP7PtGU=
-10,-23,BuolIwfqqTZTs/wPvJ07IXbBub4=,iBCe1rSFZbv0ciXCDwt+Q821uXU=
-11,-28,koh6AH4HT3YHGbsM0l+u0gYMg3M=,V38owKlBwKISu9Ckh7H9RQPL5N4=
-10,-28,koh6AH4HT3YHGbsM0l+u0gYMg3M=,cOsClQZL3NesLWWeR/xYojy6egw=
-10,-29,koh6AH4HT3YHGbsM0l+u0gYMg3M=,cOsClQZL3NesLWWeR/xYojy6egw=
-11,-29,koh6AH4HT3YHGbsM0l+u0gYMg3M=,tZZAG4Gap7+BZpvvHXjfDdkFpAw=
-11,-30,/q/aXooN0Z6MFP8YUH8HwTK6VNQ=,tZZAG4Gap7+BZpvvHXjfDdkFpAw=
-10,-30,/q/aXooN0Z6MFP8YUH8HwTK6VNQ=,cOsClQZL3NesLWWeR/xYojy6egw=
-10,-31,/q/aXooN0Z6MFP8YUH8HwTK6VNQ=,CswZ/r3czXyqEK/CvFWjZWMEW10=
-11,-31,/q/aXooN0Z6MFP8YUH8HwTK6VNQ=,CswZ/r3czXyqEK/CvFWjZWMEW10=
-12,-29,/6COjyQE4lo/PXFMteQHzT+sL70=,tZZAG4Gap7+BZpvvHXjfDdkFpAw=
-12,-28,/6COjyQE4lo/PXFMteQHzT+sL70=,V38owKlBwKISu9Ckh7H9RQPL5N4=
-12,-30,/6COjyQE4lo/PXFMteQHzT+sL70=,tZZAG4Gap7+BZpvvHXjfDdkFpAw=
-12,-31,/6COjyQE4lo/PXFMteQHzT+sL70=,CswZ/r3czXyqEK/CvFWjZWMEW10=
-13,-28,/6COjyQE4lo/PXFMteQHzT+sL70=,ehnYmv6KnCjlcvmFev3Yc5l+5SY=
-13,-29,/6COjyQE4lo/PXFMteQHzT+sL70=,tZZAG4Gap7+BZpvvHXjfDdkFpAw=
-13,-31,/6COjyQE4lo/PXFMteQHzT+sL70=,CswZ/r3czXyqEK/CvFWjZWMEW10=
-13,-30,/6COjyQE4lo/PXFMteQHzT+sL70=,tZZAG4Gap7+BZpvvHXjfDdkFpAw=
-14,-28,qIB9Gb9Ln8Choqn0GzARmcF7cGQ=,ehnYmv6KnCjlcvmFev3Yc5l+5SY=
-15,-29,qIB9Gb9Ln8Choqn0GzARmcF7cGQ=,tZZAG4Gap7+BZpvvHXjfDdkFpAw=
-15,-28,qIB9Gb9Ln8Choqn0GzARmcF7cGQ=,hlurxIqGlpeT05X+DzmgnfI9khc=
-14,-29,qIB9Gb9Ln8Choqn0GzARmcF7cGQ=,tZZAG4Gap7+BZpvvHXjfDdkFpAw=
-15,-31,qIB9Gb9Ln8Choqn0GzARmcF7cGQ=,CswZ/r3czXyqEK/CvFWjZWMEW10=
-14,-30,qIB9Gb9Ln8Choqn0GzARmcF7cGQ=,tZZAG4Gap7+BZpvvHXjfDdkFpAw=
-15,-30,qIB9Gb9Ln8Choqn0GzARmcF7cGQ=,tZZAG4Gap7+BZpvvHXjfDdkFpAw=
-14,-31,qIB9Gb9Ln8Choqn0GzARmcF7cGQ=,CswZ/r3czXyqEK/CvFWjZWMEW10=
-14,-26,vTN+7Z3A+IgPIguAkx+nlSzvbQY=,nsfPiUtB7RcMYG0b3gbpZgnP4mE=
-14,-27,vTN+7Z3A+IgPIguAkx+nlSzvbQY=,ehnYmv6KnCjlcvmFev3Yc5l+5SY=
-15,-26,vTN+7Z3A+IgPIguAkx+nlSzvbQY=,FfBZJFF9kOdpmz6gby5XAQaWbI4=
-15,-27,vTN+7Z3A+IgPIguAkx+nlSzvbQY=,hlurxIqGlpeT05X+DzmgnfI9khc=
-12,-22,vTN+7Z3A+IgPIguAkx+nlSzvbQY=,UkeGOwGP5FhAWp4w2RhyWE/m0rQ=
-13,-22,vTN+7Z3A+IgPIguAkx+nlSzvbQY=,Ihj00dYQJp5Ta/VRYQLGz44JXCY=
-12,-23,vTN+7Z3A+IgPIguAkx+nlSzvbQY=,4pR2GWp9v0Rm8nD5jDPrTP7PtGU=
-13,-23,vTN+7Z3A+IgPIguAkx+nlSzvbQY=,CPupnpxlLAVlkFo69XszXY2FZ0c=
-14,-23,vTN+7Z3A+IgPIguAkx+nlSzvbQY=,CPupnpxlLAVlkFo69XszXY2FZ0c=
-14,-22,vTN+7Z3A+IgPIguAkx+nlSzvbQY=,Ihj00dYQJp5Ta/VRYQLGz44JXCY=
-15,-22,vTN+7Z3A+IgPIguAkx+nlSzvbQY=,3LZY5RHS2tyK2+KyN7i4tcZ0tpk=
-14,-24,vTN+7Z3A+IgPIguAkx+nlSzvbQY=,CPupnpxlLAVlkFo69XszXY2FZ0c=
-15,-25,vTN+7Z3A+IgPIguAkx+nlSzvbQY=,FfBZJFF9kOdpmz6gby5XAQaWbI4=
-15,-23,du6nrXZA907DLVyHDzWMrua646M=,h9rUf0z9vPJfHhThWYKd4Kv0b74=
-14,-25,du6nrXZA907DLVyHDzWMrua646M=,nsfPiUtB7RcMYG0b3gbpZgnP4mE=
-10,-25,du6nrXZA907DLVyHDzWMrua646M=,V7JKQ1RQLZyKPuiwVnZbdWmq7Bw=
-11,-25,du6nrXZA907DLVyHDzWMrua646M=,ez/6OYZo9tz7rekoNoO3xuR3xoM=
-15,-24,du6nrXZA907DLVyHDzWMrua646M=,h9rUf0z9vPJfHhThWYKd4Kv0b74=
-10,-27,du6nrXZA907DLVyHDzWMrua646M=,cOsClQZL3NesLWWeR/xYojy6egw=
-10,-24,du6nrXZA907DLVyHDzWMrua646M=,iBCe1rSFZbv0ciXCDwt+Q821uXU=
-11,-24,du6nrXZA907DLVyHDzWMrua646M=,4pR2GWp9v0Rm8nD5jDPrTP7PtGU=
-10,-26,du6nrXZA907DLVyHDzWMrua646M=,V7JKQ1RQLZyKPuiwVnZbdWmq7Bw=
-13,-24,du6nrXZA907DLVyHDzWMrua646M=,CPupnpxlLAVlkFo69XszXY2FZ0c=
-12,-24,du6nrXZA907DLVyHDzWMrua646M=,4pR2GWp9v0Rm8nD5jDPrTP7PtGU=
-11,-27,du6nrXZA907DLVyHDzWMrua646M=,V38owKlBwKISu9Ckh7H9RQPL5N4=
-11,-26,du6nrXZA907DLVyHDzWMrua646M=,ez/6OYZo9tz7rekoNoO3xuR3xoM=
-12,-25,du6nrXZA907DLVyHDzWMrua646M=,ez/6OYZo9tz7rekoNoO3xuR3xoM=
-12,-27,du6nrXZA907DLVyHDzWMrua646M=,V38owKlBwKISu9Ckh7H9RQPL5N4=
-13,-25,du6nrXZA907DLVyHDzWMrua646M=,nsfPiUtB7RcMYG0b3gbpZgnP4mE=
-12,-26,du6nrXZA907DLVyHDzWMrua646M=,ez/6OYZo9tz7rekoNoO3xuR3xoM=
-13,-26,du6nrXZA907DLVyHDzWMrua646M=,nsfPiUtB7RcMYG0b3gbpZgnP4mE=
-13,-27,du6nrXZA907DLVyHDzWMrua646M=,ehnYmv6KnCjlcvmFev3Yc5l+5SY=
-16,-24,du6nrXZA907DLVyHDzWMrua646M=,h9rUf0z9vPJfHhThWYKd4Kv0b74=
-16,-22,du6nrXZA907DLVyHDzWMrua646M=,3LZY5RHS2tyK2+KyN7i4tcZ0tpk=
-16,-25,du6nrXZA907DLVyHDzWMrua646M=,FfBZJFF9kOdpmz6gby5XAQaWbI4=
-16,-23,du6nrXZA907DLVyHDzWMrua646M=,h9rUf0z9vPJfHhThWYKd4Kv0b74=
-16,-26,ZQZmFG9GWRnJZK+1CI+RmgGesqs=,FfBZJFF9kOdpmz6gby5XAQaWbI4=
-16,-28,ZQZmFG9GWRnJZK+1CI+RmgGesqs=,hlurxIqGlpeT05X+DzmgnfI9khc=
-16,-27,ZQZmFG9GWRnJZK+1CI+RmgGesqs=,hlurxIqGlpeT05X+DzmgnfI9khc=
-16,-29,ZQZmFG9GWRnJZK+1CI+RmgGesqs=,tZZAG4Gap7+BZpvvHXjfDdkFpAw=
-16,-19,ZQZmFG9GWRnJZK+1CI+RmgGesqs=,6Uv1LRbOqLICCQmf4vOPH0D2wxA=
-16,-20,ZQZmFG9GWRnJZK+1CI+RmgGesqs=,6Uv1LRbOqLICCQmf4vOPH0D2wxA=
-16,-18,ZQZmFG9GWRnJZK+1CI+RmgGesqs=,JaOnO1EQdWTMU7YI+NyfoQ+twQ0=
-16,-21,ZQZmFG9GWRnJZK+1CI+RmgGesqs=,3LZY5RHS2tyK2+KyN7i4tcZ0tpk=
-16,-31,pvrcWKNAZhASiw79wKA/ELEL4Xo=,CswZ/r3czXyqEK/CvFWjZWMEW10=
-16,-30,pvrcWKNAZhASiw79wKA/ELEL4Xo=,tZZAG4Gap7+BZpvvHXjfDdkFpAw=
-15,-32,pvrcWKNAZhASiw79wKA/ELEL4Xo=,CswZ/r3czXyqEK/CvFWjZWMEW10=
-12,-32,pvrcWKNAZhASiw79wKA/ELEL4Xo=,CswZ/r3czXyqEK/CvFWjZWMEW10=
-10,-32,pvrcWKNAZhASiw79wKA/ELEL4Xo=,CswZ/r3czXyqEK/CvFWjZWMEW10=
-11,-32,pvrcWKNAZhASiw79wKA/ELEL4Xo=,CswZ/r3czXyqEK/CvFWjZWMEW10=
-14,-32,pvrcWKNAZhASiw79wKA/ELEL4Xo=,CswZ/r3czXyqEK/CvFWjZWMEW10=
-13,-32,h5KgtkTxM81AUz9mb0qFRXCV4iI=,CswZ/r3czXyqEK/CvFWjZWMEW10=
-9,-32,5ktzs9+j9DUh27hxEhSyAZWVDbw=,CswZ/r3czXyqEK/CvFWjZWMEW10=
-9,-31,5ktzs9+j9DUh27hxEhSyAZWVDbw=,CswZ/r3czXyqEK/CvFWjZWMEW10=
-8,-32,5ktzs9+j9DUh27hxEhSyAZWVDbw=,CswZ/r3czXyqEK/CvFWjZWMEW10=
-9,-30,5ktzs9+j9DUh27hxEhSyAZWVDbw=,cOsClQZL3NesLWWeR/xYojy6egw=
-8,-30,5ktzs9+j9DUh27hxEhSyAZWVDbw=,DEdQ5oVxRhHLe4pEDRqqTnDiihY=
-8,-31,5ktzs9+j9DUh27hxEhSyAZWVDbw=,CswZ/r3czXyqEK/CvFWjZWMEW10=
-7,-31,5ktzs9+j9DUh27hxEhSyAZWVDbw=,CswZ/r3czXyqEK/CvFWjZWMEW10=
-6,-30,5ktzs9+j9DUh27hxEhSyAZWVDbw=,tZZAG4Gap7+BZpvvHXjfDdkFpAw=
-7,-30,5ktzs9+j9DUh27hxEhSyAZWVDbw=,DEdQ5oVxRhHLe4pEDRqqTnDiihY=
-6,-31,5ktzs9+j9DUh27hxEhSyAZWVDbw=,CswZ/r3czXyqEK/CvFWjZWMEW10=
-5,-30,FIIi94AHGZXiO3JG9k2DlnMymqM=,tZZAG4Gap7+BZpvvHXjfDdkFpAw=
-4,-30,FIIi94AHGZXiO3JG9k2DlnMymqM=,tZZAG4Gap7+BZpvvHXjfDdkFpAw=
-5,-31,FIIi94AHGZXiO3JG9k2DlnMymqM=,CswZ/r3czXyqEK/CvFWjZWMEW10=
-4,-31,0YM3ZF69FjHsACCSX2vLyyzHFlQ=,CswZ/r3czXyqEK/CvFWjZWMEW10=
-3,-28,DjZZ2TtQ45eCCTqiNIls9GwG77c=,AOdUR5rv+g8GKF7suBkRIiy/Wuo=
-3,-26,DjZZ2TtQ45eCCTqiNIls9GwG77c=,BdpeVyQsi4zljP8wTvOTKqxnQYY=
-2,-26,DjZZ2TtQ45eCCTqiNIls9GwG77c=,S/MomOg9htzeyFwsW8ZFZUbKLwA=
-3,-27,DjZZ2TtQ45eCCTqiNIls9GwG77c=,AOdUR5rv+g8GKF7suBkRIiy/Wuo=
-2,-28,DjZZ2TtQ45eCCTqiNIls9GwG77c=,h65cDyRW5HwW9Mw9v6NDEhUVu9Y=
-2,-27,DjZZ2TtQ45eCCTqiNIls9GwG77c=,h65cDyRW5HwW9Mw9v6NDEhUVu9Y=
-3,-29,DjZZ2TtQ45eCCTqiNIls9GwG77c=,tZZAG4Gap7+BZpvvHXjfDdkFpAw=
-2,-29,DjZZ2TtQ45eCCTqiNIls9GwG77c=,tZZAG4Gap7+BZpvvHXjfDdkFpAw=
-3,-25,7dxQFdXFzq0CslcC1QeEn1dD6HY=,BdpeVyQsi4zljP8wTvOTKqxnQYY=
-2,-25,7dxQFdXFzq0CslcC1QeEn1dD6HY=,S/MomOg9htzeyFwsW8ZFZUbKLwA=
-2,-24,7dxQFdXFzq0CslcC1QeEn1dD6HY=,s4LMx7OGpb4Q/hc5dunt+um5e8I=
-3,-24,7dxQFdXFzq0CslcC1QeEn1dD6HY=,hi4NdVrAu0wAzs2QiWeZC8n78hM=
-4,-23,n0bMglZKik6pYPhvfAqAX6QOadQ=,hi4NdVrAu0wAzs2QiWeZC8n78hM=
-5,-23,n0bMglZKik6pYPhvfAqAX6QOadQ=,RfPptEuhmB1FoNaRiPj7dqy/YCY=
-5,-22,n0bMglZKik6pYPhvfAqAX6QOadQ=,j1E+chZlvlVRD6D3n/V/O3ZSCp8=
-4,-22,n0bMglZKik6pYPhvfAqAX6QOadQ=,j1E+chZlvlVRD6D3n/V/O3ZSCp8=
-2,-23,gUKWST+E6V9jlHWyDCqlc8fEsfY=,s4LMx7OGpb4Q/hc5dunt+um5e8I=
-2,-22,gUKWST+E6V9jlHWyDCqlc8fEsfY=,IR8HGK8KoCny+SkUYH0g1ohH5jY=
-3,-22,gUKWST+E6V9jlHWyDCqlc8fEsfY=,j1E+chZlvlVRD6D3n/V/O3ZSCp8=
-3,-23,gUKWST+E6V9jlHWyDCqlc8fEsfY=,hi4NdVrAu0wAzs2QiWeZC8n78hM=
-4,-25,gUKWST+E6V9jlHWyDCqlc8fEsfY=,BdpeVyQsi4zljP8wTvOTKqxnQYY=
-5,-25,gUKWST+E6V9jlHWyDCqlc8fEsfY=,YeG1H7/i0RwyQY9Jo8eWYM4co5w=
-4,-24,gUKWST+E6V9jlHWyDCqlc8fEsfY=,hi4NdVrAu0wAzs2QiWeZC8n78hM=
-5,-24,gUKWST+E6V9jlHWyDCqlc8fEsfY=,RfPptEuhmB1FoNaRiPj7dqy/YCY=
-4,-29,gUKWST+E6V9jlHWyDCqlc8fEsfY=,tZZAG4Gap7+BZpvvHXjfDdkFpAw=
-4,-27,gUKWST+E6V9jlHWyDCqlc8fEsfY=,AOdUR5rv+g8GKF7suBkRIiy/Wuo=
-4,-26,gUKWST+E6V9jlHWyDCqlc8fEsfY=,BdpeVyQsi4zljP8wTvOTKqxnQYY=
-4,-28,gUKWST+E6V9jlHWyDCqlc8fEsfY=,AOdUR5rv+g8GKF7suBkRIiy/Wuo=
-5,-28,gUKWST+E6V9jlHWyDCqlc8fEsfY=,mfPCiJ5zP0yiqUXZ8R/a1iRm+4w=
-5,-27,gUKWST+E6V9jlHWyDCqlc8fEsfY=,mfPCiJ5zP0yiqUXZ8R/a1iRm+4w=
-5,-29,gUKWST+E6V9jlHWyDCqlc8fEsfY=,tZZAG4Gap7+BZpvvHXjfDdkFpAw=
-5,-26,gUKWST+E6V9jlHWyDCqlc8fEsfY=,YeG1H7/i0RwyQY9Jo8eWYM4co5w=
-9,-28,FLq5bIZIWzlkch7yYKW4WeU1LRM=,cOsClQZL3NesLWWeR/xYojy6egw=
-8,-28,FLq5bIZIWzlkch7yYKW4WeU1LRM=,DEdQ5oVxRhHLe4pEDRqqTnDiihY=
-7,-29,FLq5bIZIWzlkch7yYKW4WeU1LRM=,DEdQ5oVxRhHLe4pEDRqqTnDiihY=
-6,-29,FLq5bIZIWzlkch7yYKW4WeU1LRM=,tZZAG4Gap7+BZpvvHXjfDdkFpAw=
-8,-29,FLq5bIZIWzlkch7yYKW4WeU1LRM=,DEdQ5oVxRhHLe4pEDRqqTnDiihY=
-9,-27,SeKiNPQflFUu0ToUHU66Hc4PECU=,cOsClQZL3NesLWWeR/xYojy6egw=
-9,-29,SeKiNPQflFUu0ToUHU66Hc4PECU=,cOsClQZL3NesLWWeR/xYojy6egw=
-7,-28,SeKiNPQflFUu0ToUHU66Hc4PECU=,DEdQ5oVxRhHLe4pEDRqqTnDiihY=
-6,-28,SeKiNPQflFUu0ToUHU66Hc4PECU=,mfPCiJ5zP0yiqUXZ8R/a1iRm+4w=
-7,-26,SeKiNPQflFUu0ToUHU66Hc4PECU=,Q3tdPJ1LmZLWsubCI70Jat7WxXs=
-6,-27,SeKiNPQflFUu0ToUHU66Hc4PECU=,mfPCiJ5zP0yiqUXZ8R/a1iRm+4w=
-8,-27,SeKiNPQflFUu0ToUHU66Hc4PECU=,DEdQ5oVxRhHLe4pEDRqqTnDiihY=
-9,-26,SeKiNPQflFUu0ToUHU66Hc4PECU=,V7JKQ1RQLZyKPuiwVnZbdWmq7Bw=
-7,-27,SeKiNPQflFUu0ToUHU66Hc4PECU=,DEdQ5oVxRhHLe4pEDRqqTnDiihY=
-6,-26,SeKiNPQflFUu0ToUHU66Hc4PECU=,YeG1H7/i0RwyQY9Jo8eWYM4co5w=
-8,-26,SeKiNPQflFUu0ToUHU66Hc4PECU=,Q3tdPJ1LmZLWsubCI70Jat7WxXs=
-9,-22,SeKiNPQflFUu0ToUHU66Hc4PECU=,suw+VASnn7cncexHgphvFSt0qNU=
-8,-22,SeKiNPQflFUu0ToUHU66Hc4PECU=,j4Ph2tBfZX3SNGFf1HeM4bViINc=
-7,-22,SeKiNPQflFUu0ToUHU66Hc4PECU=,j4Ph2tBfZX3SNGFf1HeM4bViINc=
-7,-23,SeKiNPQflFUu0ToUHU66Hc4PECU=,PJ+OQCRs/ZWs7sH0irl2jTJiOII=
-8,-23,SeKiNPQflFUu0ToUHU66Hc4PECU=,PJ+OQCRs/ZWs7sH0irl2jTJiOII=
-9,-23,SeKiNPQflFUu0ToUHU66Hc4PECU=,iBCe1rSFZbv0ciXCDwt+Q821uXU=
-7,-25,SeKiNPQflFUu0ToUHU66Hc4PECU=,Q3tdPJ1LmZLWsubCI70Jat7WxXs=
-6,-22,SeKiNPQflFUu0ToUHU66Hc4PECU=,j1E+chZlvlVRD6D3n/V/O3ZSCp8=
-9,-25,SeKiNPQflFUu0ToUHU66Hc4PECU=,V7JKQ1RQLZyKPuiwVnZbdWmq7Bw=
-6,-25,SeKiNPQflFUu0ToUHU66Hc4PECU=,YeG1H7/i0RwyQY9Jo8eWYM4co5w=
-7,-24,SeKiNPQflFUu0ToUHU66Hc4PECU=,PJ+OQCRs/ZWs7sH0irl2jTJiOII=
-8,-24,SeKiNPQflFUu0ToUHU66Hc4PECU=,PJ+OQCRs/ZWs7sH0irl2jTJiOII=
-6,-24,SeKiNPQflFUu0ToUHU66Hc4PECU=,RfPptEuhmB1FoNaRiPj7dqy/YCY=
-9,-24,SeKiNPQflFUu0ToUHU66Hc4PECU=,iBCe1rSFZbv0ciXCDwt+Q821uXU=
-8,-25,SeKiNPQflFUu0ToUHU66Hc4PECU=,Q3tdPJ1LmZLWsubCI70Jat7WxXs=
-6,-23,SeKiNPQflFUu0ToUHU66Hc4PECU=,RfPptEuhmB1FoNaRiPj7dqy/YCY=
-8,-20,SeKiNPQflFUu0ToUHU66Hc4PECU=,Q2tyI0QarGV9kZr0ThC7PtvxN9U=
-9,-21,SeKiNPQflFUu0ToUHU66Hc4PECU=,suw+VASnn7cncexHgphvFSt0qNU=
-9,-20,SeKiNPQflFUu0ToUHU66Hc4PECU=,JaE7+ZRdMjANjvCHeKCKhQDaSdk=
-8,-21,SeKiNPQflFUu0ToUHU66Hc4PECU=,j4Ph2tBfZX3SNGFf1HeM4bViINc=
-7,-21,9We3DWrvxmoN5DTYMd3UyBIGE2w=,j4Ph2tBfZX3SNGFf1HeM4bViINc=
-7,-20,9We3DWrvxmoN5DTYMd3UyBIGE2w=,Q2tyI0QarGV9kZr0ThC7PtvxN9U=
-6,-20,9We3DWrvxmoN5DTYMd3UyBIGE2w=,VLsHF7IqHSmN+hg0Vct6kWXnGFg=
-6,-21,9We3DWrvxmoN5DTYMd3UyBIGE2w=,j1E+chZlvlVRD6D3n/V/O3ZSCp8=
-5,-20,PrTpIQA0Yur2ainKMGQ/JTsGgyU=,VLsHF7IqHSmN+hg0Vct6kWXnGFg=
-4,-20,PrTpIQA0Yur2ainKMGQ/JTsGgyU=,87wPhZIDoH7jzeiI5QCI8lHZTa8=
-5,-21,PrTpIQA0Yur2ainKMGQ/JTsGgyU=,j1E+chZlvlVRD6D3n/V/O3ZSCp8=
-4,-21,PrTpIQA0Yur2ainKMGQ/JTsGgyU=,j1E+chZlvlVRD6D3n/V/O3ZSCp8=
-4,-19,PrTpIQA0Yur2ainKMGQ/JTsGgyU=,87wPhZIDoH7jzeiI5QCI8lHZTa8=
-5,-19,PrTpIQA0Yur2ainKMGQ/JTsGgyU=,VLsHF7IqHSmN+hg0Vct6kWXnGFg=
-4,-18,PrTpIQA0Yur2ainKMGQ/JTsGgyU=,1pgTcAB71zB2KQC0KkVU93JEJeA=
-5,-18,PrTpIQA0Yur2ainKMGQ/JTsGgyU=,NkEwn/MjrW2CCT22xw2PbNw7skY=
-2,-21,ngZbrb+kNbDHMkl3v1xWXDsxWgA=,IR8HGK8KoCny+SkUYH0g1ohH5jY=
-3,-20,ngZbrb+kNbDHMkl3v1xWXDsxWgA=,87wPhZIDoH7jzeiI5QCI8lHZTa8=
-3,-21,ngZbrb+kNbDHMkl3v1xWXDsxWgA=,j1E+chZlvlVRD6D3n/V/O3ZSCp8=
-3,-19,ngZbrb+kNbDHMkl3v1xWXDsxWgA=,87wPhZIDoH7jzeiI5QCI8lHZTa8=
-6,-19,ngZbrb+kNbDHMkl3v1xWXDsxWgA=,VLsHF7IqHSmN+hg0Vct6kWXnGFg=
-2,-20,ngZbrb+kNbDHMkl3v1xWXDsxWgA=,8ULMdKBoIZoVS7Rs2v4sW1bao4s=
-11,-19,ngZbrb+kNbDHMkl3v1xWXDsxWgA=,O5XbxrjmdkrCFZ0YVMXLBk43wsc=
-2,-19,ngZbrb+kNbDHMkl3v1xWXDsxWgA=,8ULMdKBoIZoVS7Rs2v4sW1bao4s=
-7,-19,ngZbrb+kNbDHMkl3v1xWXDsxWgA=,Q2tyI0QarGV9kZr0ThC7PtvxN9U=
-2,-18,/DoGaczgRRbEKRjGA+wKGHn1bAE=,Bx7S4w+/tgxt2Se+GtElu8/DM7A=
-7,-18,/DoGaczgRRbEKRjGA+wKGHn1bAE=,uCraNAKunJRbrJNo/vcNxjRbz+o=
-6,-18,/DoGaczgRRbEKRjGA+wKGHn1bAE=,NkEwn/MjrW2CCT22xw2PbNw7skY=
-8,-18,/DoGaczgRRbEKRjGA+wKGHn1bAE=,uCraNAKunJRbrJNo/vcNxjRbz+o=
-9,-19,/DoGaczgRRbEKRjGA+wKGHn1bAE=,JaE7+ZRdMjANjvCHeKCKhQDaSdk=
-10,-19,/DoGaczgRRbEKRjGA+wKGHn1bAE=,JaE7+ZRdMjANjvCHeKCKhQDaSdk=
-3,-18,/DoGaczgRRbEKRjGA+wKGHn1bAE=,1pgTcAB71zB2KQC0KkVU93JEJeA=
-11,-18,/DoGaczgRRbEKRjGA+wKGHn1bAE=,wb5TUFxEy9YlFRDIMt/M89Kvy04=
-10,-18,/DoGaczgRRbEKRjGA+wKGHn1bAE=,K/uBk4Eie4dkekktac6G+ktOEgM=
-8,-19,/DoGaczgRRbEKRjGA+wKGHn1bAE=,Q2tyI0QarGV9kZr0ThC7PtvxN9U=
-9,-17,/DoGaczgRRbEKRjGA+wKGHn1bAE=,K/uBk4Eie4dkekktac6G+ktOEgM=
-9,-18,/DoGaczgRRbEKRjGA+wKGHn1bAE=,K/uBk4Eie4dkekktac6G+ktOEgM=
-8,-17,/DoGaczgRRbEKRjGA+wKGHn1bAE=,uCraNAKunJRbrJNo/vcNxjRbz+o=
-7,-17,/DoGaczgRRbEKRjGA+wKGHn1bAE=,uCraNAKunJRbrJNo/vcNxjRbz+o=
-6,-17,E2VFrXVxC9Vqjz0KJSwrIBrJhg8=,NkEwn/MjrW2CCT22xw2PbNw7skY=
-4,-17,E2VFrXVxC9Vqjz0KJSwrIBrJhg8=,1pgTcAB71zB2KQC0KkVU93JEJeA=
-5,-17,E2VFrXVxC9Vqjz0KJSwrIBrJhg8=,NkEwn/MjrW2CCT22xw2PbNw7skY=
-1,-18,E2VFrXVxC9Vqjz0KJSwrIBrJhg8=,Bx7S4w+/tgxt2Se+GtElu8/DM7A=
-2,-17,E2VFrXVxC9Vqjz0KJSwrIBrJhg8=,Bx7S4w+/tgxt2Se+GtElu8/DM7A=
-3,-17,E2VFrXVxC9Vqjz0KJSwrIBrJhg8=,1pgTcAB71zB2KQC0KkVU93JEJeA=
-1,-19,E2VFrXVxC9Vqjz0KJSwrIBrJhg8=,8ULMdKBoIZoVS7Rs2v4sW1bao4s=
-1,-21,E2VFrXVxC9Vqjz0KJSwrIBrJhg8=,IR8HGK8KoCny+SkUYH0g1ohH5jY=
-1,-20,E2VFrXVxC9Vqjz0KJSwrIBrJhg8=,8ULMdKBoIZoVS7Rs2v4sW1bao4s=
-1,-25,j/zwJpn7DofgBPUtDruV4pFfqHM=,S/MomOg9htzeyFwsW8ZFZUbKLwA=
-1,-26,j/zwJpn7DofgBPUtDruV4pFfqHM=,S/MomOg9htzeyFwsW8ZFZUbKLwA=
-1,-27,j/zwJpn7DofgBPUtDruV4pFfqHM=,h65cDyRW5HwW9Mw9v6NDEhUVu9Y=
-1,-22,j/zwJpn7DofgBPUtDruV4pFfqHM=,IR8HGK8KoCny+SkUYH0g1ohH5jY=
-1,-23,j/zwJpn7DofgBPUtDruV4pFfqHM=,s4LMx7OGpb4Q/hc5dunt+um5e8I=
-1,-29,j/zwJpn7DofgBPUtDruV4pFfqHM=,tZZAG4Gap7+BZpvvHXjfDdkFpAw=
-1,-28,j/zwJpn7DofgBPUtDruV4pFfqHM=,h65cDyRW5HwW9Mw9v6NDEhUVu9Y=
-1,-24,j/zwJpn7DofgBPUtDruV4pFfqHM=,s4LMx7OGpb4Q/hc5dunt+um5e8I=
-5,-32,dlRqo4d/xSkpiJer6iiPYguDI/U=,CswZ/r3czXyqEK/CvFWjZWMEW10=
-7,-32,dlRqo4d/xSkpiJer6iiPYguDI/U=,CswZ/r3czXyqEK/CvFWjZWMEW10=
-4,-32,dlRqo4d/xSkpiJer6iiPYguDI/U=,CswZ/r3czXyqEK/CvFWjZWMEW10=
-6,-32,dlRqo4d/xSkpiJer6iiPYguDI/U=,CswZ/r3czXyqEK/CvFWjZWMEW10=
-16,-17,dlRqo4d/xSkpiJer6iiPYguDI/U=,JaOnO1EQdWTMU7YI+NyfoQ+twQ0=
-14,-17,dlRqo4d/xSkpiJer6iiPYguDI/U=,v5A/qz0qF5COXjQMW6xs8Q5U2CU=
-12,-17,dlRqo4d/xSkpiJer6iiPYguDI/U=,wb5TUFxEy9YlFRDIMt/M89Kvy04=
-13,-17,dlRqo4d/xSkpiJer6iiPYguDI/U=,v5A/qz0qF5COXjQMW6xs8Q5U2CU=
-15,-17,dlRqo4d/xSkpiJer6iiPYguDI/U=,JaOnO1EQdWTMU7YI+NyfoQ+twQ0=
-11,-17,dlRqo4d/xSkpiJer6iiPYguDI/U=,wb5TUFxEy9YlFRDIMt/M89Kvy04=
-10,-17,dlRqo4d/xSkpiJer6iiPYguDI/U=,K/uBk4Eie4dkekktac6G+ktOEgM=
-1,-31,dlRqo4d/xSkpiJer6iiPYguDI/U=,CswZ/r3czXyqEK/CvFWjZWMEW10=
-2,-31,dlRqo4d/xSkpiJer6iiPYguDI/U=,CswZ/r3czXyqEK/CvFWjZWMEW10=
-2,-32,dlRqo4d/xSkpiJer6iiPYguDI/U=,CswZ/r3czXyqEK/CvFWjZWMEW10=
-2,-30,dlRqo4d/xSkpiJer6iiPYguDI/U=,tZZAG4Gap7+BZpvvHXjfDdkFpAw=
-3,-30,dlRqo4d/xSkpiJer6iiPYguDI/U=,tZZAG4Gap7+BZpvvHXjfDdkFpAw=
-1,-32,dlRqo4d/xSkpiJer6iiPYguDI/U=,CswZ/r3czXyqEK/CvFWjZWMEW10=
-3,-31,dlRqo4d/xSkpiJer6iiPYguDI/U=,CswZ/r3czXyqEK/CvFWjZWMEW10=
-1,-30,dlRqo4d/xSkpiJer6iiPYguDI/U=,tZZAG4Gap7+BZpvvHXjfDdkFpAw=
-3,-32,dlRqo4d/xSkpiJer6iiPYguDI/U=,CswZ/r3czXyqEK/CvFWjZWMEW10=
-1,-17,ABf+9sFpdJFFQI39yd5avRSsFLE=,Bx7S4w+/tgxt2Se+GtElu8/DM7A=
-16,-32,ABf+9sFpdJFFQI39yd5avRSsFLE=,CswZ/r3czXyqEK/CvFWjZWMEW10=
-31,-18,LPOoKq+6a8Bapk6MdbHuMZzKDIE=,CswZ/r3czXyqEK/CvFWjZWMEW10=
-30,-18,LPOoKq+6a8Bapk6MdbHuMZzKDIE=,Z0u3Jz/19OB7Q05MY7oXdOm4Xzw=
-30,-19,LPOoKq+6a8Bapk6MdbHuMZzKDIE=,Z0u3Jz/19OB7Q05MY7oXdOm4Xzw=
-31,-19,LPOoKq+6a8Bapk6MdbHuMZzKDIE=,CswZ/r3czXyqEK/CvFWjZWMEW10=
-30,-21,U9R93Wey6wqJDAT5kNoh8h/p/D4=,Z0u3Jz/19OB7Q05MY7oXdOm4Xzw=
-30,-20,U9R93Wey6wqJDAT5kNoh8h/p/D4=,Z0u3Jz/19OB7Q05MY7oXdOm4Xzw=
-31,-21,U9R93Wey6wqJDAT5kNoh8h/p/D4=,CswZ/r3czXyqEK/CvFWjZWMEW10=
-31,-20,U9R93Wey6wqJDAT5kNoh8h/p/D4=,CswZ/r3czXyqEK/CvFWjZWMEW10=
-29,-22,yZewzO4kPyS/KwnpkuenCdoresQ=,Z0u3Jz/19OB7Q05MY7oXdOm4Xzw=
-29,-23,yZewzO4kPyS/KwnpkuenCdoresQ=,Z0u3Jz/19OB7Q05MY7oXdOm4Xzw=
-28,-23,yZewzO4kPyS/KwnpkuenCdoresQ=,hlurxIqGlpeT05X+DzmgnfI9khc=
-28,-22,yZewzO4kPyS/KwnpkuenCdoresQ=,hlurxIqGlpeT05X+DzmgnfI9khc=
-30,-23,yZewzO4kPyS/KwnpkuenCdoresQ=,Z0u3Jz/19OB7Q05MY7oXdOm4Xzw=
-30,-22,yZewzO4kPyS/KwnpkuenCdoresQ=,Z0u3Jz/19OB7Q05MY7oXdOm4Xzw=
-31,-23,1keCveAtL2EBRgdvMgTbhuklDsk=,CswZ/r3czXyqEK/CvFWjZWMEW10=
-31,-22,1keCveAtL2EBRgdvMgTbhuklDsk=,CswZ/r3czXyqEK/CvFWjZWMEW10=
-27,-24,/Mi7WcKuRgpJzlRUMVXUBhcnhqY=,hlurxIqGlpeT05X+DzmgnfI9khc=
-26,-24,/Mi7WcKuRgpJzlRUMVXUBhcnhqY=,TW8OTZQ6ZvpDBUSdCq9lXhmAGBY=
-27,-25,/Mi7WcKuRgpJzlRUMVXUBhcnhqY=,hlurxIqGlpeT05X+DzmgnfI9khc=
-29,-24,/Mi7WcKuRgpJzlRUMVXUBhcnhqY=,Z0u3Jz/19OB7Q05MY7oXdOm4Xzw=
-29,-25,/Mi7WcKuRgpJzlRUMVXUBhcnhqY=,Z0u3Jz/19OB7Q05MY7oXdOm4Xzw=
-30,-24,/Mi7WcKuRgpJzlRUMVXUBhcnhqY=,Z0u3Jz/19OB7Q05MY7oXdOm4Xzw=
-30,-25,/Mi7WcKuRgpJzlRUMVXUBhcnhqY=,Z0u3Jz/19OB7Q05MY7oXdOm4Xzw=
-26,-25,/Mi7WcKuRgpJzlRUMVXUBhcnhqY=,SeeJZwVaPL5OSRa4WeIApvP2b/w=
-28,-24,/Mi7WcKuRgpJzlRUMVXUBhcnhqY=,hlurxIqGlpeT05X+DzmgnfI9khc=
-28,-25,/Mi7WcKuRgpJzlRUMVXUBhcnhqY=,hlurxIqGlpeT05X+DzmgnfI9khc=
-31,-25,/Mi7WcKuRgpJzlRUMVXUBhcnhqY=,CswZ/r3czXyqEK/CvFWjZWMEW10=
-31,-24,/Mi7WcKuRgpJzlRUMVXUBhcnhqY=,CswZ/r3czXyqEK/CvFWjZWMEW10=
-29,-26,vOo24I/N/B4Id/fLfqxmXZ3EdME=,Z0u3Jz/19OB7Q05MY7oXdOm4Xzw=
-29,-27,vOo24I/N/B4Id/fLfqxmXZ3EdME=,Z0u3Jz/19OB7Q05MY7oXdOm4Xzw=
-30,-26,vOo24I/N/B4Id/fLfqxmXZ3EdME=,Z0u3Jz/19OB7Q05MY7oXdOm4Xzw=
-28,-26,vOo24I/N/B4Id/fLfqxmXZ3EdME=,hlurxIqGlpeT05X+DzmgnfI9khc=
-30,-27,vOo24I/N/B4Id/fLfqxmXZ3EdME=,Z0u3Jz/19OB7Q05MY7oXdOm4Xzw=
-31,-26,vOo24I/N/B4Id/fLfqxmXZ3EdME=,CswZ/r3czXyqEK/CvFWjZWMEW10=
-31,-27,vOo24I/N/B4Id/fLfqxmXZ3EdME=,CswZ/r3czXyqEK/CvFWjZWMEW10=
-28,-27,vOo24I/N/B4Id/fLfqxmXZ3EdME=,hlurxIqGlpeT05X+DzmgnfI9khc=
-29,-28,ysVhyKMP8YO5tw30uCU+o2mpr/k=,Z0u3Jz/19OB7Q05MY7oXdOm4Xzw=
-29,-29,ysVhyKMP8YO5tw30uCU+o2mpr/k=,Z0u3Jz/19OB7Q05MY7oXdOm4Xzw=
-28,-29,ysVhyKMP8YO5tw30uCU+o2mpr/k=,Z0u3Jz/19OB7Q05MY7oXdOm4Xzw=
-28,-28,VYdqHZtgAVl+PPHEaDsVS8SjEHc=,hlurxIqGlpeT05X+DzmgnfI9khc=
-30,-29,MAHvAtKdjjqp/jjATTrWBYUMAXA=,Z0u3Jz/19OB7Q05MY7oXdOm4Xzw=
-30,-28,MAHvAtKdjjqp/jjATTrWBYUMAXA=,Z0u3Jz/19OB7Q05MY7oXdOm4Xzw=
-31,-28,MAHvAtKdjjqp/jjATTrWBYUMAXA=,CswZ/r3czXyqEK/CvFWjZWMEW10=
-31,-29,MAHvAtKdjjqp/jjATTrWBYUMAXA=,CswZ/r3czXyqEK/CvFWjZWMEW10=
-29,-30,vYm8rG3YF3zOFRWK/6rOStufob4=,Z0u3Jz/19OB7Q05MY7oXdOm4Xzw=
-29,-31,vYm8rG3YF3zOFRWK/6rOStufob4=,CswZ/r3czXyqEK/CvFWjZWMEW10=
-28,-31,vYm8rG3YF3zOFRWK/6rOStufob4=,CswZ/r3czXyqEK/CvFWjZWMEW10=
-28,-30,vYm8rG3YF3zOFRWK/6rOStufob4=,Z0u3Jz/19OB7Q05MY7oXdOm4Xzw=
-31,-31,Ii9UTq82A2Sp5QAvfSv6vfVE8D8=,CswZ/r3czXyqEK/CvFWjZWMEW10=
-30,-31,Ii9UTq82A2Sp5QAvfSv6vfVE8D8=,CswZ/r3czXyqEK/CvFWjZWMEW10=
-30,-30,Ii9UTq82A2Sp5QAvfSv6vfVE8D8=,Z0u3Jz/19OB7Q05MY7oXdOm4Xzw=
-31,-30,Ii9UTq82A2Sp5QAvfSv6vfVE8D8=,CswZ/r3czXyqEK/CvFWjZWMEW10=
-26,-29,udu8LhwPmyKwT6NpwOfkoXIyBso=,Z0u3Jz/19OB7Q05MY7oXdOm4Xzw=
-26,-30,udu8LhwPmyKwT6NpwOfkoXIyBso=,Z0u3Jz/19OB7Q05MY7oXdOm4Xzw=
-26,-26,udu8LhwPmyKwT6NpwOfkoXIyBso=,SeeJZwVaPL5OSRa4WeIApvP2b/w=
-27,-26,udu8LhwPmyKwT6NpwOfkoXIyBso=,hlurxIqGlpeT05X+DzmgnfI9khc=
-26,-28,udu8LhwPmyKwT6NpwOfkoXIyBso=,hlurxIqGlpeT05X+DzmgnfI9khc=
-26,-31,udu8LhwPmyKwT6NpwOfkoXIyBso=,CswZ/r3czXyqEK/CvFWjZWMEW10=
-27,-29,udu8LhwPmyKwT6NpwOfkoXIyBso=,Z0u3Jz/19OB7Q05MY7oXdOm4Xzw=
-27,-28,udu8LhwPmyKwT6NpwOfkoXIyBso=,hlurxIqGlpeT05X+DzmgnfI9khc=
-27,-30,iTnCOa5FLqjgj5bY3UoOv5Y2NU8=,Z0u3Jz/19OB7Q05MY7oXdOm4Xzw=
-27,-27,iTnCOa5FLqjgj5bY3UoOv5Y2NU8=,hlurxIqGlpeT05X+DzmgnfI9khc=
-26,-27,iTnCOa5FLqjgj5bY3UoOv5Y2NU8=,hlurxIqGlpeT05X+DzmgnfI9khc=
-27,-31,iTnCOa5FLqjgj5bY3UoOv5Y2NU8=,CswZ/r3czXyqEK/CvFWjZWMEW10=
-24,-28,5c1S5xbP1Mo84911oK1JD+ZeYzc=,hlurxIqGlpeT05X+DzmgnfI9khc=
-24,-29,5c1S5xbP1Mo84911oK1JD+ZeYzc=,Z0u3Jz/19OB7Q05MY7oXdOm4Xzw=
-25,-28,dmIH89sivp3DoMc7QAIarnx3nw0=,hlurxIqGlpeT05X+DzmgnfI9khc=
-25,-29,dmIH89sivp3DoMc7QAIarnx3nw0=,Z0u3Jz/19OB7Q05MY7oXdOm4Xzw=
-24,-26,dmIH89sivp3DoMc7QAIarnx3nw0=,9CPg2u3hSScDjGkLYQH/0J17bOw=
-24,-27,dmIH89sivp3DoMc7QAIarnx3nw0=,hlurxIqGlpeT05X+DzmgnfI9khc=
-25,-26,dmIH89sivp3DoMc7QAIarnx3nw0=,SeeJZwVaPL5OSRa4WeIApvP2b/w=
-25,-27,dmIH89sivp3DoMc7QAIarnx3nw0=,hlurxIqGlpeT05X+DzmgnfI9khc=
-23,-29,GAAImsL6GiNe/EMuvlHfQqHARr0=,Z0u3Jz/19OB7Q05MY7oXdOm4Xzw=
-23,-28,GAAImsL6GiNe/EMuvlHfQqHARr0=,hlurxIqGlpeT05X+DzmgnfI9khc=
-22,-29,GAAImsL6GiNe/EMuvlHfQqHARr0=,Z0u3Jz/19OB7Q05MY7oXdOm4Xzw=
-22,-28,RKRdbPVryxv2+iY00MCaXKQoJ3M=,hlurxIqGlpeT05X+DzmgnfI9khc=
-23,-26,Oiyy15VU8bXwEYIu05QWUD3xtp4=,9CPg2u3hSScDjGkLYQH/0J17bOw=
-22,-27,Oiyy15VU8bXwEYIu05QWUD3xtp4=,hlurxIqGlpeT05X+DzmgnfI9khc=
-22,-26,Oiyy15VU8bXwEYIu05QWUD3xtp4=,G9PU5y9WwSOgyVlxpFyQW98KcLM=
-23,-27,8bXLh9JKdLlFEGxrTCcVm2FOdKA=,hlurxIqGlpeT05X+DzmgnfI9khc=
-20,-28,8bXLh9JKdLlFEGxrTCcVm2FOdKA=,hlurxIqGlpeT05X+DzmgnfI9khc=
-20,-29,8bXLh9JKdLlFEGxrTCcVm2FOdKA=,Z0u3Jz/19OB7Q05MY7oXdOm4Xzw=
-21,-28,8bXLh9JKdLlFEGxrTCcVm2FOdKA=,hlurxIqGlpeT05X+DzmgnfI9khc=
-21,-29,8bXLh9JKdLlFEGxrTCcVm2FOdKA=,Z0u3Jz/19OB7Q05MY7oXdOm4Xzw=
-21,-27,bip6NsylaXOJCU/S2oUHzeM4Loo=,hlurxIqGlpeT05X+DzmgnfI9khc=
-21,-26,bip6NsylaXOJCU/S2oUHzeM4Loo=,G9PU5y9WwSOgyVlxpFyQW98KcLM=
-20,-27,bip6NsylaXOJCU/S2oUHzeM4Loo=,hlurxIqGlpeT05X+DzmgnfI9khc=
-20,-26,bip6NsylaXOJCU/S2oUHzeM4Loo=,G9PU5y9WwSOgyVlxpFyQW98KcLM=
-18,-28,hcYt3Q0PtqIZliAo2nJ4tmAjgzw=,hlurxIqGlpeT05X+DzmgnfI9khc=
-18,-29,hcYt3Q0PtqIZliAo2nJ4tmAjgzw=,tZZAG4Gap7+BZpvvHXjfDdkFpAw=
-19,-26,hcYt3Q0PtqIZliAo2nJ4tmAjgzw=,G9PU5y9WwSOgyVlxpFyQW98KcLM=
-18,-27,jxTjWVWEWgDWnoqjLPRkSzwfrXo=,hlurxIqGlpeT05X+DzmgnfI9khc=
-19,-29,jxTjWVWEWgDWnoqjLPRkSzwfrXo=,Z0u3Jz/19OB7Q05MY7oXdOm4Xzw=
-18,-26,jxTjWVWEWgDWnoqjLPRkSzwfrXo=,A1WVTYQHwWtrmbifHgKqFn+auD0=
-19,-27,jxTjWVWEWgDWnoqjLPRkSzwfrXo=,hlurxIqGlpeT05X+DzmgnfI9khc=
-19,-28,jxTjWVWEWgDWnoqjLPRkSzwfrXo=,hlurxIqGlpeT05X+DzmgnfI9khc=
-18,-24,jF7Pa4STWd0VCEkvQ9+sI922jlU=,/RQMxfTNh4nbtYpMuI/E9+1ihdY=
-18,-25,jF7Pa4STWd0VCEkvQ9+sI922jlU=,A1WVTYQHwWtrmbifHgKqFn+auD0=
-19,-25,jF7Pa4STWd0VCEkvQ9+sI922jlU=,G9PU5y9WwSOgyVlxpFyQW98KcLM=
-19,-24,jF7Pa4STWd0VCEkvQ9+sI922jlU=,ygacjbGZV42sUrh8fA4yr5G5jCI=
-18,-22,jF7Pa4STWd0VCEkvQ9+sI922jlU=,uaLBYsBl/dBXRJZDLYynCFkfmNo=
-19,-22,R+tYVgsyIKIfiBYkym8VaeFkX/o=,NA5y/PkyCLAgp3Sjf6QY9NDHCq8=
-18,-23,R+tYVgsyIKIfiBYkym8VaeFkX/o=,/RQMxfTNh4nbtYpMuI/E9+1ihdY=
-19,-23,R+tYVgsyIKIfiBYkym8VaeFkX/o=,ygacjbGZV42sUrh8fA4yr5G5jCI=
-21,-20,8Z+Mb3Ce+jkSAtzpEZf7aGqZFD4=,0CeMzxjx5yCT9xr1d9mh9LAbFBQ=
-20,-20,8Z+Mb3Ce+jkSAtzpEZf7aGqZFD4=,4bj+visISEt/NIxjHRQmrsU7yNI=
-20,-21,8Z+Mb3Ce+jkSAtzpEZf7aGqZFD4=,NA5y/PkyCLAgp3Sjf6QY9NDHCq8=
-21,-21,8Z+Mb3Ce+jkSAtzpEZf7aGqZFD4=,hq5ELc5UmigffH09mJUEjJaf1as=
-18,-21,8Z+Mb3Ce+jkSAtzpEZf7aGqZFD4=,uaLBYsBl/dBXRJZDLYynCFkfmNo=
-19,-20,8Z+Mb3Ce+jkSAtzpEZf7aGqZFD4=,4bj+visISEt/NIxjHRQmrsU7yNI=
-18,-20,8Z+Mb3Ce+jkSAtzpEZf7aGqZFD4=,ykyLiptXPtKw+3x7IgIYskZ5OfQ=
-19,-21,8Z+Mb3Ce+jkSAtzpEZf7aGqZFD4=,NA5y/PkyCLAgp3Sjf6QY9NDHCq8=
-21,-19,M/pzGKnfYbwT46iUs32KU9koQGU=,0CeMzxjx5yCT9xr1d9mh9LAbFBQ=
-21,-18,M/pzGKnfYbwT46iUs32KU9koQGU=,RCbenuA1CZeXmY/ZVdyyJ8d++EM=
-20,-19,M/pzGKnfYbwT46iUs32KU9koQGU=,4bj+visISEt/NIxjHRQmrsU7yNI=
-20,-18,M/pzGKnfYbwT46iUs32KU9koQGU=,7f+vPw8avfH1pvnGhz5IhSY6Bo8=
-18,-19,M/pzGKnfYbwT46iUs32KU9koQGU=,ykyLiptXPtKw+3x7IgIYskZ5OfQ=
-19,-19,M/pzGKnfYbwT46iUs32KU9koQGU=,4bj+visISEt/NIxjHRQmrsU7yNI=
-19,-18,M/pzGKnfYbwT46iUs32KU9koQGU=,7f+vPw8avfH1pvnGhz5IhSY6Bo8=
-18,-18,M/pzGKnfYbwT46iUs32KU9koQGU=,/14vqZsxqgH32ffwrv5+TozQql8=
-23,-18,bu3XMkN9ud0ggcBH1PTTwgbnXX4=,3YuqqZY8zVpGsL+21bTK1/zkifY=
-22,-18,bu3XMkN9ud0ggcBH1PTTwgbnXX4=,RCbenuA1CZeXmY/ZVdyyJ8d++EM=
-22,-19,bu3XMkN9ud0ggcBH1PTTwgbnXX4=,0CeMzxjx5yCT9xr1d9mh9LAbFBQ=
-23,-19,bu3XMkN9ud0ggcBH1PTTwgbnXX4=,2faTsbUAiXEC8BVoO6p+6TVm2dE=
-24,-18,F8AcUSytloFkbJ2jiFjDVCrqi4Q=,3YuqqZY8zVpGsL+21bTK1/zkifY=
-29,-21,VNXMDibmZh59bWnWbI3o4bZ7xDI=,Z0u3Jz/19OB7Q05MY7oXdOm4Xzw=
-29,-20,VNXMDibmZh59bWnWbI3o4bZ7xDI=,Z0u3Jz/19OB7Q05MY7oXdOm4Xzw=
-25,-18,VNXMDibmZh59bWnWbI3o4bZ7xDI=,37ZxCPq1nTmPO4UCVdYbiRPLw78=
-24,-19,VNXMDibmZh59bWnWbI3o4bZ7xDI=,2faTsbUAiXEC8BVoO6p+6TVm2dE=
-25,-19,VNXMDibmZh59bWnWbI3o4bZ7xDI=,KKYmfcoSZ36ULafHqsY9XmRskS8=
-28,-20,VNXMDibmZh59bWnWbI3o4bZ7xDI=,hlurxIqGlpeT05X+DzmgnfI9khc=
-28,-21,VNXMDibmZh59bWnWbI3o4bZ7xDI=,hlurxIqGlpeT05X+DzmgnfI9khc=
-29,-19,8nNgqD0CifVaibnGc9FriSyW7ks=,Z0u3Jz/19OB7Q05MY7oXdOm4Xzw=
-29,-18,8nNgqD0CifVaibnGc9FriSyW7ks=,Z0u3Jz/19OB7Q05MY7oXdOm4Xzw=
-26,-18,8nNgqD0CifVaibnGc9FriSyW7ks=,37ZxCPq1nTmPO4UCVdYbiRPLw78=
-27,-18,8nNgqD0CifVaibnGc9FriSyW7ks=,hlurxIqGlpeT05X+DzmgnfI9khc=
-28,-18,8nNgqD0CifVaibnGc9FriSyW7ks=,hlurxIqGlpeT05X+DzmgnfI9khc=
-26,-19,8nNgqD0CifVaibnGc9FriSyW7ks=,KKYmfcoSZ36ULafHqsY9XmRskS8=
-28,-19,8nNgqD0CifVaibnGc9FriSyW7ks=,hlurxIqGlpeT05X+DzmgnfI9khc=
-27,-19,8nNgqD0CifVaibnGc9FriSyW7ks=,hlurxIqGlpeT05X+DzmgnfI9khc=
-27,-23,RizM+EBlbMS/3BfyJdE/yA3iUTA=,hlurxIqGlpeT05X+DzmgnfI9khc=
-26,-20,RizM+EBlbMS/3BfyJdE/yA3iUTA=,KKYmfcoSZ36ULafHqsY9XmRskS8=
-26,-23,RizM+EBlbMS/3BfyJdE/yA3iUTA=,TW8OTZQ6ZvpDBUSdCq9lXhmAGBY=
-26,-21,RizM+EBlbMS/3BfyJdE/yA3iUTA=,pp/FehStE1ykEiOSVv5d5QVQJVk=
-23,-20,RizM+EBlbMS/3BfyJdE/yA3iUTA=,2faTsbUAiXEC8BVoO6p+6TVm2dE=
-27,-20,RizM+EBlbMS/3BfyJdE/yA3iUTA=,hlurxIqGlpeT05X+DzmgnfI9khc=
-22,-20,RizM+EBlbMS/3BfyJdE/yA3iUTA=,0CeMzxjx5yCT9xr1d9mh9LAbFBQ=
-27,-22,RizM+EBlbMS/3BfyJdE/yA3iUTA=,hlurxIqGlpeT05X+DzmgnfI9khc=
-26,-22,RizM+EBlbMS/3BfyJdE/yA3iUTA=,pp/FehStE1ykEiOSVv5d5QVQJVk=
-27,-21,RizM+EBlbMS/3BfyJdE/yA3iUTA=,hlurxIqGlpeT05X+DzmgnfI9khc=
-23,-21,RizM+EBlbMS/3BfyJdE/yA3iUTA=,GPIcNm00VEw7WFe62MjZwn7Al/o=
-22,-21,RizM+EBlbMS/3BfyJdE/yA3iUTA=,hq5ELc5UmigffH09mJUEjJaf1as=
-24,-23,RizM+EBlbMS/3BfyJdE/yA3iUTA=,N6XYz5PH5Kof7ujg9wV8JP9+Ogg=
-25,-20,RizM+EBlbMS/3BfyJdE/yA3iUTA=,KKYmfcoSZ36ULafHqsY9XmRskS8=
-25,-21,RizM+EBlbMS/3BfyJdE/yA3iUTA=,pp/FehStE1ykEiOSVv5d5QVQJVk=
-24,-24,RizM+EBlbMS/3BfyJdE/yA3iUTA=,N6XYz5PH5Kof7ujg9wV8JP9+Ogg=
-25,-24,RizM+EBlbMS/3BfyJdE/yA3iUTA=,TW8OTZQ6ZvpDBUSdCq9lXhmAGBY=
-25,-23,RizM+EBlbMS/3BfyJdE/yA3iUTA=,TW8OTZQ6ZvpDBUSdCq9lXhmAGBY=
-24,-20,RizM+EBlbMS/3BfyJdE/yA3iUTA=,2faTsbUAiXEC8BVoO6p+6TVm2dE=
-24,-21,RizM+EBlbMS/3BfyJdE/yA3iUTA=,GPIcNm00VEw7WFe62MjZwn7Al/o=
-24,-22,RizM+EBlbMS/3BfyJdE/yA3iUTA=,GPIcNm00VEw7WFe62MjZwn7Al/o=
-25,-22,RizM+EBlbMS/3BfyJdE/yA3iUTA=,pp/FehStE1ykEiOSVv5d5QVQJVk=
-25,-25,RizM+EBlbMS/3BfyJdE/yA3iUTA=,SeeJZwVaPL5OSRa4WeIApvP2b/w=
-24,-25,RizM+EBlbMS/3BfyJdE/yA3iUTA=,9CPg2u3hSScDjGkLYQH/0J17bOw=
-21,-22,+7gzFVp9L7Qv2DaEDRIYBT5wdYc=,hq5ELc5UmigffH09mJUEjJaf1as=
-20,-22,+7gzFVp9L7Qv2DaEDRIYBT5wdYc=,NA5y/PkyCLAgp3Sjf6QY9NDHCq8=
-20,-25,+7gzFVp9L7Qv2DaEDRIYBT5wdYc=,G9PU5y9WwSOgyVlxpFyQW98KcLM=
-21,-23,+7gzFVp9L7Qv2DaEDRIYBT5wdYc=,3vXO8jbwa57tbqPRsm6LcEIfXVo=
-23,-23,+7gzFVp9L7Qv2DaEDRIYBT5wdYc=,N6XYz5PH5Kof7ujg9wV8JP9+Ogg=
-20,-24,+7gzFVp9L7Qv2DaEDRIYBT5wdYc=,ygacjbGZV42sUrh8fA4yr5G5jCI=
-21,-25,+7gzFVp9L7Qv2DaEDRIYBT5wdYc=,G9PU5y9WwSOgyVlxpFyQW98KcLM=
-22,-24,+7gzFVp9L7Qv2DaEDRIYBT5wdYc=,3vXO8jbwa57tbqPRsm6LcEIfXVo=
-22,-23,+7gzFVp9L7Qv2DaEDRIYBT5wdYc=,3vXO8jbwa57tbqPRsm6LcEIfXVo=
-22,-22,+7gzFVp9L7Qv2DaEDRIYBT5wdYc=,hq5ELc5UmigffH09mJUEjJaf1as=
-20,-23,+7gzFVp9L7Qv2DaEDRIYBT5wdYc=,ygacjbGZV42sUrh8fA4yr5G5jCI=
-23,-22,+7gzFVp9L7Qv2DaEDRIYBT5wdYc=,GPIcNm00VEw7WFe62MjZwn7Al/o=
-23,-24,+7gzFVp9L7Qv2DaEDRIYBT5wdYc=,N6XYz5PH5Kof7ujg9wV8JP9+Ogg=
-21,-24,QAdXPB3BKSUa3GjUm46CgMK6R00=,3vXO8jbwa57tbqPRsm6LcEIfXVo=
-23,-25,QAdXPB3BKSUa3GjUm46CgMK6R00=,9CPg2u3hSScDjGkLYQH/0J17bOw=
-22,-25,QAdXPB3BKSUa3GjUm46CgMK6R00=,G9PU5y9WwSOgyVlxpFyQW98KcLM=
-20,-31,XiqzOmS61UWaiZcTGUGMvv8qCq4=,CswZ/r3czXyqEK/CvFWjZWMEW10=
-21,-31,XiqzOmS61UWaiZcTGUGMvv8qCq4=,CswZ/r3czXyqEK/CvFWjZWMEW10=
-20,-30,XiqzOmS61UWaiZcTGUGMvv8qCq4=,Z0u3Jz/19OB7Q05MY7oXdOm4Xzw=
-21,-30,XiqzOmS61UWaiZcTGUGMvv8qCq4=,Z0u3Jz/19OB7Q05MY7oXdOm4Xzw=
-19,-31,XiqzOmS61UWaiZcTGUGMvv8qCq4=,CswZ/r3czXyqEK/CvFWjZWMEW10=
-19,-30,XiqzOmS61UWaiZcTGUGMvv8qCq4=,Z0u3Jz/19OB7Q05MY7oXdOm4Xzw=
-18,-30,XiqzOmS61UWaiZcTGUGMvv8qCq4=,tZZAG4Gap7+BZpvvHXjfDdkFpAw=
-18,-31,XiqzOmS61UWaiZcTGUGMvv8qCq4=,CswZ/r3czXyqEK/CvFWjZWMEW10=
-23,-30,lhuXtZYnH7PS26DntbP8gEgAoiU=,Z0u3Jz/19OB7Q05MY7oXdOm4Xzw=
-22,-30,lhuXtZYnH7PS26DntbP8gEgAoiU=,Z0u3Jz/19OB7Q05MY7oXdOm4Xzw=
-20,-32,lhuXtZYnH7PS26DntbP8gEgAoiU=,CswZ/r3czXyqEK/CvFWjZWMEW10=
-22,-31,lhuXtZYnH7PS26DntbP8gEgAoiU=,CswZ/r3czXyqEK/CvFWjZWMEW10=
-21,-32,lhuXtZYnH7PS26DntbP8gEgAoiU=,CswZ/r3czXyqEK/CvFWjZWMEW10=
-24,-30,lhuXtZYnH7PS26DntbP8gEgAoiU=,Z0u3Jz/19OB7Q05MY7oXdOm4Xzw=
-23,-31,lhuXtZYnH7PS26DntbP8gEgAoiU=,CswZ/r3czXyqEK/CvFWjZWMEW10=
-24,-31,lhuXtZYnH7PS26DntbP8gEgAoiU=,CswZ/r3czXyqEK/CvFWjZWMEW10=
-22,-32,lhuXtZYnH7PS26DntbP8gEgAoiU=,CswZ/r3czXyqEK/CvFWjZWMEW10=
-23,-32,lhuXtZYnH7PS26DntbP8gEgAoiU=,CswZ/r3czXyqEK/CvFWjZWMEW10=
-25,-31,lhuXtZYnH7PS26DntbP8gEgAoiU=,CswZ/r3czXyqEK/CvFWjZWMEW10=
-25,-30,lhuXtZYnH7PS26DntbP8gEgAoiU=,Z0u3Jz/19OB7Q05MY7oXdOm4Xzw=
-30,-32,tHsTZQ+9xmJqHW1f81PNIS6y3RM=,CswZ/r3czXyqEK/CvFWjZWMEW10=
-31,-32,tHsTZQ+9xmJqHW1f81PNIS6y3RM=,CswZ/r3czXyqEK/CvFWjZWMEW10=
-29,-32,tHsTZQ+9xmJqHW1f81PNIS6y3RM=,CswZ/r3czXyqEK/CvFWjZWMEW10=
-24,-32,tHsTZQ+9xmJqHW1f81PNIS6y3RM=,CswZ/r3czXyqEK/CvFWjZWMEW10=
-25,-32,tHsTZQ+9xmJqHW1f81PNIS6y3RM=,CswZ/r3czXyqEK/CvFWjZWMEW10=
-28,-32,tHsTZQ+9xmJqHW1f81PNIS6y3RM=,CswZ/r3czXyqEK/CvFWjZWMEW10=
-26,-32,tHsTZQ+9xmJqHW1f81PNIS6y3RM=,CswZ/r3czXyqEK/CvFWjZWMEW10=
-27,-32,tHsTZQ+9xmJqHW1f81PNIS6y3RM=,CswZ/r3czXyqEK/CvFWjZWMEW10=
-32,-31,tHsTZQ+9xmJqHW1f81PNIS6y3RM=,CswZ/r3czXyqEK/CvFWjZWMEW10=
-32,-30,tHsTZQ+9xmJqHW1f81PNIS6y3RM=,CswZ/r3czXyqEK/CvFWjZWMEW10=
-32,-26,dYQAeNWZd5Kp+7yVZUruBnIThlM=,CswZ/r3czXyqEK/CvFWjZWMEW10=
-32,-28,dYQAeNWZd5Kp+7yVZUruBnIThlM=,CswZ/r3czXyqEK/CvFWjZWMEW10=
-32,-27,dYQAeNWZd5Kp+7yVZUruBnIThlM=,CswZ/r3czXyqEK/CvFWjZWMEW10=
-32,-29,dYQAeNWZd5Kp+7yVZUruBnIThlM=,CswZ/r3czXyqEK/CvFWjZWMEW10=
-32,-25,dYQAeNWZd5Kp+7yVZUruBnIThlM=,CswZ/r3czXyqEK/CvFWjZWMEW10=
-32,-18,dYQAeNWZd5Kp+7yVZUruBnIThlM=,CswZ/r3czXyqEK/CvFWjZWMEW10=
-32,-17,dYQAeNWZd5Kp+7yVZUruBnIThlM=,CswZ/r3czXyqEK/CvFWjZWMEW10=
-32,-19,dYQAeNWZd5Kp+7yVZUruBnIThlM=,CswZ/r3czXyqEK/CvFWjZWMEW10=
-32,-24,dYQAeNWZd5Kp+7yVZUruBnIThlM=,CswZ/r3czXyqEK/CvFWjZWMEW10=
-32,-23,dYQAeNWZd5Kp+7yVZUruBnIThlM=,CswZ/r3czXyqEK/CvFWjZWMEW10=
-32,-21,dYQAeNWZd5Kp+7yVZUruBnIThlM=,CswZ/r3czXyqEK/CvFWjZWMEW10=
-32,-22,dYQAeNWZd5Kp+7yVZUruBnIThlM=,CswZ/r3czXyqEK/CvFWjZWMEW10=
-32,-20,dYQAeNWZd5Kp+7yVZUruBnIThlM=,CswZ/r3czXyqEK/CvFWjZWMEW10=
-25,-17,2glkwd1MOpENZ8TnDeIo+CEVkdI=,37ZxCPq1nTmPO4UCVdYbiRPLw78=
-24,-17,2glkwd1MOpENZ8TnDeIo+CEVkdI=,3YuqqZY8zVpGsL+21bTK1/zkifY=
-21,-17,2glkwd1MOpENZ8TnDeIo+CEVkdI=,RCbenuA1CZeXmY/ZVdyyJ8d++EM=
-22,-17,2glkwd1MOpENZ8TnDeIo+CEVkdI=,RCbenuA1CZeXmY/ZVdyyJ8d++EM=
-23,-17,2glkwd1MOpENZ8TnDeIo+CEVkdI=,3YuqqZY8zVpGsL+21bTK1/zkifY=
-20,-17,2glkwd1MOpENZ8TnDeIo+CEVkdI=,7f+vPw8avfH1pvnGhz5IhSY6Bo8=
-26,-17,2glkwd1MOpENZ8TnDeIo+CEVkdI=,37ZxCPq1nTmPO4UCVdYbiRPLw78=
-27,-17,2glkwd1MOpENZ8TnDeIo+CEVkdI=,hlurxIqGlpeT05X+DzmgnfI9khc=
-31,-17,lNAxtgZpz6tl9P63T/2h2pZ4S3k=,CswZ/r3czXyqEK/CvFWjZWMEW10=
-30,-17,lNAxtgZpz6tl9P63T/2h2pZ4S3k=,Z0u3Jz/19OB7Q05MY7oXdOm4Xzw=
-28,-17,lNAxtgZpz6tl9P63T/2h2pZ4S3k=,hlurxIqGlpeT05X+DzmgnfI9khc=
-29,-17,lNAxtgZpz6tl9P63T/2h2pZ4S3k=,Z0u3Jz/19OB7Q05MY7oXdOm4Xzw=
-19,-17,lNAxtgZpz6tl9P63T/2h2pZ4S3k=,7f+vPw8avfH1pvnGhz5IhSY6Bo8=
-18,-17,lNAxtgZpz6tl9P63T/2h2pZ4S3k=,/14vqZsxqgH32ffwrv5+TozQql8=
-17,-17,lNAxtgZpz6tl9P63T/2h2pZ4S3k=,/14vqZsxqgH32ffwrv5+TozQql8=
-17,-19,lNAxtgZpz6tl9P63T/2h2pZ4S3k=,ykyLiptXPtKw+3x7IgIYskZ5OfQ=
-17,-18,lNAxtgZpz6tl9P63T/2h2pZ4S3k=,/14vqZsxqgH32ffwrv5+TozQql8=
-17,-21,lNAxtgZpz6tl9P63T/2h2pZ4S3k=,uaLBYsBl/dBXRJZDLYynCFkfmNo=
-17,-20,lNAxtgZpz6tl9P63T/2h2pZ4S3k=,ykyLiptXPtKw+3x7IgIYskZ5OfQ=
-17,-22,lNAxtgZpz6tl9P63T/2h2pZ4S3k=,uaLBYsBl/dBXRJZDLYynCFkfmNo=
-17,-23,lNAxtgZpz6tl9P63T/2h2pZ4S3k=,/RQMxfTNh4nbtYpMuI/E9+1ihdY=
-17,-24,z59eue61pSlY7/O79b13qtt+r08=,/RQMxfTNh4nbtYpMuI/E9+1ihdY=
-17,-25,z59eue61pSlY7/O79b13qtt+r08=,A1WVTYQHwWtrmbifHgKqFn+auD0=
-17,-26,z59eue61pSlY7/O79b13qtt+r08=,A1WVTYQHwWtrmbifHgKqFn+auD0=
-17,-27,z59eue61pSlY7/O79b13qtt+r08=,hlurxIqGlpeT05X+DzmgnfI9khc=
-32,-32,z59eue61pSlY7/O79b13qtt+r08=,CswZ/r3czXyqEK/CvFWjZWMEW10=
-17,-28,z59eue61pSlY7/O79b13qtt+r08=,hlurxIqGlpeT05X+DzmgnfI9khc=
-17,-29,z59eue61pSlY7/O79b13qtt+r08=,tZZAG4Gap7+BZpvvHXjfDdkFpAw=
-17,-30,WZl20Yd0NbVhWnFO9ba9PWmbHjY=,tZZAG4Gap7+BZpvvHXjfDdkFpAw=
-19,-32,WZl20Yd0NbVhWnFO9ba9PWmbHjY=,CswZ/r3czXyqEK/CvFWjZWMEW10=
-18,-32,WZl20Yd0NbVhWnFO9ba9PWmbHjY=,CswZ/r3czXyqEK/CvFWjZWMEW10=
-17,-32,WZl20Yd0NbVhWnFO9ba9PWmbHjY=,CswZ/r3czXyqEK/CvFWjZWMEW10=
-17,-31,WZl20Yd0NbVhWnFO9ba9PWmbHjY=,CswZ/r3czXyqEK/CvFWjZWMEW10=
-31,-2,6etgEXGBqZpiwL9dyNmUEf7dMic=,CswZ/r3czXyqEK/CvFWjZWMEW10=
-30,-2,6etgEXGBqZpiwL9dyNmUEf7dMic=,Z0u3Jz/19OB7Q05MY7oXdOm4Xzw=
-31,-3,6etgEXGBqZpiwL9dyNmUEf7dMic=,CswZ/r3czXyqEK/CvFWjZWMEW10=
-30,-3,6etgEXGBqZpiwL9dyNmUEf7dMic=,Z0u3Jz/19OB7Q05MY7oXdOm4Xzw=
-28,-2,dc2ayq5fn6xfdAxpOUkGGR4GxwI=,f8gvaQ8Kn5/XPqPOViulLJxJlOo=
-28,-3,dc2ayq5fn6xfdAxpOUkGGR4GxwI=,hlurxIqGlpeT05X+DzmgnfI9khc=
-29,-2,dc2ayq5fn6xfdAxpOUkGGR4GxwI=,Z0u3Jz/19OB7Q05MY7oXdOm4Xzw=
-29,-3,dc2ayq5fn6xfdAxpOUkGGR4GxwI=,Z0u3Jz/19OB7Q05MY7oXdOm4Xzw=
-27,-3,7IkGBPOXeZ8bAM+6dZqYKaqBdb0=,hlurxIqGlpeT05X+DzmgnfI9khc=
-26,-3,7IkGBPOXeZ8bAM+6dZqYKaqBdb0=,GGBIZZdWvsFeBYCVkn43Y1fmSpY=
-26,-2,7IkGBPOXeZ8bAM+6dZqYKaqBdb0=,O/ZKmHez0OjxMkjJRs/hZJdIhK8=
-27,-2,7IkGBPOXeZ8bAM+6dZqYKaqBdb0=,f8gvaQ8Kn5/XPqPOViulLJxJlOo=
-24,-2,7IkGBPOXeZ8bAM+6dZqYKaqBdb0=,xOj5PnZn+47vB1GlQs9k0tJ1mPE=
-24,-3,300yZv4sngZbc3RNfFUYr8ePRlc=,M3oGlgL5BODr0igCTBWvgJ7nKh8=
-25,-2,300yZv4sngZbc3RNfFUYr8ePRlc=,O/ZKmHez0OjxMkjJRs/hZJdIhK8=
-25,-3,300yZv4sngZbc3RNfFUYr8ePRlc=,GGBIZZdWvsFeBYCVkn43Y1fmSpY=
-22,-2,300yZv4sngZbc3RNfFUYr8ePRlc=,ZSvySJ3ssBTVCkJCd/HkN8NNzDE=
-23,-2,300yZv4sngZbc3RNfFUYr8ePRlc=,xOj5PnZn+47vB1GlQs9k0tJ1mPE=
-22,-3,300yZv4sngZbc3RNfFUYr8ePRlc=,CkLhz97wWi3gMTvsjkmfWszYs7g=
-23,-3,300yZv4sngZbc3RNfFUYr8ePRlc=,M3oGlgL5BODr0igCTBWvgJ7nKh8=
-20,-6,WFZ1Kky2lsqT1fSlDHAfyS++C+s=,i1nYoi4RFfZhGTinMUcZMsp5N2A=
-20,-7,WFZ1Kky2lsqT1fSlDHAfyS++C+s=,D9ROIZlmNa7xnuKAUNfSw5kkcRc=
-21,-7,WFZ1Kky2lsqT1fSlDHAfyS++C+s=,zNq2fjAO65mbFRGvVTpSwVKwR/8=
-21,-6,WFZ1Kky2lsqT1fSlDHAfyS++C+s=,spb29v9ynQhAWc5+SZpTqJrD2RM=
-22,-4,SVw5eq210zQ7an57uJ3MHDKB4F4=,CkLhz97wWi3gMTvsjkmfWszYs7g=
-23,-4,SVw5eq210zQ7an57uJ3MHDKB4F4=,M3oGlgL5BODr0igCTBWvgJ7nKh8=
-22,-5,SVw5eq210zQ7an57uJ3MHDKB4F4=,spb29v9ynQhAWc5+SZpTqJrD2RM=
-23,-5,SVw5eq210zQ7an57uJ3MHDKB4F4=,9uN79twrYLngyEax9Rrc/lr9cTw=
-22,-6,SVw5eq210zQ7an57uJ3MHDKB4F4=,spb29v9ynQhAWc5+SZpTqJrD2RM=
-23,-6,SVw5eq210zQ7an57uJ3MHDKB4F4=,9uN79twrYLngyEax9Rrc/lr9cTw=
-22,-7,SVw5eq210zQ7an57uJ3MHDKB4F4=,zNq2fjAO65mbFRGvVTpSwVKwR/8=
-23,-7,l7z0aS298D9Yis5HWzhI6KZAmoY=,R4+fUxHWAMDOml1GKrNPQ38mEEk=
-24,-4,aBrOMa8D8lYHOyTA2MLt4pXzGfg=,M3oGlgL5BODr0igCTBWvgJ7nKh8=
-25,-4,aBrOMa8D8lYHOyTA2MLt4pXzGfg=,GGBIZZdWvsFeBYCVkn43Y1fmSpY=
-24,-5,aBrOMa8D8lYHOyTA2MLt4pXzGfg=,9uN79twrYLngyEax9Rrc/lr9cTw=
-25,-9,aBrOMa8D8lYHOyTA2MLt4pXzGfg=,rSaubrbZI4VnXFSar9gEhYW6360=
-25,-8,aBrOMa8D8lYHOyTA2MLt4pXzGfg=,XW8XVzVYo/VB6mOzLP/JC6wNCNg=
-24,-9,aBrOMa8D8lYHOyTA2MLt4pXzGfg=,Q/JCSa1r0FgZhOYvucMjjMvkefQ=
-25,-5,aBrOMa8D8lYHOyTA2MLt4pXzGfg=,+OL25ebJ3wxDZg8nCQCvWeO/yEM=
-24,-8,aBrOMa8D8lYHOyTA2MLt4pXzGfg=,R4+fUxHWAMDOml1GKrNPQ38mEEk=
-25,-7,aBrOMa8D8lYHOyTA2MLt4pXzGfg=,XW8XVzVYo/VB6mOzLP/JC6wNCNg=
-24,-7,aBrOMa8D8lYHOyTA2MLt4pXzGfg=,R4+fUxHWAMDOml1GKrNPQ38mEEk=
-24,-6,aBrOMa8D8lYHOyTA2MLt4pXzGfg=,9uN79twrYLngyEax9Rrc/lr9cTw=
-25,-6,aBrOMa8D8lYHOyTA2MLt4pXzGfg=,+OL25ebJ3wxDZg8nCQCvWeO/yEM=
-26,-9,n59Nygd5vHcagMjJXkWhM8BhpLo=,rSaubrbZI4VnXFSar9gEhYW6360=
-27,-8,n59Nygd5vHcagMjJXkWhM8BhpLo=,hlurxIqGlpeT05X+DzmgnfI9khc=
-26,-8,n59Nygd5vHcagMjJXkWhM8BhpLo=,XW8XVzVYo/VB6mOzLP/JC6wNCNg=
-27,-9,n59Nygd5vHcagMjJXkWhM8BhpLo=,hlurxIqGlpeT05X+DzmgnfI9khc=
-26,-4,HXl52MOSVtdTuixKRN4layzqHcM=,GGBIZZdWvsFeBYCVkn43Y1fmSpY=
-27,-4,HXl52MOSVtdTuixKRN4layzqHcM=,hlurxIqGlpeT05X+DzmgnfI9khc=
-26,-5,HXl52MOSVtdTuixKRN4layzqHcM=,+OL25ebJ3wxDZg8nCQCvWeO/yEM=
-27,-5,HXl52MOSVtdTuixKRN4layzqHcM=,hlurxIqGlpeT05X+DzmgnfI9khc=
-27,-7,HXl52MOSVtdTuixKRN4layzqHcM=,hlurxIqGlpeT05X+DzmgnfI9khc=
-26,-6,HXl52MOSVtdTuixKRN4layzqHcM=,+OL25ebJ3wxDZg8nCQCvWeO/yEM=
-27,-6,HXl52MOSVtdTuixKRN4layzqHcM=,hlurxIqGlpeT05X+DzmgnfI9khc=
-26,-7,HXl52MOSVtdTuixKRN4layzqHcM=,XW8XVzVYo/VB6mOzLP/JC6wNCNg=
-29,-15,8OCALUQWHFHJXsaHGgm8C+jVMPA=,Z0u3Jz/19OB7Q05MY7oXdOm4Xzw=
-28,-15,8OCALUQWHFHJXsaHGgm8C+jVMPA=,hlurxIqGlpeT05X+DzmgnfI9khc=
-28,-14,8OCALUQWHFHJXsaHGgm8C+jVMPA=,hlurxIqGlpeT05X+DzmgnfI9khc=
-29,-14,8OCALUQWHFHJXsaHGgm8C+jVMPA=,Z0u3Jz/19OB7Q05MY7oXdOm4Xzw=
-29,-13,8OCALUQWHFHJXsaHGgm8C+jVMPA=,Z0u3Jz/19OB7Q05MY7oXdOm4Xzw=
-28,-12,8OCALUQWHFHJXsaHGgm8C+jVMPA=,hlurxIqGlpeT05X+DzmgnfI9khc=
-29,-12,8OCALUQWHFHJXsaHGgm8C+jVMPA=,Z0u3Jz/19OB7Q05MY7oXdOm4Xzw=
-28,-13,8OCALUQWHFHJXsaHGgm8C+jVMPA=,hlurxIqGlpeT05X+DzmgnfI9khc=
-28,-11,82lGw39gXv0Srx1548RDH/BMvVQ=,hlurxIqGlpeT05X+DzmgnfI9khc=
-28,-10,82lGw39gXv0Srx1548RDH/BMvVQ=,hlurxIqGlpeT05X+DzmgnfI9khc=
-29,-10,82lGw39gXv0Srx1548RDH/BMvVQ=,Z0u3Jz/19OB7Q05MY7oXdOm4Xzw=
-31,-11,82lGw39gXv0Srx1548RDH/BMvVQ=,CswZ/r3czXyqEK/CvFWjZWMEW10=
-31,-12,82lGw39gXv0Srx1548RDH/BMvVQ=,CswZ/r3czXyqEK/CvFWjZWMEW10=
-30,-13,82lGw39gXv0Srx1548RDH/BMvVQ=,Z0u3Jz/19OB7Q05MY7oXdOm4Xzw=
-29,-11,82lGw39gXv0Srx1548RDH/BMvVQ=,Z0u3Jz/19OB7Q05MY7oXdOm4Xzw=
-30,-12,82lGw39gXv0Srx1548RDH/BMvVQ=,Z0u3Jz/19OB7Q05MY7oXdOm4Xzw=
-30,-11,82lGw39gXv0Srx1548RDH/BMvVQ=,Z0u3Jz/19OB7Q05MY7oXdOm4Xzw=
-31,-13,82lGw39gXv0Srx1548RDH/BMvVQ=,CswZ/r3czXyqEK/CvFWjZWMEW10=
-30,-10,82lGw39gXv0Srx1548RDH/BMvVQ=,Z0u3Jz/19OB7Q05MY7oXdOm4Xzw=
-31,-10,cDqUbBm9SgvzkOdhCaP+C9wGIMg=,CswZ/r3czXyqEK/CvFWjZWMEW10=
-29,-8,cDqUbBm9SgvzkOdhCaP+C9wGIMg=,Z0u3Jz/19OB7Q05MY7oXdOm4Xzw=
-28,-8,cDqUbBm9SgvzkOdhCaP+C9wGIMg=,hlurxIqGlpeT05X+DzmgnfI9khc=
-29,-9,cDqUbBm9SgvzkOdhCaP+C9wGIMg=,Z0u3Jz/19OB7Q05MY7oXdOm4Xzw=
-28,-9,cDqUbBm9SgvzkOdhCaP+C9wGIMg=,hlurxIqGlpeT05X+DzmgnfI9khc=
-30,-7,st7yFHzOlsjiETNT54yuhyX+Plo=,Z0u3Jz/19OB7Q05MY7oXdOm4Xzw=
-30,-8,st7yFHzOlsjiETNT54yuhyX+Plo=,Z0u3Jz/19OB7Q05MY7oXdOm4Xzw=
-30,-6,st7yFHzOlsjiETNT54yuhyX+Plo=,Z0u3Jz/19OB7Q05MY7oXdOm4Xzw=
-28,-5,st7yFHzOlsjiETNT54yuhyX+Plo=,hlurxIqGlpeT05X+DzmgnfI9khc=
-28,-7,st7yFHzOlsjiETNT54yuhyX+Plo=,hlurxIqGlpeT05X+DzmgnfI9khc=
-28,-4,st7yFHzOlsjiETNT54yuhyX+Plo=,hlurxIqGlpeT05X+DzmgnfI9khc=
-28,-6,st7yFHzOlsjiETNT54yuhyX+Plo=,hlurxIqGlpeT05X+DzmgnfI9khc=
-29,-7,st7yFHzOlsjiETNT54yuhyX+Plo=,Z0u3Jz/19OB7Q05MY7oXdOm4Xzw=
-29,-6,st7yFHzOlsjiETNT54yuhyX+Plo=,Z0u3Jz/19OB7Q05MY7oXdOm4Xzw=
-30,-9,st7yFHzOlsjiETNT54yuhyX+Plo=,Z0u3Jz/19OB7Q05MY7oXdOm4Xzw=
-29,-4,o/R4pW3l0w7X/5BCi2N4yJdbj3M=,Z0u3Jz/19OB7Q05MY7oXdOm4Xzw=
-30,-4,o/R4pW3l0w7X/5BCi2N4yJdbj3M=,Z0u3Jz/19OB7Q05MY7oXdOm4Xzw=
-31,-7,o/R4pW3l0w7X/5BCi2N4yJdbj3M=,CswZ/r3czXyqEK/CvFWjZWMEW10=
-29,-5,o/R4pW3l0w7X/5BCi2N4yJdbj3M=,Z0u3Jz/19OB7Q05MY7oXdOm4Xzw=
-30,-5,o/R4pW3l0w7X/5BCi2N4yJdbj3M=,Z0u3Jz/19OB7Q05MY7oXdOm4Xzw=
-31,-8,o/R4pW3l0w7X/5BCi2N4yJdbj3M=,CswZ/r3czXyqEK/CvFWjZWMEW10=
-31,-6,o/R4pW3l0w7X/5BCi2N4yJdbj3M=,CswZ/r3czXyqEK/CvFWjZWMEW10=
-31,-5,o/R4pW3l0w7X/5BCi2N4yJdbj3M=,CswZ/r3czXyqEK/CvFWjZWMEW10=
-31,-9,o/R4pW3l0w7X/5BCi2N4yJdbj3M=,CswZ/r3czXyqEK/CvFWjZWMEW10=
-31,-4,o/R4pW3l0w7X/5BCi2N4yJdbj3M=,CswZ/r3czXyqEK/CvFWjZWMEW10=
-32,-11,+Y1EK33ODD1heDta1MXo5oxlJPM=,CswZ/r3czXyqEK/CvFWjZWMEW10=
-32,-6,+Y1EK33ODD1heDta1MXo5oxlJPM=,CswZ/r3czXyqEK/CvFWjZWMEW10=
-32,-4,+Y1EK33ODD1heDta1MXo5oxlJPM=,CswZ/r3czXyqEK/CvFWjZWMEW10=
-32,-5,+Y1EK33ODD1heDta1MXo5oxlJPM=,CswZ/r3czXyqEK/CvFWjZWMEW10=
-32,-7,+Y1EK33ODD1heDta1MXo5oxlJPM=,CswZ/r3czXyqEK/CvFWjZWMEW10=
-32,-10,+Y1EK33ODD1heDta1MXo5oxlJPM=,CswZ/r3czXyqEK/CvFWjZWMEW10=
-32,-9,+Y1EK33ODD1heDta1MXo5oxlJPM=,CswZ/r3czXyqEK/CvFWjZWMEW10=
-32,-12,+Y1EK33ODD1heDta1MXo5oxlJPM=,CswZ/r3czXyqEK/CvFWjZWMEW10=
-32,-13,+Y1EK33ODD1heDta1MXo5oxlJPM=,CswZ/r3czXyqEK/CvFWjZWMEW10=
-32,-8,+Y1EK33ODD1heDta1MXo5oxlJPM=,CswZ/r3czXyqEK/CvFWjZWMEW10=
-31,-16,AJQD3vFJKTXLTA0cSFkPlanYXn8=,CswZ/r3czXyqEK/CvFWjZWMEW10=
-30,-16,AJQD3vFJKTXLTA0cSFkPlanYXn8=,Z0u3Jz/19OB7Q05MY7oXdOm4Xzw=
-29,-16,AJQD3vFJKTXLTA0cSFkPlanYXn8=,Z0u3Jz/19OB7Q05MY7oXdOm4Xzw=
-28,-16,AJQD3vFJKTXLTA0cSFkPlanYXn8=,hlurxIqGlpeT05X+DzmgnfI9khc=
-32,-14,AJQD3vFJKTXLTA0cSFkPlanYXn8=,CswZ/r3czXyqEK/CvFWjZWMEW10=
-31,-15,AJQD3vFJKTXLTA0cSFkPlanYXn8=,CswZ/r3czXyqEK/CvFWjZWMEW10=
-32,-15,AJQD3vFJKTXLTA0cSFkPlanYXn8=,CswZ/r3czXyqEK/CvFWjZWMEW10=
-30,-15,AJQD3vFJKTXLTA0cSFkPlanYXn8=,Z0u3Jz/19OB7Q05MY7oXdOm4Xzw=
-31,-14,AJQD3vFJKTXLTA0cSFkPlanYXn8=,CswZ/r3czXyqEK/CvFWjZWMEW10=
-30,-14,AJQD3vFJKTXLTA0cSFkPlanYXn8=,Z0u3Jz/19OB7Q05MY7oXdOm4Xzw=
-25,-14,ksYJ7Q2OKypSqNRxsTH46VXMgKg=,162Yjg2qGCn93V21T1HuKAU/FC4=
-25,-15,ksYJ7Q2OKypSqNRxsTH46VXMgKg=,cU0uCOp2KJ2x/x8IM9G8hgkPnNE=
-27,-14,ksYJ7Q2OKypSqNRxsTH46VXMgKg=,hlurxIqGlpeT05X+DzmgnfI9khc=
-26,-15,ksYJ7Q2OKypSqNRxsTH46VXMgKg=,cU0uCOp2KJ2x/x8IM9G8hgkPnNE=
-27,-15,ksYJ7Q2OKypSqNRxsTH46VXMgKg=,hlurxIqGlpeT05X+DzmgnfI9khc=
-26,-14,ksYJ7Q2OKypSqNRxsTH46VXMgKg=,162Yjg2qGCn93V21T1HuKAU/FC4=
-24,-14,ksYJ7Q2OKypSqNRxsTH46VXMgKg=,3TxENW3oVRf7vA41xzCARtPhu+Q=
-24,-15,ksYJ7Q2OKypSqNRxsTH46VXMgKg=,jzg0QNnajc/aB+9NRrqAavDdxp4=
-23,-15,q3T15hifgSg+OhQVl3+w56D8nSk=,jzg0QNnajc/aB+9NRrqAavDdxp4=
-23,-14,q3T15hifgSg+OhQVl3+w56D8nSk=,3TxENW3oVRf7vA41xzCARtPhu+Q=
-22,-14,q3T15hifgSg+OhQVl3+w56D8nSk=,GsZSEfB5tgiAyHX/wfV10u9YziY=
-22,-15,q3T15hifgSg+OhQVl3+w56D8nSk=,VUcBPbHsvHKbo/iMS5vSiJpQ4Yo=
-20,-14,DKm8s1b2MzEWJ+6QqFItkkNNfCU=,ER7Yzby/vW9iih221GaZz9Y8EOw=
-21,-14,DKm8s1b2MzEWJ+6QqFItkkNNfCU=,GsZSEfB5tgiAyHX/wfV10u9YziY=
-21,-15,DKm8s1b2MzEWJ+6QqFItkkNNfCU=,VUcBPbHsvHKbo/iMS5vSiJpQ4Yo=
-20,-15,DKm8s1b2MzEWJ+6QqFItkkNNfCU=,11UP2v3AR9cDPo1OjhU7yJ/KsFw=
-20,-12,P6dQryV2P0u9HA766gG29RMYnxA=,Kh4V5EUyeqigUYhoNb+WkQwniBM=
-21,-12,XniPxnhnH1rEmLcqVuo7bK8bHxA=,+ljygrRccwfChQwuN8FbydR5FJU=
-23,-13,XniPxnhnH1rEmLcqVuo7bK8bHxA=,3TxENW3oVRf7vA41xzCARtPhu+Q=
-22,-13,XniPxnhnH1rEmLcqVuo7bK8bHxA=,GsZSEfB5tgiAyHX/wfV10u9YziY=
-22,-8,XniPxnhnH1rEmLcqVuo7bK8bHxA=,zNq2fjAO65mbFRGvVTpSwVKwR/8=
-23,-8,XniPxnhnH1rEmLcqVuo7bK8bHxA=,R4+fUxHWAMDOml1GKrNPQ38mEEk=
-22,-9,XniPxnhnH1rEmLcqVuo7bK8bHxA=,uCWyHghFre4XLqih8/3Ai3/uxwo=
-20,-13,XniPxnhnH1rEmLcqVuo7bK8bHxA=,ER7Yzby/vW9iih221GaZz9Y8EOw=
-21,-13,XniPxnhnH1rEmLcqVuo7bK8bHxA=,GsZSEfB5tgiAyHX/wfV10u9YziY=
-23,-11,XniPxnhnH1rEmLcqVuo7bK8bHxA=,fJmTT82FQy+mqbdWhpddm/p12uo=
-23,-9,XniPxnhnH1rEmLcqVuo7bK8bHxA=,Q/JCSa1r0FgZhOYvucMjjMvkefQ=
-23,-12,XniPxnhnH1rEmLcqVuo7bK8bHxA=,fJmTT82FQy+mqbdWhpddm/p12uo=
-22,-10,XniPxnhnH1rEmLcqVuo7bK8bHxA=,uCWyHghFre4XLqih8/3Ai3/uxwo=
-22,-11,XniPxnhnH1rEmLcqVuo7bK8bHxA=,+ljygrRccwfChQwuN8FbydR5FJU=
-22,-12,XniPxnhnH1rEmLcqVuo7bK8bHxA=,+ljygrRccwfChQwuN8FbydR5FJU=
-23,-10,XniPxnhnH1rEmLcqVuo7bK8bHxA=,Q/JCSa1r0FgZhOYvucMjjMvkefQ=
-20,-11,iNDikvNhNdi4DWJKXLrQWuxjKM0=,Kh4V5EUyeqigUYhoNb+WkQwniBM=
-21,-8,iNDikvNhNdi4DWJKXLrQWuxjKM0=,zNq2fjAO65mbFRGvVTpSwVKwR/8=
-20,-9,iNDikvNhNdi4DWJKXLrQWuxjKM0=,Jlx/ppk3km5pQjHVm9LyIhJ5q24=
-21,-9,iNDikvNhNdi4DWJKXLrQWuxjKM0=,uCWyHghFre4XLqih8/3Ai3/uxwo=
-20,-10,iNDikvNhNdi4DWJKXLrQWuxjKM0=,Jlx/ppk3km5pQjHVm9LyIhJ5q24=
-20,-8,iNDikvNhNdi4DWJKXLrQWuxjKM0=,D9ROIZlmNa7xnuKAUNfSw5kkcRc=
-21,-10,63CNH5yiI7u0Y1ZsIQe3iPvo/ZY=,uCWyHghFre4XLqih8/3Ai3/uxwo=
-21,-11,63CNH5yiI7u0Y1ZsIQe3iPvo/ZY=,+ljygrRccwfChQwuN8FbydR5FJU=
-19,-11,63CNH5yiI7u0Y1ZsIQe3iPvo/ZY=,Kh4V5EUyeqigUYhoNb+WkQwniBM=
-19,-10,63CNH5yiI7u0Y1ZsIQe3iPvo/ZY=,Jlx/ppk3km5pQjHVm9LyIhJ5q24=
-18,-11,63CNH5yiI7u0Y1ZsIQe3iPvo/ZY=,9RgmSd4uGAnd0oxmsPJktpCdA44=
-18,-10,63CNH5yiI7u0Y1ZsIQe3iPvo/ZY=,3kLVfQrWjQKlRg47WXXiM9s2n/0=
-19,-9,63CNH5yiI7u0Y1ZsIQe3iPvo/ZY=,Jlx/ppk3km5pQjHVm9LyIhJ5q24=
-19,-8,63CNH5yiI7u0Y1ZsIQe3iPvo/ZY=,D9ROIZlmNa7xnuKAUNfSw5kkcRc=
-18,-8,63CNH5yiI7u0Y1ZsIQe3iPvo/ZY=,r+5zYOQR3Z+Uf+I8TLChLoTKZgo=
-18,-9,63CNH5yiI7u0Y1ZsIQe3iPvo/ZY=,3kLVfQrWjQKlRg47WXXiM9s2n/0=
-18,-6,Q53DQd13gav5LztzBVM3w2URK/4=,KWvVy/El49yrChYUpWqIH49jlVg=
-19,-6,Q53DQd13gav5LztzBVM3w2URK/4=,i1nYoi4RFfZhGTinMUcZMsp5N2A=
-18,-7,L9qvTLu7rv74v8wEv8JDkw0R/n0=,r+5zYOQR3Z+Uf+I8TLChLoTKZgo=
-19,-7,L9qvTLu7rv74v8wEv8JDkw0R/n0=,D9ROIZlmNa7xnuKAUNfSw5kkcRc=
-21,-2,L9qvTLu7rv74v8wEv8JDkw0R/n0=,ZSvySJ3ssBTVCkJCd/HkN8NNzDE=
-21,-3,L9qvTLu7rv74v8wEv8JDkw0R/n0=,CkLhz97wWi3gMTvsjkmfWszYs7g=
-21,-4,L9qvTLu7rv74v8wEv8JDkw0R/n0=,CkLhz97wWi3gMTvsjkmfWszYs7g=
-21,-5,L9qvTLu7rv74v8wEv8JDkw0R/n0=,spb29v9ynQhAWc5+SZpTqJrD2RM=
-20,-2,L9qvTLu7rv74v8wEv8JDkw0R/n0=,HZaLMwNo/agSxmgieOJ5x/tFfkA=
-19,-5,L9qvTLu7rv74v8wEv8JDkw0R/n0=,i1nYoi4RFfZhGTinMUcZMsp5N2A=
-18,-5,L9qvTLu7rv74v8wEv8JDkw0R/n0=,KWvVy/El49yrChYUpWqIH49jlVg=
-18,-4,L9qvTLu7rv74v8wEv8JDkw0R/n0=,lK+hvQjQHlYevobRqjCMejdnRAs=
-20,-3,L9qvTLu7rv74v8wEv8JDkw0R/n0=,Es59p+RUNbpvbXhL+VbVjkTm0ho=
-19,-4,L9qvTLu7rv74v8wEv8JDkw0R/n0=,Es59p+RUNbpvbXhL+VbVjkTm0ho=
-20,-4,L9qvTLu7rv74v8wEv8JDkw0R/n0=,Es59p+RUNbpvbXhL+VbVjkTm0ho=
-20,-5,L9qvTLu7rv74v8wEv8JDkw0R/n0=,i1nYoi4RFfZhGTinMUcZMsp5N2A=
-19,-1,fdn5OB8xGLD/M3NWu11KExLlT04=,HZaLMwNo/agSxmgieOJ5x/tFfkA=
-19,-2,fdn5OB8xGLD/M3NWu11KExLlT04=,HZaLMwNo/agSxmgieOJ5x/tFfkA=
-18,-2,fdn5OB8xGLD/M3NWu11KExLlT04=,ZoQiKY9a+XhBvhegLkSX/ao9qig=
-19,-3,fdn5OB8xGLD/M3NWu11KExLlT04=,Es59p+RUNbpvbXhL+VbVjkTm0ho=
-18,-1,fdn5OB8xGLD/M3NWu11KExLlT04=,ZoQiKY9a+XhBvhegLkSX/ao9qig=
-18,-3,fdn5OB8xGLD/M3NWu11KExLlT04=,lK+hvQjQHlYevobRqjCMejdnRAs=
-21,-1,H+KCcnbTQkQh2kHIf7Q6Y/C86rE=,ZSvySJ3ssBTVCkJCd/HkN8NNzDE=
-22,-1,H+KCcnbTQkQh2kHIf7Q6Y/C86rE=,ZSvySJ3ssBTVCkJCd/HkN8NNzDE=
-20,-1,H+KCcnbTQkQh2kHIf7Q6Y/C86rE=,HZaLMwNo/agSxmgieOJ5x/tFfkA=
-23,-1,H+KCcnbTQkQh2kHIf7Q6Y/C86rE=,xOj5PnZn+47vB1GlQs9k0tJ1mPE=
-17,-3,H+KCcnbTQkQh2kHIf7Q6Y/C86rE=,lK+hvQjQHlYevobRqjCMejdnRAs=
-17,-2,H+KCcnbTQkQh2kHIf7Q6Y/C86rE=,ZoQiKY9a+XhBvhegLkSX/ao9qig=
-25,-1,H+KCcnbTQkQh2kHIf7Q6Y/C86rE=,O/ZKmHez0OjxMkjJRs/hZJdIhK8=
-24,-1,H+KCcnbTQkQh2kHIf7Q6Y/C86rE=,xOj5PnZn+47vB1GlQs9k0tJ1mPE=
-31,-1,H+KCcnbTQkQh2kHIf7Q6Y/C86rE=,CswZ/r3czXyqEK/CvFWjZWMEW10=
-30,-1,H+KCcnbTQkQh2kHIf7Q6Y/C86rE=,Z0u3Jz/19OB7Q05MY7oXdOm4Xzw=
-27,-1,Ce9hCk4gM7s8p6hrU/yVSPf6Nro=,f8gvaQ8Kn5/XPqPOViulLJxJlOo=
-29,-1,Ce9hCk4gM7s8p6hrU/yVSPf6Nro=,Z0u3Jz/19OB7Q05MY7oXdOm4Xzw=
-28,-1,Ce9hCk4gM7s8p6hrU/yVSPf6Nro=,f8gvaQ8Kn5/XPqPOViulLJxJlOo=
-26,-1,Ce9hCk4gM7s8p6hrU/yVSPf6Nro=,O/ZKmHez0OjxMkjJRs/hZJdIhK8=
-17,-4,Ce9hCk4gM7s8p6hrU/yVSPf6Nro=,lK+hvQjQHlYevobRqjCMejdnRAs=
-17,-6,Ce9hCk4gM7s8p6hrU/yVSPf6Nro=,KWvVy/El49yrChYUpWqIH49jlVg=
-17,-5,Ce9hCk4gM7s8p6hrU/yVSPf6Nro=,KWvVy/El49yrChYUpWqIH49jlVg=
-17,-7,Ce9hCk4gM7s8p6hrU/yVSPf6Nro=,r+5zYOQR3Z+Uf+I8TLChLoTKZgo=
-17,-10,Ce9hCk4gM7s8p6hrU/yVSPf6Nro=,3kLVfQrWjQKlRg47WXXiM9s2n/0=
-17,-9,Ce9hCk4gM7s8p6hrU/yVSPf6Nro=,3kLVfQrWjQKlRg47WXXiM9s2n/0=
-17,-8,Ce9hCk4gM7s8p6hrU/yVSPf6Nro=,r+5zYOQR3Z+Uf+I8TLChLoTKZgo=
-17,-11,Ce9hCk4gM7s8p6hrU/yVSPf6Nro=,9RgmSd4uGAnd0oxmsPJktpCdA44=
-19,-12,jpbO/QWz4TgdCuVPAtTOwX7RD0M=,Kh4V5EUyeqigUYhoNb+WkQwniBM=
-17,-12,jpbO/QWz4TgdCuVPAtTOwX7RD0M=,9RgmSd4uGAnd0oxmsPJktpCdA44=
-18,-12,jpbO/QWz4TgdCuVPAtTOwX7RD0M=,9RgmSd4uGAnd0oxmsPJktpCdA44=
-17,-13,jpbO/QWz4TgdCuVPAtTOwX7RD0M=,/xhGalnJWJs6qImbtDHuTsDnEBQ=
-19,-13,jpbO/QWz4TgdCuVPAtTOwX7RD0M=,ER7Yzby/vW9iih221GaZz9Y8EOw=
-18,-13,ZnU+w7fTezvq/nAFnJ+5F4H9I4M=,/xhGalnJWJs6qImbtDHuTsDnEBQ=
-19,-15,ZnU+w7fTezvq/nAFnJ+5F4H9I4M=,11UP2v3AR9cDPo1OjhU7yJ/KsFw=
-17,-15,ZnU+w7fTezvq/nAFnJ+5F4H9I4M=,DAJGdinpCo3b7giCSDruzdVlVyA=
-17,-14,ZnU+w7fTezvq/nAFnJ+5F4H9I4M=,/xhGalnJWJs6qImbtDHuTsDnEBQ=
-18,-16,ZnU+w7fTezvq/nAFnJ+5F4H9I4M=,DAJGdinpCo3b7giCSDruzdVlVyA=
-19,-14,ZnU+w7fTezvq/nAFnJ+5F4H9I4M=,ER7Yzby/vW9iih221GaZz9Y8EOw=
-23,-16,ZnU+w7fTezvq/nAFnJ+5F4H9I4M=,jzg0QNnajc/aB+9NRrqAavDdxp4=
-18,-15,ZnU+w7fTezvq/nAFnJ+5F4H9I4M=,DAJGdinpCo3b7giCSDruzdVlVyA=
-20,-16,ZnU+w7fTezvq/nAFnJ+5F4H9I4M=,11UP2v3AR9cDPo1OjhU7yJ/KsFw=
-18,-14,ZnU+w7fTezvq/nAFnJ+5F4H9I4M=,/xhGalnJWJs6qImbtDHuTsDnEBQ=
-22,-16,ZnU+w7fTezvq/nAFnJ+5F4H9I4M=,VUcBPbHsvHKbo/iMS5vSiJpQ4Yo=
-19,-16,ZnU+w7fTezvq/nAFnJ+5F4H9I4M=,11UP2v3AR9cDPo1OjhU7yJ/KsFw=
-21,-16,ZnU+w7fTezvq/nAFnJ+5F4H9I4M=,VUcBPbHsvHKbo/iMS5vSiJpQ4Yo=
-25,-16,ZnU+w7fTezvq/nAFnJ+5F4H9I4M=,cU0uCOp2KJ2x/x8IM9G8hgkPnNE=
-27,-16,ZnU+w7fTezvq/nAFnJ+5F4H9I4M=,hlurxIqGlpeT05X+DzmgnfI9khc=
-26,-16,ZnU+w7fTezvq/nAFnJ+5F4H9I4M=,cU0uCOp2KJ2x/x8IM9G8hgkPnNE=
-24,-16,ZnU+w7fTezvq/nAFnJ+5F4H9I4M=,jzg0QNnajc/aB+9NRrqAavDdxp4=
-32,-3,c2PjlaTfnD0JBlzDVLpnINsHWbk=,CswZ/r3czXyqEK/CvFWjZWMEW10=
-32,-16,c2PjlaTfnD0JBlzDVLpnINsHWbk=,CswZ/r3czXyqEK/CvFWjZWMEW10=
-32,-2,c2PjlaTfnD0JBlzDVLpnINsHWbk=,CswZ/r3czXyqEK/CvFWjZWMEW10=
-32,-1,c2PjlaTfnD0JBlzDVLpnINsHWbk=,CswZ/r3czXyqEK/CvFWjZWMEW10=
-17,-16,c2PjlaTfnD0JBlzDVLpnINsHWbk=,DAJGdinpCo3b7giCSDruzdVlVyA=
-25,-13,c2PjlaTfnD0JBlzDVLpnINsHWbk=,162Yjg2qGCn93V21T1HuKAU/FC4=
-17,-1,c2PjlaTfnD0JBlzDVLpnINsHWbk=,ZoQiKY9a+XhBvhegLkSX/ao9qig=
-24,-13,c2PjlaTfnD0JBlzDVLpnINsHWbk=,3TxENW3oVRf7vA41xzCARtPhu+Q=
-27,-13,c2PjlaTfnD0JBlzDVLpnINsHWbk=,hlurxIqGlpeT05X+DzmgnfI9khc=
-25,-12,c2PjlaTfnD0JBlzDVLpnINsHWbk=,D6Mr9ciNb/yUXsw1v+Nlb6bM2gg=
-25,-10,c2PjlaTfnD0JBlzDVLpnINsHWbk=,rSaubrbZI4VnXFSar9gEhYW6360=
-26,-13,c2PjlaTfnD0JBlzDVLpnINsHWbk=,162Yjg2qGCn93V21T1HuKAU/FC4=
-26,-10,c2PjlaTfnD0JBlzDVLpnINsHWbk=,rSaubrbZI4VnXFSar9gEhYW6360=
-25,-11,c2PjlaTfnD0JBlzDVLpnINsHWbk=,D6Mr9ciNb/yUXsw1v+Nlb6bM2gg=
-27,-11,c2PjlaTfnD0JBlzDVLpnINsHWbk=,hlurxIqGlpeT05X+DzmgnfI9khc=
-26,-12,c2PjlaTfnD0JBlzDVLpnINsHWbk=,D6Mr9ciNb/yUXsw1v+Nlb6bM2gg=
-27,-12,c2PjlaTfnD0JBlzDVLpnINsHWbk=,hlurxIqGlpeT05X+DzmgnfI9khc=
-26,-11,c2PjlaTfnD0JBlzDVLpnINsHWbk=,D6Mr9ciNb/yUXsw1v+Nlb6bM2gg=
-27,-10,c2PjlaTfnD0JBlzDVLpnINsHWbk=,hlurxIqGlpeT05X+DzmgnfI9khc=
-24,-11,c2PjlaTfnD0JBlzDVLpnINsHWbk=,fJmTT82FQy+mqbdWhpddm/p12uo=
-24,-10,c2PjlaTfnD0JBlzDVLpnINsHWbk=,Q/JCSa1r0FgZhOYvucMjjMvkefQ=
-24,-12,c2PjlaTfnD0JBlzDVLpnINsHWbk=,fJmTT82FQy+mqbdWhpddm/p12uo=
