14,37,lXrtYQ6R4I6cTnvcGR/nHCDQl2A=,FUf7f2lIgOSaDftcfao0LczLJd0=
14,38,lXrtYQ6R4I6cTnvcGR/nHCDQl2A=,FUf7f2lIgOSaDftcfao0LczLJd0=
13,37,lXrtYQ6R4I6cTnvcGR/nHCDQl2A=,FUf7f2lIgOSaDftcfao0LczLJd0=
13,38,lXrtYQ6R4I6cTnvcGR/nHCDQl2A=,A7eFh67nZuIFKur/sYAzxhHsH3k=
12,37,7TLNapDWkckMyxN+/y+yEXpIo6A=,FUf7f2lIgOSaDftcfao0LczLJd0=
11,37,7TLNapDWkckMyxN+/y+yEXpIo6A=,FUf7f2lIgOSaDftcfao0LczLJd0=
12,38,7TLNapDWkckMyxN+/y+yEXpIo6A=,A7eFh67nZuIFKur/sYAzxhHsH3k=
11,38,7TLNapDWkckMyxN+/y+yEXpIo6A=,FUf7f2lIgOSaDftcfao0LczLJd0=
9,37,7TLNapDWkckMyxN+/y+yEXpIo6A=,FUf7f2lIgOSaDftcfao0LczLJd0=
9,38,7TLNapDWkckMyxN+/y+yEXpIo6A=,FUf7f2lIgOSaDftcfao0LczLJd0=
10,38,yP+W7nreG6PoZadZ0CEfIh2AHac=,FUf7f2lIgOSaDftcfao0LczLJd0=
10,37,yP+W7nreG6PoZadZ0CEfIh2AHac=,FUf7f2lIgOSaDftcfao0LczLJd0=
8,38,vSr6Ty1LIVdCMsA9YjtnENUY3+M=,FUf7f2lIgOSaDftcfao0LczLJd0=
8,37,vSr6Ty1LIVdCMsA9YjtnENUY3+M=,FUf7f2lIgOSaDftcfao0LczLJd0=
7,38,vSr6Ty1LIVdCMsA9YjtnENUY3+M=,FUf7f2lIgOSaDftcfao0LczLJd0=
7,37,vSr6Ty1LIVdCMsA9YjtnENUY3+M=,FUf7f2lIgOSaDftcfao0LczLJd0=
6,37,vSr6Ty1LIVdCMsA9YjtnENUY3+M=,FUf7f2lIgOSaDftcfao0LczLJd0=
6,38,vSr6Ty1LIVdCMsA9YjtnENUY3+M=,FUf7f2lIgOSaDftcfao0LczLJd0=
5,37,vSr6Ty1LIVdCMsA9YjtnENUY3+M=,XcW+1UG/ujAc7kcdw9+az8IzRBg=
5,38,vSr6Ty1LIVdCMsA9YjtnENUY3+M=,XcW+1UG/ujAc7kcdw9+az8IzRBg=
4,38,cwG1nvcbrQ6JMZGUpRfjaDddaMU=,XcW+1UG/ujAc7kcdw9+az8IzRBg=
3,38,cwG1nvcbrQ6JMZGUpRfjaDddaMU=,XcW+1UG/ujAc7kcdw9+az8IzRBg=
4,37,cwG1nvcbrQ6JMZGUpRfjaDddaMU=,XcW+1UG/ujAc7kcdw9+az8IzRBg=
3,37,cwG1nvcbrQ6JMZGUpRfjaDddaMU=,XcW+1UG/ujAc7kcdw9+az8IzRBg=
3,35,cwG1nvcbrQ6JMZGUpRfjaDddaMU=,ALqclnbhct4CRWnxYMEbODObt1A=
4,35,cwG1nvcbrQ6JMZGUpRfjaDddaMU=,ALqclnbhct4CRWnxYMEbODObt1A=
3,36,cwG1nvcbrQ6JMZGUpRfjaDddaMU=,XcW+1UG/ujAc7kcdw9+az8IzRBg=
4,36,cwG1nvcbrQ6JMZGUpRfjaDddaMU=,XcW+1UG/ujAc7kcdw9+az8IzRBg=
5,35,ZwXCigt+nDwrm92kJk4m/n15tSY=,ALqclnbhct4CRWnxYMEbODObt1A=
6,35,ZwXCigt+nDwrm92kJk4m/n15tSY=,ALqclnbhct4CRWnxYMEbODObt1A=
5,36,uLPOaicYFACsqzyK0x9aC31M244=,XcW+1UG/ujAc7kcdw9+az8IzRBg=
6,36,uLPOaicYFACsqzyK0x9aC31M244=,FUf7f2lIgOSaDftcfao0LczLJd0=
6,34,uLPOaicYFACsqzyK0x9aC31M244=,ALqclnbhct4CRWnxYMEbODObt1A=
5,34,uLPOaicYFACsqzyK0x9aC31M244=,ALqclnbhct4CRWnxYMEbODObt1A=
5,33,uLPOaicYFACsqzyK0x9aC31M244=,QFZkwLq8xpwj1ooeUdCuJxIOg/k=
6,33,uLPOaicYFACsqzyK0x9aC31M244=,QFZkwLq8xpwj1ooeUdCuJxIOg/k=
8,35,uLPOaicYFACsqzyK0x9aC31M244=,ALqclnbhct4CRWnxYMEbODObt1A=
8,36,uLPOaicYFACsqzyK0x9aC31M244=,FUf7f2lIgOSaDftcfao0LczLJd0=
7,36,uLPOaicYFACsqzyK0x9aC31M244=,FUf7f2lIgOSaDftcfao0LczLJd0=
7,35,uLPOaicYFACsqzyK0x9aC31M244=,ALqclnbhct4CRWnxYMEbODObt1A=
10,36,oOXSDZNbCPfQtcGHdeC5SWRv3b0=,FUf7f2lIgOSaDftcfao0LczLJd0=
9,35,oOXSDZNbCPfQtcGHdeC5SWRv3b0=,ALqclnbhct4CRWnxYMEbODObt1A=
9,36,oOXSDZNbCPfQtcGHdeC5SWRv3b0=,FUf7f2lIgOSaDftcfao0LczLJd0=
8,33,oOXSDZNbCPfQtcGHdeC5SWRv3b0=,QFZkwLq8xpwj1ooeUdCuJxIOg/k=
7,33,oOXSDZNbCPfQtcGHdeC5SWRv3b0=,QFZkwLq8xpwj1ooeUdCuJxIOg/k=
8,34,oOXSDZNbCPfQtcGHdeC5SWRv3b0=,ALqclnbhct4CRWnxYMEbODObt1A=
7,34,oOXSDZNbCPfQtcGHdeC5SWRv3b0=,ALqclnbhct4CRWnxYMEbODObt1A=
10,35,oOXSDZNbCPfQtcGHdeC5SWRv3b0=,ALqclnbhct4CRWnxYMEbODObt1A=
9,34,oOXSDZNbCPfQtcGHdeC5SWRv3b0=,ALqclnbhct4CRWnxYMEbODObt1A=
9,33,oOXSDZNbCPfQtcGHdeC5SWRv3b0=,QFZkwLq8xpwj1ooeUdCuJxIOg/k=
10,34,oOXSDZNbCPfQtcGHdeC5SWRv3b0=,ALqclnbhct4CRWnxYMEbODObt1A=
10,33,oOXSDZNbCPfQtcGHdeC5SWRv3b0=,QFZkwLq8xpwj1ooeUdCuJxIOg/k=
12,36,Smna/KwBBfMKPYPWcPJH/EA/Gko=,FUf7f2lIgOSaDftcfao0LczLJd0=
11,35,Smna/KwBBfMKPYPWcPJH/EA/Gko=,ALqclnbhct4CRWnxYMEbODObt1A=
11,36,Smna/KwBBfMKPYPWcPJH/EA/Gko=,FUf7f2lIgOSaDftcfao0LczLJd0=
12,35,Smna/KwBBfMKPYPWcPJH/EA/Gko=,ALqclnbhct4CRWnxYMEbODObt1A=
11,33,Smna/KwBBfMKPYPWcPJH/EA/Gko=,QFZkwLq8xpwj1ooeUdCuJxIOg/k=
12,33,d5R6L/ApRc2Dunw8/pyJhyk82vE=,QFZkwLq8xpwj1ooeUdCuJxIOg/k=
11,34,d5R6L/ApRc2Dunw8/pyJhyk82vE=,ALqclnbhct4CRWnxYMEbODObt1A=
12,34,d5R6L/ApRc2Dunw8/pyJhyk82vE=,ALqclnbhct4CRWnxYMEbODObt1A=
14,35,d5R6L/ApRc2Dunw8/pyJhyk82vE=,ALqclnbhct4CRWnxYMEbODObt1A=
13,35,d5R6L/ApRc2Dunw8/pyJhyk82vE=,ALqclnbhct4CRWnxYMEbODObt1A=
14,36,d5R6L/ApRc2Dunw8/pyJhyk82vE=,FUf7f2lIgOSaDftcfao0LczLJd0=
13,36,d5R6L/ApRc2Dunw8/pyJhyk82vE=,FUf7f2lIgOSaDftcfao0LczLJd0=
13,34,d5R6L/ApRc2Dunw8/pyJhyk82vE=,ALqclnbhct4CRWnxYMEbODObt1A=
13,33,d5R6L/ApRc2Dunw8/pyJhyk82vE=,QFZkwLq8xpwj1ooeUdCuJxIOg/k=
14,34,d5R6L/ApRc2Dunw8/pyJhyk82vE=,ALqclnbhct4CRWnxYMEbODObt1A=
14,33,d5R6L/ApRc2Dunw8/pyJhyk82vE=,QFZkwLq8xpwj1ooeUdCuJxIOg/k=
14,32,d5R6L/ApRc2Dunw8/pyJhyk82vE=,QFZkwLq8xpwj1ooeUdCuJxIOg/k=
13,32,d5R6L/ApRc2Dunw8/pyJhyk82vE=,QFZkwLq8xpwj1ooeUdCuJxIOg/k=
12,32,BrhQLThWhGO1+zRY7K2905zWc44=,QFZkwLq8xpwj1ooeUdCuJxIOg/k=
8,32,BrhQLThWhGO1+zRY7K2905zWc44=,QFZkwLq8xpwj1ooeUdCuJxIOg/k=
7,32,BrhQLThWhGO1+zRY7K2905zWc44=,QFZkwLq8xpwj1ooeUdCuJxIOg/k=
15,34,BrhQLThWhGO1+zRY7K2905zWc44=,ALqclnbhct4CRWnxYMEbODObt1A=
9,32,BrhQLThWhGO1+zRY7K2905zWc44=,QFZkwLq8xpwj1ooeUdCuJxIOg/k=
11,32,BrhQLThWhGO1+zRY7K2905zWc44=,QFZkwLq8xpwj1ooeUdCuJxIOg/k=
10,32,BrhQLThWhGO1+zRY7K2905zWc44=,QFZkwLq8xpwj1ooeUdCuJxIOg/k=
15,33,BrhQLThWhGO1+zRY7K2905zWc44=,QFZkwLq8xpwj1ooeUdCuJxIOg/k=
6,32,BrhQLThWhGO1+zRY7K2905zWc44=,QFZkwLq8xpwj1ooeUdCuJxIOg/k=
5,32,BrhQLThWhGO1+zRY7K2905zWc44=,QFZkwLq8xpwj1ooeUdCuJxIOg/k=
4,34,VYHMDMoh7Etr8hSWXeG9tCMj1R0=,ALqclnbhct4CRWnxYMEbODObt1A=
3,34,VYHMDMoh7Etr8hSWXeG9tCMj1R0=,ALqclnbhct4CRWnxYMEbODObt1A=
3,33,VYHMDMoh7Etr8hSWXeG9tCMj1R0=,QFZkwLq8xpwj1ooeUdCuJxIOg/k=
4,33,VYHMDMoh7Etr8hSWXeG9tCMj1R0=,QFZkwLq8xpwj1ooeUdCuJxIOg/k=
1,33,QyaFEYF4jD6XPcTJsQG2Lp0Oxn0=,QFZkwLq8xpwj1ooeUdCuJxIOg/k=
2,33,QyaFEYF4jD6XPcTJsQG2Lp0Oxn0=,QFZkwLq8xpwj1ooeUdCuJxIOg/k=
1,34,QyaFEYF4jD6XPcTJsQG2Lp0Oxn0=,ALqclnbhct4CRWnxYMEbODObt1A=
2,34,QyaFEYF4jD6XPcTJsQG2Lp0Oxn0=,ALqclnbhct4CRWnxYMEbODObt1A=
1,35,QyaFEYF4jD6XPcTJsQG2Lp0Oxn0=,ALqclnbhct4CRWnxYMEbODObt1A=
1,36,QyaFEYF4jD6XPcTJsQG2Lp0Oxn0=,FUf7f2lIgOSaDftcfao0LczLJd0=
2,35,QyaFEYF4jD6XPcTJsQG2Lp0Oxn0=,ALqclnbhct4CRWnxYMEbODObt1A=
0,35,QyaFEYF4jD6XPcTJsQG2Lp0Oxn0=,ALqclnbhct4CRWnxYMEbODObt1A=
2,36,QyaFEYF4jD6XPcTJsQG2Lp0Oxn0=,XcW+1UG/ujAc7kcdw9+az8IzRBg=
0,36,QyaFEYF4jD6XPcTJsQG2Lp0Oxn0=,FUf7f2lIgOSaDftcfao0LczLJd0=
0,37,QyaFEYF4jD6XPcTJsQG2Lp0Oxn0=,FUf7f2lIgOSaDftcfao0LczLJd0=
0,38,QyaFEYF4jD6XPcTJsQG2Lp0Oxn0=,FUf7f2lIgOSaDftcfao0LczLJd0=
1,38,H5RxtQ+DnlVIkrcWYn39bUyYpfA=,FUf7f2lIgOSaDftcfao0LczLJd0=
1,37,H5RxtQ+DnlVIkrcWYn39bUyYpfA=,FUf7f2lIgOSaDftcfao0LczLJd0=
6,39,H5RxtQ+DnlVIkrcWYn39bUyYpfA=,FUf7f2lIgOSaDftcfao0LczLJd0=
5,39,H5RxtQ+DnlVIkrcWYn39bUyYpfA=,XcW+1UG/ujAc7kcdw9+az8IzRBg=
9,39,H5RxtQ+DnlVIkrcWYn39bUyYpfA=,FUf7f2lIgOSaDftcfao0LczLJd0=
10,39,H5RxtQ+DnlVIkrcWYn39bUyYpfA=,FUf7f2lIgOSaDftcfao0LczLJd0=
7,39,H5RxtQ+DnlVIkrcWYn39bUyYpfA=,FUf7f2lIgOSaDftcfao0LczLJd0=
8,39,H5RxtQ+DnlVIkrcWYn39bUyYpfA=,FUf7f2lIgOSaDftcfao0LczLJd0=
14,39,H5RxtQ+DnlVIkrcWYn39bUyYpfA=,FUf7f2lIgOSaDftcfao0LczLJd0=
11,39,H5RxtQ+DnlVIkrcWYn39bUyYpfA=,FUf7f2lIgOSaDftcfao0LczLJd0=
13,39,H5RxtQ+DnlVIkrcWYn39bUyYpfA=,A7eFh67nZuIFKur/sYAzxhHsH3k=
12,39,H5RxtQ+DnlVIkrcWYn39bUyYpfA=,A7eFh67nZuIFKur/sYAzxhHsH3k=
3,39,H5RxtQ+DnlVIkrcWYn39bUyYpfA=,XcW+1UG/ujAc7kcdw9+az8IzRBg=
0,39,H5RxtQ+DnlVIkrcWYn39bUyYpfA=,FUf7f2lIgOSaDftcfao0LczLJd0=
1,39,H5RxtQ+DnlVIkrcWYn39bUyYpfA=,FUf7f2lIgOSaDftcfao0LczLJd0=
2,39,H5RxtQ+DnlVIkrcWYn39bUyYpfA=,XcW+1UG/ujAc7kcdw9+az8IzRBg=
4,39,H5RxtQ+DnlVIkrcWYn39bUyYpfA=,XcW+1UG/ujAc7kcdw9+az8IzRBg=
2,38,H5RxtQ+DnlVIkrcWYn39bUyYpfA=,XcW+1UG/ujAc7kcdw9+az8IzRBg=
3,32,H5RxtQ+DnlVIkrcWYn39bUyYpfA=,QFZkwLq8xpwj1ooeUdCuJxIOg/k=
2,37,H5RxtQ+DnlVIkrcWYn39bUyYpfA=,XcW+1UG/ujAc7kcdw9+az8IzRBg=
0,33,H5RxtQ+DnlVIkrcWYn39bUyYpfA=,QFZkwLq8xpwj1ooeUdCuJxIOg/k=
2,32,H5RxtQ+DnlVIkrcWYn39bUyYpfA=,QFZkwLq8xpwj1ooeUdCuJxIOg/k=
0,32,H5RxtQ+DnlVIkrcWYn39bUyYpfA=,QFZkwLq8xpwj1ooeUdCuJxIOg/k=
0,34,H5RxtQ+DnlVIkrcWYn39bUyYpfA=,ALqclnbhct4CRWnxYMEbODObt1A=
1,32,H5RxtQ+DnlVIkrcWYn39bUyYpfA=,QFZkwLq8xpwj1ooeUdCuJxIOg/k=
4,32,H5RxtQ+DnlVIkrcWYn39bUyYpfA=,QFZkwLq8xpwj1ooeUdCuJxIOg/k=
15,39,H5RxtQ+DnlVIkrcWYn39bUyYpfA=,FUf7f2lIgOSaDftcfao0LczLJd0=
15,38,H5RxtQ+DnlVIkrcWYn39bUyYpfA=,FUf7f2lIgOSaDftcfao0LczLJd0=
15,37,H5RxtQ+DnlVIkrcWYn39bUyYpfA=,FUf7f2lIgOSaDftcfao0LczLJd0=
15,36,H5RxtQ+DnlVIkrcWYn39bUyYpfA=,FUf7f2lIgOSaDftcfao0LczLJd0=
15,32,H5RxtQ+DnlVIkrcWYn39bUyYpfA=,QFZkwLq8xpwj1ooeUdCuJxIOg/k=
15,35,H5RxtQ+DnlVIkrcWYn39bUyYpfA=,ALqclnbhct4CRWnxYMEbODObt1A=
18,35,JbT2W7FPQqxi/yv2KcaqaARbRQE=,ALqclnbhct4CRWnxYMEbODObt1A=
18,36,JbT2W7FPQqxi/yv2KcaqaARbRQE=,FUf7f2lIgOSaDftcfao0LczLJd0=
17,35,JbT2W7FPQqxi/yv2KcaqaARbRQE=,ALqclnbhct4CRWnxYMEbODObt1A=
17,36,rmAFX40n/CRxCKf335KIdvMtAts=,FUf7f2lIgOSaDftcfao0LczLJd0=
19,36,rIxXrgCtHr0ZqZ+bmM8mqfg80ao=,FUf7f2lIgOSaDftcfao0LczLJd0=
19,35,rIxXrgCtHr0ZqZ+bmM8mqfg80ao=,ALqclnbhct4CRWnxYMEbODObt1A=
19,37,rIxXrgCtHr0ZqZ+bmM8mqfg80ao=,FUf7f2lIgOSaDftcfao0LczLJd0=
20,38,rIxXrgCtHr0ZqZ+bmM8mqfg80ao=,FUf7f2lIgOSaDftcfao0LczLJd0=
19,38,rIxXrgCtHr0ZqZ+bmM8mqfg80ao=,FUf7f2lIgOSaDftcfao0LczLJd0=
20,37,rIxXrgCtHr0ZqZ+bmM8mqfg80ao=,FUf7f2lIgOSaDftcfao0LczLJd0=
20,36,rIxXrgCtHr0ZqZ+bmM8mqfg80ao=,FUf7f2lIgOSaDftcfao0LczLJd0=
20,35,rIxXrgCtHr0ZqZ+bmM8mqfg80ao=,ALqclnbhct4CRWnxYMEbODObt1A=
22,35,oSQpPGBSLX7jR851HM9FdEZVcsM=,ALqclnbhct4CRWnxYMEbODObt1A=
22,36,oSQpPGBSLX7jR851HM9FdEZVcsM=,FUf7f2lIgOSaDftcfao0LczLJd0=
23,35,oSQpPGBSLX7jR851HM9FdEZVcsM=,ALqclnbhct4CRWnxYMEbODObt1A=
24,36,oSQpPGBSLX7jR851HM9FdEZVcsM=,wtxQKDjnBB/sggiMN6CL1yTO2+A=
24,35,oSQpPGBSLX7jR851HM9FdEZVcsM=,ALqclnbhct4CRWnxYMEbODObt1A=
21,35,oSQpPGBSLX7jR851HM9FdEZVcsM=,ALqclnbhct4CRWnxYMEbODObt1A=
23,36,oSQpPGBSLX7jR851HM9FdEZVcsM=,FUf7f2lIgOSaDftcfao0LczLJd0=
21,36,oSQpPGBSLX7jR851HM9FdEZVcsM=,FUf7f2lIgOSaDftcfao0LczLJd0=
25,33,Q60aSJY8WxdZh1kXqS73N/TYLYE=,QFZkwLq8xpwj1ooeUdCuJxIOg/k=
25,35,Q60aSJY8WxdZh1kXqS73N/TYLYE=,ALqclnbhct4CRWnxYMEbODObt1A=
26,35,Q60aSJY8WxdZh1kXqS73N/TYLYE=,ALqclnbhct4CRWnxYMEbODObt1A=
26,34,Q60aSJY8WxdZh1kXqS73N/TYLYE=,ALqclnbhct4CRWnxYMEbODObt1A=
25,34,Q60aSJY8WxdZh1kXqS73N/TYLYE=,ALqclnbhct4CRWnxYMEbODObt1A=
26,33,Q60aSJY8WxdZh1kXqS73N/TYLYE=,QFZkwLq8xpwj1ooeUdCuJxIOg/k=
25,36,Q60aSJY8WxdZh1kXqS73N/TYLYE=,wtxQKDjnBB/sggiMN6CL1yTO2+A=
26,36,Q60aSJY8WxdZh1kXqS73N/TYLYE=,wtxQKDjnBB/sggiMN6CL1yTO2+A=
28,36,q7YNJThK7ESLL2bsy/JytTUPNrA=,wtxQKDjnBB/sggiMN6CL1yTO2+A=
28,35,q7YNJThK7ESLL2bsy/JytTUPNrA=,ALqclnbhct4CRWnxYMEbODObt1A=
27,35,q7YNJThK7ESLL2bsy/JytTUPNrA=,ALqclnbhct4CRWnxYMEbODObt1A=
27,36,q7YNJThK7ESLL2bsy/JytTUPNrA=,wtxQKDjnBB/sggiMN6CL1yTO2+A=
27,34,q7YNJThK7ESLL2bsy/JytTUPNrA=,ALqclnbhct4CRWnxYMEbODObt1A=
27,33,q7YNJThK7ESLL2bsy/JytTUPNrA=,QFZkwLq8xpwj1ooeUdCuJxIOg/k=
28,33,q7YNJThK7ESLL2bsy/JytTUPNrA=,QFZkwLq8xpwj1ooeUdCuJxIOg/k=
28,34,q7YNJThK7ESLL2bsy/JytTUPNrA=,ALqclnbhct4CRWnxYMEbODObt1A=
30,36,2sA2rnOeb1g6le5Ul2ggrk0UKUU=,wtxQKDjnBB/sggiMN6CL1yTO2+A=
29,36,2sA2rnOeb1g6le5Ul2ggrk0UKUU=,wtxQKDjnBB/sggiMN6CL1yTO2+A=
30,38,2sA2rnOeb1g6le5Ul2ggrk0UKUU=,wtxQKDjnBB/sggiMN6CL1yTO2+A=
29,38,2sA2rnOeb1g6le5Ul2ggrk0UKUU=,wtxQKDjnBB/sggiMN6CL1yTO2+A=
29,37,2sA2rnOeb1g6le5Ul2ggrk0UKUU=,wtxQKDjnBB/sggiMN6CL1yTO2+A=
29,33,2sA2rnOeb1g6le5Ul2ggrk0UKUU=,QFZkwLq8xpwj1ooeUdCuJxIOg/k=
30,37,2sA2rnOeb1g6le5Ul2ggrk0UKUU=,wtxQKDjnBB/sggiMN6CL1yTO2+A=
30,35,2sA2rnOeb1g6le5Ul2ggrk0UKUU=,ALqclnbhct4CRWnxYMEbODObt1A=
29,35,2sA2rnOeb1g6le5Ul2ggrk0UKUU=,ALqclnbhct4CRWnxYMEbODObt1A=
29,34,rncc2rmXjkYddaauwsirqMiJtzQ=,ALqclnbhct4CRWnxYMEbODObt1A=
30,34,rncc2rmXjkYddaauwsirqMiJtzQ=,ALqclnbhct4CRWnxYMEbODObt1A=
30,33,rncc2rmXjkYddaauwsirqMiJtzQ=,QFZkwLq8xpwj1ooeUdCuJxIOg/k=
31,34,rncc2rmXjkYddaauwsirqMiJtzQ=,ALqclnbhct4CRWnxYMEbODObt1A=
31,35,rncc2rmXjkYddaauwsirqMiJtzQ=,ALqclnbhct4CRWnxYMEbODObt1A=
31,33,4FtpL3ADQ+5GB5VxCWCyc3QTd/s=,QFZkwLq8xpwj1ooeUdCuJxIOg/k=
31,36,4FtpL3ADQ+5GB5VxCWCyc3QTd/s=,wtxQKDjnBB/sggiMN6CL1yTO2+A=
27,32,NVGs5sYQIBc+Vt79GogcbWLqvH4=,QFZkwLq8xpwj1ooeUdCuJxIOg/k=
29,32,NVGs5sYQIBc+Vt79GogcbWLqvH4=,QFZkwLq8xpwj1ooeUdCuJxIOg/k=
28,32,NVGs5sYQIBc+Vt79GogcbWLqvH4=,QFZkwLq8xpwj1ooeUdCuJxIOg/k=
26,32,NVGs5sYQIBc+Vt79GogcbWLqvH4=,QFZkwLq8xpwj1ooeUdCuJxIOg/k=
30,32,NVGs5sYQIBc+Vt79GogcbWLqvH4=,QFZkwLq8xpwj1ooeUdCuJxIOg/k=
25,32,NVGs5sYQIBc+Vt79GogcbWLqvH4=,QFZkwLq8xpwj1ooeUdCuJxIOg/k=
23,34,VOTI/JYmZeH8R6vLc1YkL6ingpQ=,ALqclnbhct4CRWnxYMEbODObt1A=
23,33,VOTI/JYmZeH8R6vLc1YkL6ingpQ=,QFZkwLq8xpwj1ooeUdCuJxIOg/k=
22,34,VOTI/JYmZeH8R6vLc1YkL6ingpQ=,ALqclnbhct4CRWnxYMEbODObt1A=
24,34,VOTI/JYmZeH8R6vLc1YkL6ingpQ=,ALqclnbhct4CRWnxYMEbODObt1A=
21,34,VOTI/JYmZeH8R6vLc1YkL6ingpQ=,ALqclnbhct4CRWnxYMEbODObt1A=
24,33,VOTI/JYmZeH8R6vLc1YkL6ingpQ=,QFZkwLq8xpwj1ooeUdCuJxIOg/k=
24,32,VOTI/JYmZeH8R6vLc1YkL6ingpQ=,QFZkwLq8xpwj1ooeUdCuJxIOg/k=
21,33,VOTI/JYmZeH8R6vLc1YkL6ingpQ=,QFZkwLq8xpwj1ooeUdCuJxIOg/k=
22,33,VOTI/JYmZeH8R6vLc1YkL6ingpQ=,QFZkwLq8xpwj1ooeUdCuJxIOg/k=
23,32,VOTI/JYmZeH8R6vLc1YkL6ingpQ=,QFZkwLq8xpwj1ooeUdCuJxIOg/k=
17,34,nwP+AQ4JrfZAiJtKqpavV0J+Cg4=,ALqclnbhct4CRWnxYMEbODObt1A=
19,33,nwP+AQ4JrfZAiJtKqpavV0J+Cg4=,QFZkwLq8xpwj1ooeUdCuJxIOg/k=
19,34,nwP+AQ4JrfZAiJtKqpavV0J+Cg4=,ALqclnbhct4CRWnxYMEbODObt1A=
20,33,nwP+AQ4JrfZAiJtKqpavV0J+Cg4=,QFZkwLq8xpwj1ooeUdCuJxIOg/k=
18,33,nwP+AQ4JrfZAiJtKqpavV0J+Cg4=,QFZkwLq8xpwj1ooeUdCuJxIOg/k=
20,32,nwP+AQ4JrfZAiJtKqpavV0J+Cg4=,QFZkwLq8xpwj1ooeUdCuJxIOg/k=
20,34,nwP+AQ4JrfZAiJtKqpavV0J+Cg4=,ALqclnbhct4CRWnxYMEbODObt1A=
18,34,nwP+AQ4JrfZAiJtKqpavV0J+Cg4=,ALqclnbhct4CRWnxYMEbODObt1A=
19,32,nwP+AQ4JrfZAiJtKqpavV0J+Cg4=,QFZkwLq8xpwj1ooeUdCuJxIOg/k=
21,32,nwP+AQ4JrfZAiJtKqpavV0J+Cg4=,QFZkwLq8xpwj1ooeUdCuJxIOg/k=
17,33,nwP+AQ4JrfZAiJtKqpavV0J+Cg4=,QFZkwLq8xpwj1ooeUdCuJxIOg/k=
22,32,nwP+AQ4JrfZAiJtKqpavV0J+Cg4=,QFZkwLq8xpwj1ooeUdCuJxIOg/k=
18,32,nwP+AQ4JrfZAiJtKqpavV0J+Cg4=,QFZkwLq8xpwj1ooeUdCuJxIOg/k=
17,32,DYyhAQrrTEl12ZFO7NfVkRe/NjI=,QFZkwLq8xpwj1ooeUdCuJxIOg/k=
16,36,9ff6g2W5FCmV5DXoGLByk1B2g9A=,FUf7f2lIgOSaDftcfao0LczLJd0=
16,34,9ff6g2W5FCmV5DXoGLByk1B2g9A=,ALqclnbhct4CRWnxYMEbODObt1A=
16,35,9ff6g2W5FCmV5DXoGLByk1B2g9A=,ALqclnbhct4CRWnxYMEbODObt1A=
16,33,9ff6g2W5FCmV5DXoGLByk1B2g9A=,QFZkwLq8xpwj1ooeUdCuJxIOg/k=
20,39,9ff6g2W5FCmV5DXoGLByk1B2g9A=,FUf7f2lIgOSaDftcfao0LczLJd0=
17,39,9ff6g2W5FCmV5DXoGLByk1B2g9A=,FUf7f2lIgOSaDftcfao0LczLJd0=
19,39,9ff6g2W5FCmV5DXoGLByk1B2g9A=,FUf7f2lIgOSaDftcfao0LczLJd0=
18,39,9ff6g2W5FCmV5DXoGLByk1B2g9A=,FUf7f2lIgOSaDftcfao0LczLJd0=
16,37,9ff6g2W5FCmV5DXoGLByk1B2g9A=,FUf7f2lIgOSaDftcfao0LczLJd0=
16,38,9ff6g2W5FCmV5DXoGLByk1B2g9A=,FUf7f2lIgOSaDftcfao0LczLJd0=
17,37,6Cm3qtdmnRgwZXR6iLpnEKuDNVg=,FUf7f2lIgOSaDftcfao0LczLJd0=
17,38,6Cm3qtdmnRgwZXR6iLpnEKuDNVg=,FUf7f2lIgOSaDftcfao0LczLJd0=
18,37,6Cm3qtdmnRgwZXR6iLpnEKuDNVg=,FUf7f2lIgOSaDftcfao0LczLJd0=
31,39,6Cm3qtdmnRgwZXR6iLpnEKuDNVg=,wtxQKDjnBB/sggiMN6CL1yTO2+A=
18,38,6Cm3qtdmnRgwZXR6iLpnEKuDNVg=,FUf7f2lIgOSaDftcfao0LczLJd0=
30,39,6Cm3qtdmnRgwZXR6iLpnEKuDNVg=,wtxQKDjnBB/sggiMN6CL1yTO2+A=
16,39,6Cm3qtdmnRgwZXR6iLpnEKuDNVg=,FUf7f2lIgOSaDftcfao0LczLJd0=
21,39,6Cm3qtdmnRgwZXR6iLpnEKuDNVg=,FUf7f2lIgOSaDftcfao0LczLJd0=
29,39,6Cm3qtdmnRgwZXR6iLpnEKuDNVg=,wtxQKDjnBB/sggiMN6CL1yTO2+A=
22,39,6Cm3qtdmnRgwZXR6iLpnEKuDNVg=,FUf7f2lIgOSaDftcfao0LczLJd0=
24,39,6Cm3qtdmnRgwZXR6iLpnEKuDNVg=,wtxQKDjnBB/sggiMN6CL1yTO2+A=
23,39,6Cm3qtdmnRgwZXR6iLpnEKuDNVg=,FUf7f2lIgOSaDftcfao0LczLJd0=
31,37,6Cm3qtdmnRgwZXR6iLpnEKuDNVg=,wtxQKDjnBB/sggiMN6CL1yTO2+A=
31,38,6Cm3qtdmnRgwZXR6iLpnEKuDNVg=,wtxQKDjnBB/sggiMN6CL1yTO2+A=
24,38,6Cm3qtdmnRgwZXR6iLpnEKuDNVg=,wtxQKDjnBB/sggiMN6CL1yTO2+A=
21,38,6Cm3qtdmnRgwZXR6iLpnEKuDNVg=,FUf7f2lIgOSaDftcfao0LczLJd0=
24,37,6Cm3qtdmnRgwZXR6iLpnEKuDNVg=,wtxQKDjnBB/sggiMN6CL1yTO2+A=
23,38,6Cm3qtdmnRgwZXR6iLpnEKuDNVg=,FUf7f2lIgOSaDftcfao0LczLJd0=
23,37,6Cm3qtdmnRgwZXR6iLpnEKuDNVg=,FUf7f2lIgOSaDftcfao0LczLJd0=
21,37,6Cm3qtdmnRgwZXR6iLpnEKuDNVg=,FUf7f2lIgOSaDftcfao0LczLJd0=
28,39,6Cm3qtdmnRgwZXR6iLpnEKuDNVg=,wtxQKDjnBB/sggiMN6CL1yTO2+A=
27,39,6Cm3qtdmnRgwZXR6iLpnEKuDNVg=,wtxQKDjnBB/sggiMN6CL1yTO2+A=
26,39,6Cm3qtdmnRgwZXR6iLpnEKuDNVg=,wtxQKDjnBB/sggiMN6CL1yTO2+A=
25,39,6Cm3qtdmnRgwZXR6iLpnEKuDNVg=,wtxQKDjnBB/sggiMN6CL1yTO2+A=
22,38,6Cm3qtdmnRgwZXR6iLpnEKuDNVg=,FUf7f2lIgOSaDftcfao0LczLJd0=
22,37,6Cm3qtdmnRgwZXR6iLpnEKuDNVg=,FUf7f2lIgOSaDftcfao0LczLJd0=
31,32,Ibj87W0PryQ2KqwFO4uMvxPI+ME=,QFZkwLq8xpwj1ooeUdCuJxIOg/k=
28,37,Ibj87W0PryQ2KqwFO4uMvxPI+ME=,wtxQKDjnBB/sggiMN6CL1yTO2+A=
27,37,Ibj87W0PryQ2KqwFO4uMvxPI+ME=,wtxQKDjnBB/sggiMN6CL1yTO2+A=
28,38,Ibj87W0PryQ2KqwFO4uMvxPI+ME=,wtxQKDjnBB/sggiMN6CL1yTO2+A=
27,38,Ibj87W0PryQ2KqwFO4uMvxPI+ME=,wtxQKDjnBB/sggiMN6CL1yTO2+A=
26,37,Ibj87W0PryQ2KqwFO4uMvxPI+ME=,wtxQKDjnBB/sggiMN6CL1yTO2+A=
25,38,Ibj87W0PryQ2KqwFO4uMvxPI+ME=,wtxQKDjnBB/sggiMN6CL1yTO2+A=
25,37,Ibj87W0PryQ2KqwFO4uMvxPI+ME=,wtxQKDjnBB/sggiMN6CL1yTO2+A=
26,38,Ibj87W0PryQ2KqwFO4uMvxPI+ME=,wtxQKDjnBB/sggiMN6CL1yTO2+A=
16,32,Ibj87W0PryQ2KqwFO4uMvxPI+ME=,QFZkwLq8xpwj1ooeUdCuJxIOg/k=
