18,-2,pRjrLSsB2JsQREL9QlVZoJ9YU1Y=,AJ9QFusMZg7g1QDyQlBf/19vXCQ=
17,-2,pRjrLSsB2JsQREL9QlVZoJ9YU1Y=,XuP1pp1GxrRVB2jmzjtdMN8nm4k=
18,-3,pRjrLSsB2JsQREL9QlVZoJ9YU1Y=,Liequ3bnf+Isckp0rOkrqf1fj1k=
17,-3,/+mpMUeyZFx0aTfrzuzRMEMmz7U=,5VNUcjwofQyKCPIXbF/egBH7gQ4=
18,-5,/+mpMUeyZFx0aTfrzuzRMEMmz7U=,6oaEkNYHwONmvqBYfZJj/JeiK5A=
17,-4,/+mpMUeyZFx0aTfrzuzRMEMmz7U=,5VNUcjwofQyKCPIXbF/egBH7gQ4=
18,-4,/+mpMUeyZFx0aTfrzuzRMEMmz7U=,Liequ3bnf+Isckp0rOkrqf1fj1k=
17,-5,/+mpMUeyZFx0aTfrzuzRMEMmz7U=,pO/LlFZ0F/FIL44gQpxeKeKuebo=
20,-4,pQnxlqU+BQ1PY/XdlFX73YcnULc=,e6pVB4nnTe5UzC74a1zYQOT05hQ=
19,-4,pQnxlqU+BQ1PY/XdlFX73YcnULc=,Liequ3bnf+Isckp0rOkrqf1fj1k=
20,-5,pQnxlqU+BQ1PY/XdlFX73YcnULc=,6oaEkNYHwONmvqBYfZJj/JeiK5A=
19,-5,pQnxlqU+BQ1PY/XdlFX73YcnULc=,6oaEkNYHwONmvqBYfZJj/JeiK5A=
20,-6,NZkxyC737A51ak4JuN69e//VZfI=,6oaEkNYHwONmvqBYfZJj/JeiK5A=
19,-6,NZkxyC737A51ak4JuN69e//VZfI=,6oaEkNYHwONmvqBYfZJj/JeiK5A=
19,-7,NZkxyC737A51ak4JuN69e//VZfI=,/GhLSlcnxjlMO3Tt3iW7rnf776E=
20,-7,NZkxyC737A51ak4JuN69e//VZfI=,DMEFad8m7juCYWzmRgZE4qlNtsE=
19,-8,Qk02UGRFSRdpXgAAAhNwDeW0qWM=,/GhLSlcnxjlMO3Tt3iW7rnf776E=
20,-8,Qk02UGRFSRdpXgAAAhNwDeW0qWM=,DMEFad8m7juCYWzmRgZE4qlNtsE=
20,-9,Qk02UGRFSRdpXgAAAhNwDeW0qWM=,+Na4nseCgExnTocE1HZIZTSkzYU=
19,-9,Qk02UGRFSRdpXgAAAhNwDeW0qWM=,3zU3T3UOL/lpHDN+F3gJ/glH0IA=
20,-10,yI1FUXamE79kwLTKPhLxUmfaeHc=,+Na4nseCgExnTocE1HZIZTSkzYU=
19,-10,yI1FUXamE79kwLTKPhLxUmfaeHc=,3zU3T3UOL/lpHDN+F3gJ/glH0IA=
19,-11,4G0JrWxvKK1VorzjIJLIqhfdc0U=,ZFiXW/8yU8+hZuBdtISgDyyvcyU=
20,-11,4G0JrWxvKK1VorzjIJLIqhfdc0U=,bNQ6yUp9JnslKKYwuQN2XIN2vCs=
19,-13,4G0JrWxvKK1VorzjIJLIqhfdc0U=,WBYsrgZ24HgDF2GHub4d+SvrBwM=
20,-13,4G0JrWxvKK1VorzjIJLIqhfdc0U=,WBYsrgZ24HgDF2GHub4d+SvrBwM=
20,-12,4G0JrWxvKK1VorzjIJLIqhfdc0U=,bNQ6yUp9JnslKKYwuQN2XIN2vCs=
19,-12,vZD29iea06Cj6mp/rJHmQM4+QRU=,ZFiXW/8yU8+hZuBdtISgDyyvcyU=
20,-14,vZD29iea06Cj6mp/rJHmQM4+QRU=,WBYsrgZ24HgDF2GHub4d+SvrBwM=
20,-15,vZD29iea06Cj6mp/rJHmQM4+QRU=,n01ur2YTD++iKXWt0AC6RFkOkXY=
19,-15,vZD29iea06Cj6mp/rJHmQM4+QRU=,n01ur2YTD++iKXWt0AC6RFkOkXY=
19,-14,vZD29iea06Cj6mp/rJHmQM4+QRU=,WBYsrgZ24HgDF2GHub4d+SvrBwM=
17,-14,ocaobmhcepvxJf4rj+6MmjZUMmE=,hGaaczKIq1qg41Dfs0xH0nn3qkw=
17,-15,ocaobmhcepvxJf4rj+6MmjZUMmE=,9XKPkJpjD23nfADN+604couUHnU=
18,-14,ocaobmhcepvxJf4rj+6MmjZUMmE=,WBYsrgZ24HgDF2GHub4d+SvrBwM=
18,-15,ocaobmhcepvxJf4rj+6MmjZUMmE=,n01ur2YTD++iKXWt0AC6RFkOkXY=
17,-12,ocaobmhcepvxJf4rj+6MmjZUMmE=,hGaaczKIq1qg41Dfs0xH0nn3qkw=
17,-11,wEdNW97ocamhDsAE83sCFRMKydU=,hGaaczKIq1qg41Dfs0xH0nn3qkw=
17,-13,wEdNW97ocamhDsAE83sCFRMKydU=,hGaaczKIq1qg41Dfs0xH0nn3qkw=
17,-10,wEdNW97ocamhDsAE83sCFRMKydU=,ZFiXW/8yU8+hZuBdtISgDyyvcyU=
18,-10,wEdNW97ocamhDsAE83sCFRMKydU=,3zU3T3UOL/lpHDN+F3gJ/glH0IA=
18,-12,wEdNW97ocamhDsAE83sCFRMKydU=,ZFiXW/8yU8+hZuBdtISgDyyvcyU=
18,-11,wEdNW97ocamhDsAE83sCFRMKydU=,ZFiXW/8yU8+hZuBdtISgDyyvcyU=
18,-13,wEdNW97ocamhDsAE83sCFRMKydU=,WBYsrgZ24HgDF2GHub4d+SvrBwM=
22,-14,1oZPHmfHYP0itWVDC+mFvLJpcPw=,HAytLZws44woIanSe0wuLyb+Ydk=
22,-15,1oZPHmfHYP0itWVDC+mFvLJpcPw=,UTHe2aaltzBo7VsVEPODg7dDpho=
21,-15,1oZPHmfHYP0itWVDC+mFvLJpcPw=,n01ur2YTD++iKXWt0AC6RFkOkXY=
21,-14,1oZPHmfHYP0itWVDC+mFvLJpcPw=,WBYsrgZ24HgDF2GHub4d+SvrBwM=
22,-13,xcDZ6l5/CY1nHcS40C2ltSevcLc=,HAytLZws44woIanSe0wuLyb+Ydk=
21,-13,xcDZ6l5/CY1nHcS40C2ltSevcLc=,WBYsrgZ24HgDF2GHub4d+SvrBwM=
22,-12,f9IYoew4CpbSu8oiJpljOyFtc08=,WeMV4EPsdytqGSYuHkGlFrxG/B8=
22,-10,f9IYoew4CpbSu8oiJpljOyFtc08=,HyBn/93DHJ1TEHHWGEzYVYCBTWM=
22,-11,f9IYoew4CpbSu8oiJpljOyFtc08=,WeMV4EPsdytqGSYuHkGlFrxG/B8=
21,-11,f9IYoew4CpbSu8oiJpljOyFtc08=,bNQ6yUp9JnslKKYwuQN2XIN2vCs=
21,-12,f9IYoew4CpbSu8oiJpljOyFtc08=,bNQ6yUp9JnslKKYwuQN2XIN2vCs=
22,-8,f9IYoew4CpbSu8oiJpljOyFtc08=,+z61rJZbN1WvUtdcfxOjB3FrF7w=
21,-8,f9IYoew4CpbSu8oiJpljOyFtc08=,DMEFad8m7juCYWzmRgZE4qlNtsE=
21,-9,f9IYoew4CpbSu8oiJpljOyFtc08=,+Na4nseCgExnTocE1HZIZTSkzYU=
21,-10,f9IYoew4CpbSu8oiJpljOyFtc08=,+Na4nseCgExnTocE1HZIZTSkzYU=
22,-9,f9IYoew4CpbSu8oiJpljOyFtc08=,HyBn/93DHJ1TEHHWGEzYVYCBTWM=
24,-8,QLfaUX1GD2pk3826rKMIEL1xTlA=,edWZ2hAYpZ3YQ+UlC2/Mu2Jj0Fo=
24,-9,QLfaUX1GD2pk3826rKMIEL1xTlA=,EsuZYdkHYY7qXQ5bWq4aIAX5fbA=
21,-7,QLfaUX1GD2pk3826rKMIEL1xTlA=,DMEFad8m7juCYWzmRgZE4qlNtsE=
21,-6,QLfaUX1GD2pk3826rKMIEL1xTlA=,6oaEkNYHwONmvqBYfZJj/JeiK5A=
22,-7,0juEq6xG9DwOYsVmbuKo7yrzB3c=,+z61rJZbN1WvUtdcfxOjB3FrF7w=
23,-9,0juEq6xG9DwOYsVmbuKo7yrzB3c=,HyBn/93DHJ1TEHHWGEzYVYCBTWM=
23,-8,0juEq6xG9DwOYsVmbuKo7yrzB3c=,+z61rJZbN1WvUtdcfxOjB3FrF7w=
23,-6,0juEq6xG9DwOYsVmbuKo7yrzB3c=,cuQOSLjSXxeB/xKohDWFasTARzQ=
22,-6,0juEq6xG9DwOYsVmbuKo7yrzB3c=,cuQOSLjSXxeB/xKohDWFasTARzQ=
23,-7,0juEq6xG9DwOYsVmbuKo7yrzB3c=,+z61rJZbN1WvUtdcfxOjB3FrF7w=
24,-7,0juEq6xG9DwOYsVmbuKo7yrzB3c=,edWZ2hAYpZ3YQ+UlC2/Mu2Jj0Fo=
24,-6,0juEq6xG9DwOYsVmbuKo7yrzB3c=,V1d3xgJ43gq6H69o0ftWQZRBGHg=
21,-4,CsSdzmrxiyt7r3ZXkg1M15O+uWU=,e6pVB4nnTe5UzC74a1zYQOT05hQ=
21,-5,2XRgz8tshuV7/JFjsBSmfIch5lw=,6oaEkNYHwONmvqBYfZJj/JeiK5A=
26,-7,2XRgz8tshuV7/JFjsBSmfIch5lw=,RA0TuMzwKijzUof/+rhETmGGgnA=
22,-4,2XRgz8tshuV7/JFjsBSmfIch5lw=,mXCiAAxg9FpSWnAwdC8+corpbwY=
23,-4,2XRgz8tshuV7/JFjsBSmfIch5lw=,mXCiAAxg9FpSWnAwdC8+corpbwY=
25,-7,2XRgz8tshuV7/JFjsBSmfIch5lw=,edWZ2hAYpZ3YQ+UlC2/Mu2Jj0Fo=
25,-6,2XRgz8tshuV7/JFjsBSmfIch5lw=,V1d3xgJ43gq6H69o0ftWQZRBGHg=
24,-4,2XRgz8tshuV7/JFjsBSmfIch5lw=,mJY6bv7F9zjaoChB5/nvInI5uc0=
25,-4,2XRgz8tshuV7/JFjsBSmfIch5lw=,mJY6bv7F9zjaoChB5/nvInI5uc0=
26,-4,2XRgz8tshuV7/JFjsBSmfIch5lw=,LYcx6lqZvCMSzsklSYpVWk4qo0Y=
26,-6,2XRgz8tshuV7/JFjsBSmfIch5lw=,wCjFqUuVyTZnlgJqCqfRPWipgMQ=
22,-5,2XRgz8tshuV7/JFjsBSmfIch5lw=,cuQOSLjSXxeB/xKohDWFasTARzQ=
24,-5,GcOJ017dCX7eqtHZv11fWPo1Mtk=,V1d3xgJ43gq6H69o0ftWQZRBGHg=
23,-5,GcOJ017dCX7eqtHZv11fWPo1Mtk=,cuQOSLjSXxeB/xKohDWFasTARzQ=
24,-3,GcOJ017dCX7eqtHZv11fWPo1Mtk=,mJY6bv7F9zjaoChB5/nvInI5uc0=
26,-5,GcOJ017dCX7eqtHZv11fWPo1Mtk=,wCjFqUuVyTZnlgJqCqfRPWipgMQ=
25,-2,GcOJ017dCX7eqtHZv11fWPo1Mtk=,2rKOCRkRWS8NxFSjsoDmownJp4A=
26,-3,GcOJ017dCX7eqtHZv11fWPo1Mtk=,LYcx6lqZvCMSzsklSYpVWk4qo0Y=
25,-3,GcOJ017dCX7eqtHZv11fWPo1Mtk=,mJY6bv7F9zjaoChB5/nvInI5uc0=
24,-2,GcOJ017dCX7eqtHZv11fWPo1Mtk=,2rKOCRkRWS8NxFSjsoDmownJp4A=
26,-2,zrHNqxz+SiH+CzWk0lrfzi+zBEA=,UwS6Qx+tVH//tkdcpmFJKZTJi1I=
25,-5,zrHNqxz+SiH+CzWk0lrfzi+zBEA=,V1d3xgJ43gq6H69o0ftWQZRBGHg=
23,-3,zrHNqxz+SiH+CzWk0lrfzi+zBEA=,mXCiAAxg9FpSWnAwdC8+corpbwY=
23,-2,zrHNqxz+SiH+CzWk0lrfzi+zBEA=,mY129eHURfjhXPXpxYz1OUFNM+U=
27,-2,7YznBvKUZF3Z1NbPnKN3tZWPog4=,UwS6Qx+tVH//tkdcpmFJKZTJi1I=
28,-2,7YznBvKUZF3Z1NbPnKN3tZWPog4=,PlQgQEWCcfi+AAzj3LLvL6Z8yF0=
27,-3,7YznBvKUZF3Z1NbPnKN3tZWPog4=,LYcx6lqZvCMSzsklSYpVWk4qo0Y=
28,-3,7YznBvKUZF3Z1NbPnKN3tZWPog4=,fBB5pG1zfUXCDZyPAD304gP2eCo=
28,-4,7YznBvKUZF3Z1NbPnKN3tZWPog4=,fBB5pG1zfUXCDZyPAD304gP2eCo=
27,-4,7YznBvKUZF3Z1NbPnKN3tZWPog4=,LYcx6lqZvCMSzsklSYpVWk4qo0Y=
27,-7,Tce+gD5tJ/MTRAkC+oztgWd+fDk=,RA0TuMzwKijzUof/+rhETmGGgnA=
28,-5,Tce+gD5tJ/MTRAkC+oztgWd+fDk=,/IqXTNwY1dfLZ4UyZaK1zDN3ylo=
28,-6,Tce+gD5tJ/MTRAkC+oztgWd+fDk=,/IqXTNwY1dfLZ4UyZaK1zDN3ylo=
27,-5,Tce+gD5tJ/MTRAkC+oztgWd+fDk=,wCjFqUuVyTZnlgJqCqfRPWipgMQ=
28,-7,Tce+gD5tJ/MTRAkC+oztgWd+fDk=,vG0Ovz8UPk+6BBZ4WDtxnK/C0ms=
27,-6,Uwf2DjKuYTv0ErLiWKfnoVT30p4=,wCjFqUuVyTZnlgJqCqfRPWipgMQ=
29,-6,Uwf2DjKuYTv0ErLiWKfnoVT30p4=,/IqXTNwY1dfLZ4UyZaK1zDN3ylo=
30,-6,Uwf2DjKuYTv0ErLiWKfnoVT30p4=,tZZAG4Gap7+BZpvvHXjfDdkFpAw=
30,-7,Uwf2DjKuYTv0ErLiWKfnoVT30p4=,tZZAG4Gap7+BZpvvHXjfDdkFpAw=
29,-7,Uwf2DjKuYTv0ErLiWKfnoVT30p4=,vG0Ovz8UPk+6BBZ4WDtxnK/C0ms=
30,-8,Uwf2DjKuYTv0ErLiWKfnoVT30p4=,tZZAG4Gap7+BZpvvHXjfDdkFpAw=
29,-8,Uwf2DjKuYTv0ErLiWKfnoVT30p4=,vG0Ovz8UPk+6BBZ4WDtxnK/C0ms=
30,-9,Uwf2DjKuYTv0ErLiWKfnoVT30p4=,tZZAG4Gap7+BZpvvHXjfDdkFpAw=
29,-9,Uwf2DjKuYTv0ErLiWKfnoVT30p4=,h33CIoC/ETM20W0swTvAv/yez/8=
27,-9,VrFRYrmBLiZU0yUpdNlJWNTcDmw=,Nm0qIcx6t+QeAeGqzKQ5wR9qMR0=
26,-9,VrFRYrmBLiZU0yUpdNlJWNTcDmw=,Nm0qIcx6t+QeAeGqzKQ5wR9qMR0=
28,-9,VrFRYrmBLiZU0yUpdNlJWNTcDmw=,h33CIoC/ETM20W0swTvAv/yez/8=
25,-9,VrFRYrmBLiZU0yUpdNlJWNTcDmw=,EsuZYdkHYY7qXQ5bWq4aIAX5fbA=
28,-8,3/KRw9GAljUsVwkirp+fspes2jo=,vG0Ovz8UPk+6BBZ4WDtxnK/C0ms=
27,-8,3/KRw9GAljUsVwkirp+fspes2jo=,RA0TuMzwKijzUof/+rhETmGGgnA=
25,-8,3/KRw9GAljUsVwkirp+fspes2jo=,edWZ2hAYpZ3YQ+UlC2/Mu2Jj0Fo=
26,-8,3/KRw9GAljUsVwkirp+fspes2jo=,RA0TuMzwKijzUof/+rhETmGGgnA=
27,-10,3/KRw9GAljUsVwkirp+fspes2jo=,Nm0qIcx6t+QeAeGqzKQ5wR9qMR0=
28,-10,3/KRw9GAljUsVwkirp+fspes2jo=,h33CIoC/ETM20W0swTvAv/yez/8=
27,-11,qUj+liDg+3khs+Egu6QA+PjYLkE=,Pf3QO+pxsydqKt4HmE7JCIY4PQ4=
28,-11,qUj+liDg+3khs+Egu6QA+PjYLkE=,83F5+Tdhg/43MNaUwiV94D+Exr8=
30,-10,qUj+liDg+3khs+Egu6QA+PjYLkE=,tZZAG4Gap7+BZpvvHXjfDdkFpAw=
29,-10,qUj+liDg+3khs+Egu6QA+PjYLkE=,h33CIoC/ETM20W0swTvAv/yez/8=
29,-11,qUj+liDg+3khs+Egu6QA+PjYLkE=,83F5+Tdhg/43MNaUwiV94D+Exr8=
30,-11,qUj+liDg+3khs+Egu6QA+PjYLkE=,tZZAG4Gap7+BZpvvHXjfDdkFpAw=
27,-12,fPzqkMUKuH7KgdGRJBP/UfWbXQM=,Pf3QO+pxsydqKt4HmE7JCIY4PQ4=
28,-12,fPzqkMUKuH7KgdGRJBP/UfWbXQM=,83F5+Tdhg/43MNaUwiV94D+Exr8=
27,-13,fPzqkMUKuH7KgdGRJBP/UfWbXQM=,fCPSyoPnCV5hmtkocnYqk9XyngE=
28,-13,fPzqkMUKuH7KgdGRJBP/UfWbXQM=,2JQNxiC1VVeAYgO4FbERs+AlLlk=
29,-12,fPzqkMUKuH7KgdGRJBP/UfWbXQM=,83F5+Tdhg/43MNaUwiV94D+Exr8=
30,-12,fPzqkMUKuH7KgdGRJBP/UfWbXQM=,tZZAG4Gap7+BZpvvHXjfDdkFpAw=
30,-13,fPzqkMUKuH7KgdGRJBP/UfWbXQM=,tZZAG4Gap7+BZpvvHXjfDdkFpAw=
29,-13,fPzqkMUKuH7KgdGRJBP/UfWbXQM=,2JQNxiC1VVeAYgO4FbERs+AlLlk=
28,-14,buW9Qld8UQl+CmQk/vLEE/kjNWw=,2JQNxiC1VVeAYgO4FbERs+AlLlk=
28,-15,buW9Qld8UQl+CmQk/vLEE/kjNWw=,l1wtDJWWci/Ru2RiHNuueAy/dV8=
27,-14,buW9Qld8UQl+CmQk/vLEE/kjNWw=,fCPSyoPnCV5hmtkocnYqk9XyngE=
27,-15,buW9Qld8UQl+CmQk/vLEE/kjNWw=,plgHE96FHRnbewMQqoCSLrNvog8=
29,-14,OnKcVxhvpJztitNOCcndtIAppw4=,2JQNxiC1VVeAYgO4FbERs+AlLlk=
30,-14,OnKcVxhvpJztitNOCcndtIAppw4=,tZZAG4Gap7+BZpvvHXjfDdkFpAw=
29,-15,OnKcVxhvpJztitNOCcndtIAppw4=,l1wtDJWWci/Ru2RiHNuueAy/dV8=
30,-15,OnKcVxhvpJztitNOCcndtIAppw4=,tZZAG4Gap7+BZpvvHXjfDdkFpAw=
23,-14,OnKcVxhvpJztitNOCcndtIAppw4=,HAytLZws44woIanSe0wuLyb+Ydk=
26,-14,OnKcVxhvpJztitNOCcndtIAppw4=,fCPSyoPnCV5hmtkocnYqk9XyngE=
24,-14,OnKcVxhvpJztitNOCcndtIAppw4=,/Yuo1nNJ0DeMk5hBBThKB07hT+o=
26,-15,OnKcVxhvpJztitNOCcndtIAppw4=,plgHE96FHRnbewMQqoCSLrNvog8=
25,-14,OnKcVxhvpJztitNOCcndtIAppw4=,/Yuo1nNJ0DeMk5hBBThKB07hT+o=
23,-15,6pdvtiCuMzyIoE5w0WcgB5eXUtA=,UTHe2aaltzBo7VsVEPODg7dDpho=
24,-15,6pdvtiCuMzyIoE5w0WcgB5eXUtA=,vAM0SVfcq/iDm63s3bC2pTBP9ts=
25,-15,6pdvtiCuMzyIoE5w0WcgB5eXUtA=,vAM0SVfcq/iDm63s3bC2pTBP9ts=
26,-10,6pdvtiCuMzyIoE5w0WcgB5eXUtA=,Nm0qIcx6t+QeAeGqzKQ5wR9qMR0=
25,-13,6pdvtiCuMzyIoE5w0WcgB5eXUtA=,/Yuo1nNJ0DeMk5hBBThKB07hT+o=
24,-13,6pdvtiCuMzyIoE5w0WcgB5eXUtA=,/Yuo1nNJ0DeMk5hBBThKB07hT+o=
25,-10,6pdvtiCuMzyIoE5w0WcgB5eXUtA=,EsuZYdkHYY7qXQ5bWq4aIAX5fbA=
24,-10,6pdvtiCuMzyIoE5w0WcgB5eXUtA=,EsuZYdkHYY7qXQ5bWq4aIAX5fbA=
23,-13,6pdvtiCuMzyIoE5w0WcgB5eXUtA=,HAytLZws44woIanSe0wuLyb+Ydk=
26,-11,6pdvtiCuMzyIoE5w0WcgB5eXUtA=,Pf3QO+pxsydqKt4HmE7JCIY4PQ4=
26,-12,6pdvtiCuMzyIoE5w0WcgB5eXUtA=,Pf3QO+pxsydqKt4HmE7JCIY4PQ4=
25,-11,6pdvtiCuMzyIoE5w0WcgB5eXUtA=,/Yuo1nNJ0DeMk5hBBThKB07hT+o=
24,-11,6pdvtiCuMzyIoE5w0WcgB5eXUtA=,/Yuo1nNJ0DeMk5hBBThKB07hT+o=
25,-12,6pdvtiCuMzyIoE5w0WcgB5eXUtA=,/Yuo1nNJ0DeMk5hBBThKB07hT+o=
24,-12,6pdvtiCuMzyIoE5w0WcgB5eXUtA=,/Yuo1nNJ0DeMk5hBBThKB07hT+o=
23,-12,6pdvtiCuMzyIoE5w0WcgB5eXUtA=,WeMV4EPsdytqGSYuHkGlFrxG/B8=
23,-11,6pdvtiCuMzyIoE5w0WcgB5eXUtA=,WeMV4EPsdytqGSYuHkGlFrxG/B8=
26,-13,6pdvtiCuMzyIoE5w0WcgB5eXUtA=,fCPSyoPnCV5hmtkocnYqk9XyngE=
25,-16,6pdvtiCuMzyIoE5w0WcgB5eXUtA=,vAM0SVfcq/iDm63s3bC2pTBP9ts=
26,-16,IH5U2pELBwl2O3L/8HNa7mxAd7g=,plgHE96FHRnbewMQqoCSLrNvog8=
28,-16,IH5U2pELBwl2O3L/8HNa7mxAd7g=,l1wtDJWWci/Ru2RiHNuueAy/dV8=
27,-16,IH5U2pELBwl2O3L/8HNa7mxAd7g=,plgHE96FHRnbewMQqoCSLrNvog8=
23,-10,IH5U2pELBwl2O3L/8HNa7mxAd7g=,HyBn/93DHJ1TEHHWGEzYVYCBTWM=
30,-16,IH5U2pELBwl2O3L/8HNa7mxAd7g=,tZZAG4Gap7+BZpvvHXjfDdkFpAw=
29,-16,IH5U2pELBwl2O3L/8HNa7mxAd7g=,l1wtDJWWci/Ru2RiHNuueAy/dV8=
31,-12,U1kIdQp/k3ASuy/WlajOF7NqIPE=,tZZAG4Gap7+BZpvvHXjfDdkFpAw=
31,-13,U1kIdQp/k3ASuy/WlajOF7NqIPE=,tZZAG4Gap7+BZpvvHXjfDdkFpAw=
31,-14,U1kIdQp/k3ASuy/WlajOF7NqIPE=,tZZAG4Gap7+BZpvvHXjfDdkFpAw=
31,-9,U1kIdQp/k3ASuy/WlajOF7NqIPE=,tZZAG4Gap7+BZpvvHXjfDdkFpAw=
31,-8,U1kIdQp/k3ASuy/WlajOF7NqIPE=,tZZAG4Gap7+BZpvvHXjfDdkFpAw=
31,-6,U1kIdQp/k3ASuy/WlajOF7NqIPE=,tZZAG4Gap7+BZpvvHXjfDdkFpAw=
31,-10,U1kIdQp/k3ASuy/WlajOF7NqIPE=,tZZAG4Gap7+BZpvvHXjfDdkFpAw=
31,-7,U1kIdQp/k3ASuy/WlajOF7NqIPE=,tZZAG4Gap7+BZpvvHXjfDdkFpAw=
31,-11,U1kIdQp/k3ASuy/WlajOF7NqIPE=,tZZAG4Gap7+BZpvvHXjfDdkFpAw=
31,-15,U1kIdQp/k3ASuy/WlajOF7NqIPE=,tZZAG4Gap7+BZpvvHXjfDdkFpAw=
30,-5,PV+7tOZJcQm8wmLprT0lTQfNPHI=,tZZAG4Gap7+BZpvvHXjfDdkFpAw=
29,-5,PV+7tOZJcQm8wmLprT0lTQfNPHI=,/IqXTNwY1dfLZ4UyZaK1zDN3ylo=
30,-4,PV+7tOZJcQm8wmLprT0lTQfNPHI=,tZZAG4Gap7+BZpvvHXjfDdkFpAw=
29,-4,PV+7tOZJcQm8wmLprT0lTQfNPHI=,fBB5pG1zfUXCDZyPAD304gP2eCo=
30,-3,acOrOIsQJ2ZhcgcQyrjayMARaxA=,tZZAG4Gap7+BZpvvHXjfDdkFpAw=
29,-2,acOrOIsQJ2ZhcgcQyrjayMARaxA=,PlQgQEWCcfi+AAzj3LLvL6Z8yF0=
29,-3,acOrOIsQJ2ZhcgcQyrjayMARaxA=,fBB5pG1zfUXCDZyPAD304gP2eCo=
30,-2,acOrOIsQJ2ZhcgcQyrjayMARaxA=,tZZAG4Gap7+BZpvvHXjfDdkFpAw=
29,-1,acOrOIsQJ2ZhcgcQyrjayMARaxA=,PlQgQEWCcfi+AAzj3LLvL6Z8yF0=
30,-1,acOrOIsQJ2ZhcgcQyrjayMARaxA=,tZZAG4Gap7+BZpvvHXjfDdkFpAw=
31,-5,acOrOIsQJ2ZhcgcQyrjayMARaxA=,tZZAG4Gap7+BZpvvHXjfDdkFpAw=
28,-1,acOrOIsQJ2ZhcgcQyrjayMARaxA=,PlQgQEWCcfi+AAzj3LLvL6Z8yF0=
27,-1,acOrOIsQJ2ZhcgcQyrjayMARaxA=,UwS6Qx+tVH//tkdcpmFJKZTJi1I=
31,-4,acOrOIsQJ2ZhcgcQyrjayMARaxA=,tZZAG4Gap7+BZpvvHXjfDdkFpAw=
25,-1,acOrOIsQJ2ZhcgcQyrjayMARaxA=,2rKOCRkRWS8NxFSjsoDmownJp4A=
26,-1,acOrOIsQJ2ZhcgcQyrjayMARaxA=,UwS6Qx+tVH//tkdcpmFJKZTJi1I=
24,-1,acOrOIsQJ2ZhcgcQyrjayMARaxA=,2rKOCRkRWS8NxFSjsoDmownJp4A=
23,-1,iYf/PBEOe1XnaEJNrCN/jkZjCI0=,mY129eHURfjhXPXpxYz1OUFNM+U=
31,-3,iYf/PBEOe1XnaEJNrCN/jkZjCI0=,tZZAG4Gap7+BZpvvHXjfDdkFpAw=
31,-2,iYf/PBEOe1XnaEJNrCN/jkZjCI0=,tZZAG4Gap7+BZpvvHXjfDdkFpAw=
17,-1,1v7Pzj1tvq9pWT0gsUpFsiweI0U=,XuP1pp1GxrRVB2jmzjtdMN8nm4k=
22,-3,1v7Pzj1tvq9pWT0gsUpFsiweI0U=,mXCiAAxg9FpSWnAwdC8+corpbwY=
21,-1,1v7Pzj1tvq9pWT0gsUpFsiweI0U=,wr7PQ5iQlw7JH1uWQbt5LD5rHjU=
22,-1,1v7Pzj1tvq9pWT0gsUpFsiweI0U=,mY129eHURfjhXPXpxYz1OUFNM+U=
20,-3,1v7Pzj1tvq9pWT0gsUpFsiweI0U=,e6pVB4nnTe5UzC74a1zYQOT05hQ=
21,-2,1v7Pzj1tvq9pWT0gsUpFsiweI0U=,wr7PQ5iQlw7JH1uWQbt5LD5rHjU=
21,-3,1v7Pzj1tvq9pWT0gsUpFsiweI0U=,e6pVB4nnTe5UzC74a1zYQOT05hQ=
20,-2,1v7Pzj1tvq9pWT0gsUpFsiweI0U=,wr7PQ5iQlw7JH1uWQbt5LD5rHjU=
19,-3,1v7Pzj1tvq9pWT0gsUpFsiweI0U=,Liequ3bnf+Isckp0rOkrqf1fj1k=
18,-1,1v7Pzj1tvq9pWT0gsUpFsiweI0U=,AJ9QFusMZg7g1QDyQlBf/19vXCQ=
19,-2,1v7Pzj1tvq9pWT0gsUpFsiweI0U=,AJ9QFusMZg7g1QDyQlBf/19vXCQ=
22,-2,1v7Pzj1tvq9pWT0gsUpFsiweI0U=,mY129eHURfjhXPXpxYz1OUFNM+U=
20,-1,1v7Pzj1tvq9pWT0gsUpFsiweI0U=,wr7PQ5iQlw7JH1uWQbt5LD5rHjU=
19,-1,1v7Pzj1tvq9pWT0gsUpFsiweI0U=,AJ9QFusMZg7g1QDyQlBf/19vXCQ=
16,-3,1v7Pzj1tvq9pWT0gsUpFsiweI0U=,5VNUcjwofQyKCPIXbF/egBH7gQ4=
16,-2,qFbEWYuxja+Pefsk8t0BmORyfeU=,XuP1pp1GxrRVB2jmzjtdMN8nm4k=
16,-10,qFbEWYuxja+Pefsk8t0BmORyfeU=,ZFiXW/8yU8+hZuBdtISgDyyvcyU=
16,-5,qFbEWYuxja+Pefsk8t0BmORyfeU=,pO/LlFZ0F/FIL44gQpxeKeKuebo=
16,-11,qFbEWYuxja+Pefsk8t0BmORyfeU=,hGaaczKIq1qg41Dfs0xH0nn3qkw=
16,-4,qFbEWYuxja+Pefsk8t0BmORyfeU=,5VNUcjwofQyKCPIXbF/egBH7gQ4=
17,-6,qFbEWYuxja+Pefsk8t0BmORyfeU=,pO/LlFZ0F/FIL44gQpxeKeKuebo=
16,-6,qFbEWYuxja+Pefsk8t0BmORyfeU=,pO/LlFZ0F/FIL44gQpxeKeKuebo=
18,-6,qFbEWYuxja+Pefsk8t0BmORyfeU=,6oaEkNYHwONmvqBYfZJj/JeiK5A=
16,-12,qFbEWYuxja+Pefsk8t0BmORyfeU=,hGaaczKIq1qg41Dfs0xH0nn3qkw=
16,-13,qFbEWYuxja+Pefsk8t0BmORyfeU=,hGaaczKIq1qg41Dfs0xH0nn3qkw=
16,-14,7KzoUpASL2c8f7oZxYQbj8KKZrc=,hGaaczKIq1qg41Dfs0xH0nn3qkw=
16,-15,7KzoUpASL2c8f7oZxYQbj8KKZrc=,9XKPkJpjD23nfADN+604couUHnU=
18,-8,7KzoUpASL2c8f7oZxYQbj8KKZrc=,/GhLSlcnxjlMO3Tt3iW7rnf776E=
17,-9,7KzoUpASL2c8f7oZxYQbj8KKZrc=,ZFiXW/8yU8+hZuBdtISgDyyvcyU=
16,-8,7KzoUpASL2c8f7oZxYQbj8KKZrc=,LfotjtXhgJqMZZjnc4YIpKI+Rx4=
16,-7,7KzoUpASL2c8f7oZxYQbj8KKZrc=,LfotjtXhgJqMZZjnc4YIpKI+Rx4=
17,-7,7KzoUpASL2c8f7oZxYQbj8KKZrc=,LfotjtXhgJqMZZjnc4YIpKI+Rx4=
18,-7,7KzoUpASL2c8f7oZxYQbj8KKZrc=,/GhLSlcnxjlMO3Tt3iW7rnf776E=
18,-9,7KzoUpASL2c8f7oZxYQbj8KKZrc=,3zU3T3UOL/lpHDN+F3gJ/glH0IA=
17,-8,7KzoUpASL2c8f7oZxYQbj8KKZrc=,LfotjtXhgJqMZZjnc4YIpKI+Rx4=
16,-9,7KzoUpASL2c8f7oZxYQbj8KKZrc=,ZFiXW/8yU8+hZuBdtISgDyyvcyU=
17,-16,7KzoUpASL2c8f7oZxYQbj8KKZrc=,9XKPkJpjD23nfADN+604couUHnU=
16,-16,lU1bzpO6dP4WE3OS7Ky++ebR5+Q=,9XKPkJpjD23nfADN+604couUHnU=
31,-1,lU1bzpO6dP4WE3OS7Ky++ebR5+Q=,tZZAG4Gap7+BZpvvHXjfDdkFpAw=
23,-16,lU1bzpO6dP4WE3OS7Ky++ebR5+Q=,UTHe2aaltzBo7VsVEPODg7dDpho=
18,-16,lU1bzpO6dP4WE3OS7Ky++ebR5+Q=,n01ur2YTD++iKXWt0AC6RFkOkXY=
24,-16,lU1bzpO6dP4WE3OS7Ky++ebR5+Q=,vAM0SVfcq/iDm63s3bC2pTBP9ts=
20,-16,lU1bzpO6dP4WE3OS7Ky++ebR5+Q=,n01ur2YTD++iKXWt0AC6RFkOkXY=
19,-16,lU1bzpO6dP4WE3OS7Ky++ebR5+Q=,n01ur2YTD++iKXWt0AC6RFkOkXY=
22,-16,lU1bzpO6dP4WE3OS7Ky++ebR5+Q=,UTHe2aaltzBo7VsVEPODg7dDpho=
16,-1,lU1bzpO6dP4WE3OS7Ky++ebR5+Q=,XuP1pp1GxrRVB2jmzjtdMN8nm4k=
21,-16,lU1bzpO6dP4WE3OS7Ky++ebR5+Q=,n01ur2YTD++iKXWt0AC6RFkOkXY=
31,-16,lU1bzpO6dP4WE3OS7Ky++ebR5+Q=,tZZAG4Gap7+BZpvvHXjfDdkFpAw=
17,-19,URlj8/iAqLYKUftnncxxXJ0clWw=,FQ7EadaWhWNTEvZRWdc6ldqQ1CQ=
17,-18,URlj8/iAqLYKUftnncxxXJ0clWw=,9XKPkJpjD23nfADN+604couUHnU=
18,-18,URlj8/iAqLYKUftnncxxXJ0clWw=,+T0pbLyPiMLC600L10s+HQkOwVQ=
18,-19,URlj8/iAqLYKUftnncxxXJ0clWw=,FQ7EadaWhWNTEvZRWdc6ldqQ1CQ=
17,-20,n5mIU3hC0tMXVqrPgnhv07TPaYk=,FQ7EadaWhWNTEvZRWdc6ldqQ1CQ=
17,-21,n5mIU3hC0tMXVqrPgnhv07TPaYk=,VagvWbSSSvE/jCMhHWRkbEzztVQ=
18,-21,n5mIU3hC0tMXVqrPgnhv07TPaYk=,8M6C8bQF+loZi2enVSUzY7JVcWY=
18,-20,n5mIU3hC0tMXVqrPgnhv07TPaYk=,FQ7EadaWhWNTEvZRWdc6ldqQ1CQ=
19,-21,n5mIU3hC0tMXVqrPgnhv07TPaYk=,8M6C8bQF+loZi2enVSUzY7JVcWY=
19,-20,n5mIU3hC0tMXVqrPgnhv07TPaYk=,FQ7EadaWhWNTEvZRWdc6ldqQ1CQ=
20,-20,n5mIU3hC0tMXVqrPgnhv07TPaYk=,BneT2srKyeFJ4RSKIAIWE/Z2oTQ=
20,-21,n5mIU3hC0tMXVqrPgnhv07TPaYk=,dwpQgN//XUHvV7+UBukrq2RGg3g=
19,-22,k9kUb2v28Lvg0CDyGwBkjB/lVAA=,8M6C8bQF+loZi2enVSUzY7JVcWY=
20,-22,k9kUb2v28Lvg0CDyGwBkjB/lVAA=,dwpQgN//XUHvV7+UBukrq2RGg3g=
17,-22,k9kUb2v28Lvg0CDyGwBkjB/lVAA=,VagvWbSSSvE/jCMhHWRkbEzztVQ=
18,-22,k9kUb2v28Lvg0CDyGwBkjB/lVAA=,8M6C8bQF+loZi2enVSUzY7JVcWY=
20,-23,k9kUb2v28Lvg0CDyGwBkjB/lVAA=,mQmqFOvtklHWxNHRdADMzecZDQ4=
17,-23,k9kUb2v28Lvg0CDyGwBkjB/lVAA=,k0wwDYST3uWlx3Dm+7xZCGlNZuY=
18,-23,k9kUb2v28Lvg0CDyGwBkjB/lVAA=,3uZf1hssPPmsQdaddU7FacqGd5E=
19,-23,k9kUb2v28Lvg0CDyGwBkjB/lVAA=,3uZf1hssPPmsQdaddU7FacqGd5E=
19,-25,ODtSkOiElZ67+GGgn4P2WQL+jDI=,Ewg76r1H0X7VRfwdJJC4GyXdoXA=
19,-24,7s7x3oG1I6/4bYUDemfVYaCknDc=,3uZf1hssPPmsQdaddU7FacqGd5E=
18,-25,7s7x3oG1I6/4bYUDemfVYaCknDc=,Ewg76r1H0X7VRfwdJJC4GyXdoXA=
20,-25,7s7x3oG1I6/4bYUDemfVYaCknDc=,ZRhxS6jxnzXW0bNXUkxPNalrBuI=
17,-25,7s7x3oG1I6/4bYUDemfVYaCknDc=,FT4710pJe0xg79PQUJqyM0EvclA=
20,-24,7s7x3oG1I6/4bYUDemfVYaCknDc=,mQmqFOvtklHWxNHRdADMzecZDQ4=
17,-24,7s7x3oG1I6/4bYUDemfVYaCknDc=,k0wwDYST3uWlx3Dm+7xZCGlNZuY=
18,-24,7s7x3oG1I6/4bYUDemfVYaCknDc=,3uZf1hssPPmsQdaddU7FacqGd5E=
19,-26,7s7x3oG1I6/4bYUDemfVYaCknDc=,Ewg76r1H0X7VRfwdJJC4GyXdoXA=
20,-27,7s7x3oG1I6/4bYUDemfVYaCknDc=,+a8tZf2vPNZV/uLy3xUno4MJg60=
19,-27,PfAaKY/6F7hFgL9KamNnL3z0tGE=,+a8tZf2vPNZV/uLy3xUno4MJg60=
20,-26,PfAaKY/6F7hFgL9KamNnL3z0tGE=,ZRhxS6jxnzXW0bNXUkxPNalrBuI=
18,-26,I3XoCfr0jjhpSOCrb6gcOixVgy4=,Ewg76r1H0X7VRfwdJJC4GyXdoXA=
17,-26,I3XoCfr0jjhpSOCrb6gcOixVgy4=,FT4710pJe0xg79PQUJqyM0EvclA=
17,-27,I3XoCfr0jjhpSOCrb6gcOixVgy4=,Z4+4APyM5gKa/JhPejoEpk/+VAw=
18,-27,I3XoCfr0jjhpSOCrb6gcOixVgy4=,+a8tZf2vPNZV/uLy3xUno4MJg60=
20,-28,I3XoCfr0jjhpSOCrb6gcOixVgy4=,+a8tZf2vPNZV/uLy3xUno4MJg60=
19,-28,I3XoCfr0jjhpSOCrb6gcOixVgy4=,+a8tZf2vPNZV/uLy3xUno4MJg60=
19,-29,I3XoCfr0jjhpSOCrb6gcOixVgy4=,tZZAG4Gap7+BZpvvHXjfDdkFpAw=
20,-29,I3XoCfr0jjhpSOCrb6gcOixVgy4=,tZZAG4Gap7+BZpvvHXjfDdkFpAw=
17,-29,I3XoCfr0jjhpSOCrb6gcOixVgy4=,tZZAG4Gap7+BZpvvHXjfDdkFpAw=
18,-28,zVWthq8AEUmqWahfPljMYtBLAN8=,+a8tZf2vPNZV/uLy3xUno4MJg60=
18,-29,zVWthq8AEUmqWahfPljMYtBLAN8=,tZZAG4Gap7+BZpvvHXjfDdkFpAw=
17,-28,zVWthq8AEUmqWahfPljMYtBLAN8=,Z4+4APyM5gKa/JhPejoEpk/+VAw=
22,-31,0iwjQxSe73w+ybqoMC4hmwYRk94=,lHfYhTI3MH3soiAGEECi4vc9WA0=
22,-30,0iwjQxSe73w+ybqoMC4hmwYRk94=,tZZAG4Gap7+BZpvvHXjfDdkFpAw=
21,-31,0iwjQxSe73w+ybqoMC4hmwYRk94=,lHfYhTI3MH3soiAGEECi4vc9WA0=
21,-30,MKo4io5KWv8KvqhE0Jt9uCGweOc=,tZZAG4Gap7+BZpvvHXjfDdkFpAw=
19,-31,MKo4io5KWv8KvqhE0Jt9uCGweOc=,lHfYhTI3MH3soiAGEECi4vc9WA0=
19,-30,MKo4io5KWv8KvqhE0Jt9uCGweOc=,tZZAG4Gap7+BZpvvHXjfDdkFpAw=
20,-31,MKo4io5KWv8KvqhE0Jt9uCGweOc=,lHfYhTI3MH3soiAGEECi4vc9WA0=
20,-30,MKo4io5KWv8KvqhE0Jt9uCGweOc=,tZZAG4Gap7+BZpvvHXjfDdkFpAw=
23,-30,BpZcSaQdr/8M92i+AnLOXpK/6YI=,tZZAG4Gap7+BZpvvHXjfDdkFpAw=
23,-31,BpZcSaQdr/8M92i+AnLOXpK/6YI=,lHfYhTI3MH3soiAGEECi4vc9WA0=
26,-31,BpZcSaQdr/8M92i+AnLOXpK/6YI=,lHfYhTI3MH3soiAGEECi4vc9WA0=
24,-31,hthQeAgNcY9aZewwysVhSXE0G/o=,lHfYhTI3MH3soiAGEECi4vc9WA0=
25,-31,hthQeAgNcY9aZewwysVhSXE0G/o=,lHfYhTI3MH3soiAGEECi4vc9WA0=
24,-30,hthQeAgNcY9aZewwysVhSXE0G/o=,tZZAG4Gap7+BZpvvHXjfDdkFpAw=
26,-30,hthQeAgNcY9aZewwysVhSXE0G/o=,tZZAG4Gap7+BZpvvHXjfDdkFpAw=
25,-30,hthQeAgNcY9aZewwysVhSXE0G/o=,tZZAG4Gap7+BZpvvHXjfDdkFpAw=
27,-31,kBbbuCS6c8X8vQnuLg5XsDTx7Ho=,lHfYhTI3MH3soiAGEECi4vc9WA0=
28,-31,kBbbuCS6c8X8vQnuLg5XsDTx7Ho=,lHfYhTI3MH3soiAGEECi4vc9WA0=
28,-30,kBbbuCS6c8X8vQnuLg5XsDTx7Ho=,tZZAG4Gap7+BZpvvHXjfDdkFpAw=
27,-30,kBbbuCS6c8X8vQnuLg5XsDTx7Ho=,tZZAG4Gap7+BZpvvHXjfDdkFpAw=
29,-31,kBbbuCS6c8X8vQnuLg5XsDTx7Ho=,lHfYhTI3MH3soiAGEECi4vc9WA0=
30,-31,kBbbuCS6c8X8vQnuLg5XsDTx7Ho=,lHfYhTI3MH3soiAGEECi4vc9WA0=
30,-30,kBbbuCS6c8X8vQnuLg5XsDTx7Ho=,tZZAG4Gap7+BZpvvHXjfDdkFpAw=
29,-30,kBbbuCS6c8X8vQnuLg5XsDTx7Ho=,tZZAG4Gap7+BZpvvHXjfDdkFpAw=
29,-28,rhGYcs4AUsXJL6MvyeO6huqerOg=,xykLdYRYUhvoNYDdO3lacntrjI4=
30,-29,rhGYcs4AUsXJL6MvyeO6huqerOg=,tZZAG4Gap7+BZpvvHXjfDdkFpAw=
30,-28,rhGYcs4AUsXJL6MvyeO6huqerOg=,tZZAG4Gap7+BZpvvHXjfDdkFpAw=
28,-29,rhGYcs4AUsXJL6MvyeO6huqerOg=,tZZAG4Gap7+BZpvvHXjfDdkFpAw=
29,-29,rhGYcs4AUsXJL6MvyeO6huqerOg=,tZZAG4Gap7+BZpvvHXjfDdkFpAw=
27,-29,rhGYcs4AUsXJL6MvyeO6huqerOg=,tZZAG4Gap7+BZpvvHXjfDdkFpAw=
27,-28,rhGYcs4AUsXJL6MvyeO6huqerOg=,DLZCVQttpoAzvb/MHe6uFyOP5fc=
28,-28,lKb3bMSeN1ma++7e7WjWgAIYu04=,xykLdYRYUhvoNYDdO3lacntrjI4=
25,-28,lKb3bMSeN1ma++7e7WjWgAIYu04=,ZJxklrlcupct9cd9xbMZHSA+VDk=
25,-29,lKb3bMSeN1ma++7e7WjWgAIYu04=,tZZAG4Gap7+BZpvvHXjfDdkFpAw=
26,-28,+DGbLDYg2guALj3qULM3ojhnaA0=,DLZCVQttpoAzvb/MHe6uFyOP5fc=
26,-29,+DGbLDYg2guALj3qULM3ojhnaA0=,tZZAG4Gap7+BZpvvHXjfDdkFpAw=
25,-26,6CrDM4aSA3Ci83rfvknJiwwfM68=,8Px3ujhkvHwst87Yw98Su7TJBl0=
25,-27,6CrDM4aSA3Ci83rfvknJiwwfM68=,ZJxklrlcupct9cd9xbMZHSA+VDk=
26,-27,6CrDM4aSA3Ci83rfvknJiwwfM68=,DLZCVQttpoAzvb/MHe6uFyOP5fc=
26,-26,6CrDM4aSA3Ci83rfvknJiwwfM68=,IgDE+gMuxlIrz9MGOxNcBlJAjdo=
25,-24,Zu0wGQPgYcz+IaAKXt2F2y6dwCM=,TQBwjayx9a4sOy5j6p0YV1GD6YE=
25,-25,Zu0wGQPgYcz+IaAKXt2F2y6dwCM=,8Px3ujhkvHwst87Yw98Su7TJBl0=
26,-25,Zu0wGQPgYcz+IaAKXt2F2y6dwCM=,IgDE+gMuxlIrz9MGOxNcBlJAjdo=
26,-24,Zu0wGQPgYcz+IaAKXt2F2y6dwCM=,54CxvIvJXrprreNlNyb+aBSQHkU=
28,-22,Q2UBozufI/SOLUQJHJARiZ92198=,WDFRAjsEi2tP2vfyfMAJEKd1qJA=
28,-23,Q2UBozufI/SOLUQJHJARiZ92198=,ceFL19diCLY/fCemjdnI/asgBI8=
27,-23,Q2UBozufI/SOLUQJHJARiZ92198=,54CxvIvJXrprreNlNyb+aBSQHkU=
27,-22,QbCEXf5KP8omHmQZ0WVIr3nr9EQ=,I/qotS1HFf3eNG+nHdIkV4qeHlg=
25,-22,QbCEXf5KP8omHmQZ0WVIr3nr9EQ=,S/l/dsqvzugHJAzQy0UuZMHKbEo=
25,-23,QbCEXf5KP8omHmQZ0WVIr3nr9EQ=,TQBwjayx9a4sOy5j6p0YV1GD6YE=
26,-23,QbCEXf5KP8omHmQZ0WVIr3nr9EQ=,54CxvIvJXrprreNlNyb+aBSQHkU=
26,-22,QbCEXf5KP8omHmQZ0WVIr3nr9EQ=,I/qotS1HFf3eNG+nHdIkV4qeHlg=
28,-20,YihaBBvptGUJJ2G0hwuW3du6tlE=,tiK8UfabHnHo1klfBAvNeJ30jEA=
25,-21,YihaBBvptGUJJ2G0hwuW3du6tlE=,S/l/dsqvzugHJAzQy0UuZMHKbEo=
28,-21,YihaBBvptGUJJ2G0hwuW3du6tlE=,WDFRAjsEi2tP2vfyfMAJEKd1qJA=
26,-20,YihaBBvptGUJJ2G0hwuW3du6tlE=,dhMhjpibPxl9Y+y/xQpgNjDw4CI=
25,-20,YihaBBvptGUJJ2G0hwuW3du6tlE=,/FPFKVFJiZZcvCd3tRWAwmfIfkc=
26,-21,YihaBBvptGUJJ2G0hwuW3du6tlE=,I/qotS1HFf3eNG+nHdIkV4qeHlg=
27,-20,YihaBBvptGUJJ2G0hwuW3du6tlE=,dhMhjpibPxl9Y+y/xQpgNjDw4CI=
27,-21,YihaBBvptGUJJ2G0hwuW3du6tlE=,I/qotS1HFf3eNG+nHdIkV4qeHlg=
28,-18,Km8+BYFtM7vOn3fq9/GjDjNRZ2g=,dSkhm3ontZQObcNFZxIFeNjrdqM=
28,-19,Km8+BYFtM7vOn3fq9/GjDjNRZ2g=,tiK8UfabHnHo1klfBAvNeJ30jEA=
25,-18,Km8+BYFtM7vOn3fq9/GjDjNRZ2g=,/FPFKVFJiZZcvCd3tRWAwmfIfkc=
26,-19,Km8+BYFtM7vOn3fq9/GjDjNRZ2g=,dhMhjpibPxl9Y+y/xQpgNjDw4CI=
26,-18,Km8+BYFtM7vOn3fq9/GjDjNRZ2g=,F0370qlNZEpz7gwMdGlY0wFzqp8=
27,-18,Km8+BYFtM7vOn3fq9/GjDjNRZ2g=,F0370qlNZEpz7gwMdGlY0wFzqp8=
27,-19,Km8+BYFtM7vOn3fq9/GjDjNRZ2g=,dhMhjpibPxl9Y+y/xQpgNjDw4CI=
25,-19,Km8+BYFtM7vOn3fq9/GjDjNRZ2g=,/FPFKVFJiZZcvCd3tRWAwmfIfkc=
24,-18,LVRtRqT4+csky50V5m6o2Dfyq98=,/FPFKVFJiZZcvCd3tRWAwmfIfkc=
23,-19,LVRtRqT4+csky50V5m6o2Dfyq98=,0r7nXGMaYQkul9aKgECrDpgdy/o=
23,-18,LVRtRqT4+csky50V5m6o2Dfyq98=,OSxwO4E8vlvpL7vc4+7Xu1xZNlQ=
24,-19,LVRtRqT4+csky50V5m6o2Dfyq98=,/FPFKVFJiZZcvCd3tRWAwmfIfkc=
24,-21,FmlQIzfdPewSmb8IwuY+ugjaep4=,S/l/dsqvzugHJAzQy0UuZMHKbEo=
23,-21,FmlQIzfdPewSmb8IwuY+ugjaep4=,xICCzCZuKW3h4gruVWxTuJCL6WI=
22,-20,FmlQIzfdPewSmb8IwuY+ugjaep4=,0r7nXGMaYQkul9aKgECrDpgdy/o=
21,-20,FmlQIzfdPewSmb8IwuY+ugjaep4=,BneT2srKyeFJ4RSKIAIWE/Z2oTQ=
23,-22,FmlQIzfdPewSmb8IwuY+ugjaep4=,xICCzCZuKW3h4gruVWxTuJCL6WI=
23,-23,hVIcY5jGR1jrhalR1NwprOKYjPc=,TQBwjayx9a4sOy5j6p0YV1GD6YE=
21,-21,hVIcY5jGR1jrhalR1NwprOKYjPc=,dwpQgN//XUHvV7+UBukrq2RGg3g=
24,-20,hVIcY5jGR1jrhalR1NwprOKYjPc=,/FPFKVFJiZZcvCd3tRWAwmfIfkc=
22,-21,hVIcY5jGR1jrhalR1NwprOKYjPc=,xICCzCZuKW3h4gruVWxTuJCL6WI=
24,-23,hVIcY5jGR1jrhalR1NwprOKYjPc=,TQBwjayx9a4sOy5j6p0YV1GD6YE=
22,-22,hVIcY5jGR1jrhalR1NwprOKYjPc=,xICCzCZuKW3h4gruVWxTuJCL6WI=
24,-24,hVIcY5jGR1jrhalR1NwprOKYjPc=,TQBwjayx9a4sOy5j6p0YV1GD6YE=
23,-20,hVIcY5jGR1jrhalR1NwprOKYjPc=,0r7nXGMaYQkul9aKgECrDpgdy/o=
21,-24,hVIcY5jGR1jrhalR1NwprOKYjPc=,mQmqFOvtklHWxNHRdADMzecZDQ4=
24,-25,hVIcY5jGR1jrhalR1NwprOKYjPc=,8Px3ujhkvHwst87Yw98Su7TJBl0=
22,-23,hVIcY5jGR1jrhalR1NwprOKYjPc=,TQBwjayx9a4sOy5j6p0YV1GD6YE=
23,-25,hVIcY5jGR1jrhalR1NwprOKYjPc=,gGeqZaqAt9cKRLVBiv2WdQN/sOI=
21,-22,hVIcY5jGR1jrhalR1NwprOKYjPc=,dwpQgN//XUHvV7+UBukrq2RGg3g=
24,-22,hVIcY5jGR1jrhalR1NwprOKYjPc=,S/l/dsqvzugHJAzQy0UuZMHKbEo=
21,-23,hVIcY5jGR1jrhalR1NwprOKYjPc=,mQmqFOvtklHWxNHRdADMzecZDQ4=
23,-24,hVIcY5jGR1jrhalR1NwprOKYjPc=,TQBwjayx9a4sOy5j6p0YV1GD6YE=
22,-25,hVIcY5jGR1jrhalR1NwprOKYjPc=,gGeqZaqAt9cKRLVBiv2WdQN/sOI=
21,-25,hVIcY5jGR1jrhalR1NwprOKYjPc=,ZRhxS6jxnzXW0bNXUkxPNalrBuI=
22,-24,hVIcY5jGR1jrhalR1NwprOKYjPc=,TQBwjayx9a4sOy5j6p0YV1GD6YE=
23,-29,bXVfbgm+Sy4FLLN5b3Tosv2z150=,tZZAG4Gap7+BZpvvHXjfDdkFpAw=
24,-27,bXVfbgm+Sy4FLLN5b3Tosv2z150=,ZJxklrlcupct9cd9xbMZHSA+VDk=
21,-26,bXVfbgm+Sy4FLLN5b3Tosv2z150=,ZRhxS6jxnzXW0bNXUkxPNalrBuI=
24,-28,bXVfbgm+Sy4FLLN5b3Tosv2z150=,ZJxklrlcupct9cd9xbMZHSA+VDk=
21,-27,bXVfbgm+Sy4FLLN5b3Tosv2z150=,+a8tZf2vPNZV/uLy3xUno4MJg60=
22,-29,bXVfbgm+Sy4FLLN5b3Tosv2z150=,tZZAG4Gap7+BZpvvHXjfDdkFpAw=
24,-26,bXVfbgm+Sy4FLLN5b3Tosv2z150=,8Px3ujhkvHwst87Yw98Su7TJBl0=
24,-29,bXVfbgm+Sy4FLLN5b3Tosv2z150=,tZZAG4Gap7+BZpvvHXjfDdkFpAw=
22,-28,bXVfbgm+Sy4FLLN5b3Tosv2z150=,qaUNQqPkS5NXycjNtpN7Pr3AWwk=
22,-26,bXVfbgm+Sy4FLLN5b3Tosv2z150=,gGeqZaqAt9cKRLVBiv2WdQN/sOI=
23,-28,bXVfbgm+Sy4FLLN5b3Tosv2z150=,qaUNQqPkS5NXycjNtpN7Pr3AWwk=
21,-28,bXVfbgm+Sy4FLLN5b3Tosv2z150=,+a8tZf2vPNZV/uLy3xUno4MJg60=
23,-26,bXVfbgm+Sy4FLLN5b3Tosv2z150=,gGeqZaqAt9cKRLVBiv2WdQN/sOI=
21,-29,bXVfbgm+Sy4FLLN5b3Tosv2z150=,tZZAG4Gap7+BZpvvHXjfDdkFpAw=
22,-27,bXVfbgm+Sy4FLLN5b3Tosv2z150=,qaUNQqPkS5NXycjNtpN7Pr3AWwk=
23,-27,bXVfbgm+Sy4FLLN5b3Tosv2z150=,qaUNQqPkS5NXycjNtpN7Pr3AWwk=
28,-17,bXVfbgm+Sy4FLLN5b3Tosv2z150=,dSkhm3ontZQObcNFZxIFeNjrdqM=
27,-17,6j89vmAzed0vjAUPKBtASjqX8oI=,F0370qlNZEpz7gwMdGlY0wFzqp8=
30,-18,6j89vmAzed0vjAUPKBtASjqX8oI=,tZZAG4Gap7+BZpvvHXjfDdkFpAw=
29,-18,Py1101kA/bTG9+V14SqY1U+faUs=,dSkhm3ontZQObcNFZxIFeNjrdqM=
30,-19,Py1101kA/bTG9+V14SqY1U+faUs=,tZZAG4Gap7+BZpvvHXjfDdkFpAw=
29,-19,Py1101kA/bTG9+V14SqY1U+faUs=,tiK8UfabHnHo1klfBAvNeJ30jEA=
30,-20,Py1101kA/bTG9+V14SqY1U+faUs=,tZZAG4Gap7+BZpvvHXjfDdkFpAw=
29,-20,Py1101kA/bTG9+V14SqY1U+faUs=,tiK8UfabHnHo1klfBAvNeJ30jEA=
29,-21,Py1101kA/bTG9+V14SqY1U+faUs=,WDFRAjsEi2tP2vfyfMAJEKd1qJA=
30,-21,Py1101kA/bTG9+V14SqY1U+faUs=,tZZAG4Gap7+BZpvvHXjfDdkFpAw=
30,-23,Py1101kA/bTG9+V14SqY1U+faUs=,tZZAG4Gap7+BZpvvHXjfDdkFpAw=
30,-22,Py1101kA/bTG9+V14SqY1U+faUs=,tZZAG4Gap7+BZpvvHXjfDdkFpAw=
29,-22,Py1101kA/bTG9+V14SqY1U+faUs=,WDFRAjsEi2tP2vfyfMAJEKd1qJA=
29,-23,Py1101kA/bTG9+V14SqY1U+faUs=,ceFL19diCLY/fCemjdnI/asgBI8=
31,-25,keHQNukj0b6DzAbrTojHrQN0KnY=,tZZAG4Gap7+BZpvvHXjfDdkFpAw=
29,-27,keHQNukj0b6DzAbrTojHrQN0KnY=,xykLdYRYUhvoNYDdO3lacntrjI4=
28,-25,keHQNukj0b6DzAbrTojHrQN0KnY=,CliaUh+de5go39UudFHhjGf/MwQ=
28,-27,keHQNukj0b6DzAbrTojHrQN0KnY=,xykLdYRYUhvoNYDdO3lacntrjI4=
29,-26,keHQNukj0b6DzAbrTojHrQN0KnY=,CliaUh+de5go39UudFHhjGf/MwQ=
31,-24,keHQNukj0b6DzAbrTojHrQN0KnY=,tZZAG4Gap7+BZpvvHXjfDdkFpAw=
28,-24,keHQNukj0b6DzAbrTojHrQN0KnY=,ceFL19diCLY/fCemjdnI/asgBI8=
28,-26,keHQNukj0b6DzAbrTojHrQN0KnY=,CliaUh+de5go39UudFHhjGf/MwQ=
30,-26,keHQNukj0b6DzAbrTojHrQN0KnY=,tZZAG4Gap7+BZpvvHXjfDdkFpAw=
27,-27,FF2nu6QUZSeLvBV2K5cZBFhE6Rs=,DLZCVQttpoAzvb/MHe6uFyOP5fc=
30,-27,FF2nu6QUZSeLvBV2K5cZBFhE6Rs=,tZZAG4Gap7+BZpvvHXjfDdkFpAw=
31,-26,FF2nu6QUZSeLvBV2K5cZBFhE6Rs=,tZZAG4Gap7+BZpvvHXjfDdkFpAw=
29,-24,FF2nu6QUZSeLvBV2K5cZBFhE6Rs=,ceFL19diCLY/fCemjdnI/asgBI8=
30,-25,FF2nu6QUZSeLvBV2K5cZBFhE6Rs=,tZZAG4Gap7+BZpvvHXjfDdkFpAw=
30,-24,FF2nu6QUZSeLvBV2K5cZBFhE6Rs=,tZZAG4Gap7+BZpvvHXjfDdkFpAw=
27,-24,FF2nu6QUZSeLvBV2K5cZBFhE6Rs=,54CxvIvJXrprreNlNyb+aBSQHkU=
27,-26,FF2nu6QUZSeLvBV2K5cZBFhE6Rs=,IgDE+gMuxlIrz9MGOxNcBlJAjdo=
27,-25,FF2nu6QUZSeLvBV2K5cZBFhE6Rs=,IgDE+gMuxlIrz9MGOxNcBlJAjdo=
29,-25,FF2nu6QUZSeLvBV2K5cZBFhE6Rs=,CliaUh+de5go39UudFHhjGf/MwQ=
31,-30,FF2nu6QUZSeLvBV2K5cZBFhE6Rs=,tZZAG4Gap7+BZpvvHXjfDdkFpAw=
31,-31,FF2nu6QUZSeLvBV2K5cZBFhE6Rs=,lHfYhTI3MH3soiAGEECi4vc9WA0=
29,-32,FF2nu6QUZSeLvBV2K5cZBFhE6Rs=,lHfYhTI3MH3soiAGEECi4vc9WA0=
30,-32,RGrv3ztkFdg82YMHjQVRpRbBkP0=,lHfYhTI3MH3soiAGEECi4vc9WA0=
31,-27,RGrv3ztkFdg82YMHjQVRpRbBkP0=,tZZAG4Gap7+BZpvvHXjfDdkFpAw=
27,-32,RGrv3ztkFdg82YMHjQVRpRbBkP0=,lHfYhTI3MH3soiAGEECi4vc9WA0=
28,-32,RGrv3ztkFdg82YMHjQVRpRbBkP0=,lHfYhTI3MH3soiAGEECi4vc9WA0=
31,-29,RGrv3ztkFdg82YMHjQVRpRbBkP0=,tZZAG4Gap7+BZpvvHXjfDdkFpAw=
26,-32,RGrv3ztkFdg82YMHjQVRpRbBkP0=,lHfYhTI3MH3soiAGEECi4vc9WA0=
25,-32,RGrv3ztkFdg82YMHjQVRpRbBkP0=,lHfYhTI3MH3soiAGEECi4vc9WA0=
31,-28,RGrv3ztkFdg82YMHjQVRpRbBkP0=,tZZAG4Gap7+BZpvvHXjfDdkFpAw=
22,-32,RGrv3ztkFdg82YMHjQVRpRbBkP0=,lHfYhTI3MH3soiAGEECi4vc9WA0=
23,-32,RGrv3ztkFdg82YMHjQVRpRbBkP0=,lHfYhTI3MH3soiAGEECi4vc9WA0=
24,-32,mQlbl1NilVcPwsq/UUpwg4CGpPE=,lHfYhTI3MH3soiAGEECi4vc9WA0=
21,-32,mQlbl1NilVcPwsq/UUpwg4CGpPE=,lHfYhTI3MH3soiAGEECi4vc9WA0=
19,-32,mQlbl1NilVcPwsq/UUpwg4CGpPE=,lHfYhTI3MH3soiAGEECi4vc9WA0=
20,-32,mQlbl1NilVcPwsq/UUpwg4CGpPE=,lHfYhTI3MH3soiAGEECi4vc9WA0=
17,-31,IiVyKcGihUHy6o8xR9oW3WNBUNM=,lHfYhTI3MH3soiAGEECi4vc9WA0=
18,-30,IiVyKcGihUHy6o8xR9oW3WNBUNM=,tZZAG4Gap7+BZpvvHXjfDdkFpAw=
18,-31,IiVyKcGihUHy6o8xR9oW3WNBUNM=,lHfYhTI3MH3soiAGEECi4vc9WA0=
17,-30,IiVyKcGihUHy6o8xR9oW3WNBUNM=,tZZAG4Gap7+BZpvvHXjfDdkFpAw=
16,-31,IiVyKcGihUHy6o8xR9oW3WNBUNM=,lHfYhTI3MH3soiAGEECi4vc9WA0=
17,-32,IiVyKcGihUHy6o8xR9oW3WNBUNM=,lHfYhTI3MH3soiAGEECi4vc9WA0=
18,-32,IiVyKcGihUHy6o8xR9oW3WNBUNM=,lHfYhTI3MH3soiAGEECi4vc9WA0=
16,-30,IiVyKcGihUHy6o8xR9oW3WNBUNM=,tZZAG4Gap7+BZpvvHXjfDdkFpAw=
16,-29,IiVyKcGihUHy6o8xR9oW3WNBUNM=,tZZAG4Gap7+BZpvvHXjfDdkFpAw=
16,-28,IiVyKcGihUHy6o8xR9oW3WNBUNM=,Z4+4APyM5gKa/JhPejoEpk/+VAw=
16,-27,IiVyKcGihUHy6o8xR9oW3WNBUNM=,Z4+4APyM5gKa/JhPejoEpk/+VAw=
16,-26,IiVyKcGihUHy6o8xR9oW3WNBUNM=,FT4710pJe0xg79PQUJqyM0EvclA=
16,-25,IiVyKcGihUHy6o8xR9oW3WNBUNM=,FT4710pJe0xg79PQUJqyM0EvclA=
16,-24,4XnK3sp+TBzwJaZtCa7ZI6IJYAI=,k0wwDYST3uWlx3Dm+7xZCGlNZuY=
16,-23,4XnK3sp+TBzwJaZtCa7ZI6IJYAI=,k0wwDYST3uWlx3Dm+7xZCGlNZuY=
16,-22,4XnK3sp+TBzwJaZtCa7ZI6IJYAI=,VagvWbSSSvE/jCMhHWRkbEzztVQ=
16,-20,4XnK3sp+TBzwJaZtCa7ZI6IJYAI=,FQ7EadaWhWNTEvZRWdc6ldqQ1CQ=
16,-18,4XnK3sp+TBzwJaZtCa7ZI6IJYAI=,9XKPkJpjD23nfADN+604couUHnU=
16,-19,4XnK3sp+TBzwJaZtCa7ZI6IJYAI=,FQ7EadaWhWNTEvZRWdc6ldqQ1CQ=
31,-18,7uIQmoisVMu4VBiOGE/Q6QxSAlg=,tZZAG4Gap7+BZpvvHXjfDdkFpAw=
16,-17,7uIQmoisVMu4VBiOGE/Q6QxSAlg=,9XKPkJpjD23nfADN+604couUHnU=
16,-21,7uIQmoisVMu4VBiOGE/Q6QxSAlg=,VagvWbSSSvE/jCMhHWRkbEzztVQ=
31,-19,7uIQmoisVMu4VBiOGE/Q6QxSAlg=,tZZAG4Gap7+BZpvvHXjfDdkFpAw=
31,-22,7uIQmoisVMu4VBiOGE/Q6QxSAlg=,tZZAG4Gap7+BZpvvHXjfDdkFpAw=
31,-20,7uIQmoisVMu4VBiOGE/Q6QxSAlg=,tZZAG4Gap7+BZpvvHXjfDdkFpAw=
31,-23,7uIQmoisVMu4VBiOGE/Q6QxSAlg=,tZZAG4Gap7+BZpvvHXjfDdkFpAw=
30,-17,7uIQmoisVMu4VBiOGE/Q6QxSAlg=,tZZAG4Gap7+BZpvvHXjfDdkFpAw=
31,-21,7uIQmoisVMu4VBiOGE/Q6QxSAlg=,tZZAG4Gap7+BZpvvHXjfDdkFpAw=
31,-17,7uIQmoisVMu4VBiOGE/Q6QxSAlg=,tZZAG4Gap7+BZpvvHXjfDdkFpAw=
29,-17,7uIQmoisVMu4VBiOGE/Q6QxSAlg=,dSkhm3ontZQObcNFZxIFeNjrdqM=
25,-17,28v4blNDCg49GU2dSpBUUCVf9oU=,/FPFKVFJiZZcvCd3tRWAwmfIfkc=
21,-18,28v4blNDCg49GU2dSpBUUCVf9oU=,+T0pbLyPiMLC600L10s+HQkOwVQ=
19,-19,28v4blNDCg49GU2dSpBUUCVf9oU=,FQ7EadaWhWNTEvZRWdc6ldqQ1CQ=
21,-19,28v4blNDCg49GU2dSpBUUCVf9oU=,BneT2srKyeFJ4RSKIAIWE/Z2oTQ=
16,-32,28v4blNDCg49GU2dSpBUUCVf9oU=,lHfYhTI3MH3soiAGEECi4vc9WA0=
20,-19,28v4blNDCg49GU2dSpBUUCVf9oU=,BneT2srKyeFJ4RSKIAIWE/Z2oTQ=
20,-18,28v4blNDCg49GU2dSpBUUCVf9oU=,+T0pbLyPiMLC600L10s+HQkOwVQ=
24,-17,28v4blNDCg49GU2dSpBUUCVf9oU=,/FPFKVFJiZZcvCd3tRWAwmfIfkc=
31,-32,28v4blNDCg49GU2dSpBUUCVf9oU=,lHfYhTI3MH3soiAGEECi4vc9WA0=
19,-18,28v4blNDCg49GU2dSpBUUCVf9oU=,+T0pbLyPiMLC600L10s+HQkOwVQ=
22,-17,28v4blNDCg49GU2dSpBUUCVf9oU=,OSxwO4E8vlvpL7vc4+7Xu1xZNlQ=
18,-17,28v4blNDCg49GU2dSpBUUCVf9oU=,+T0pbLyPiMLC600L10s+HQkOwVQ=
26,-17,28v4blNDCg49GU2dSpBUUCVf9oU=,F0370qlNZEpz7gwMdGlY0wFzqp8=
21,-17,28v4blNDCg49GU2dSpBUUCVf9oU=,+T0pbLyPiMLC600L10s+HQkOwVQ=
22,-19,28v4blNDCg49GU2dSpBUUCVf9oU=,0r7nXGMaYQkul9aKgECrDpgdy/o=
22,-18,28v4blNDCg49GU2dSpBUUCVf9oU=,OSxwO4E8vlvpL7vc4+7Xu1xZNlQ=
23,-17,28v4blNDCg49GU2dSpBUUCVf9oU=,OSxwO4E8vlvpL7vc4+7Xu1xZNlQ=
19,-17,28v4blNDCg49GU2dSpBUUCVf9oU=,+T0pbLyPiMLC600L10s+HQkOwVQ=
20,-17,28v4blNDCg49GU2dSpBUUCVf9oU=,+T0pbLyPiMLC600L10s+HQkOwVQ=
17,-17,28v4blNDCg49GU2dSpBUUCVf9oU=,9XKPkJpjD23nfADN+604couUHnU=
2,-19,VlSauDhm5fLOBjIXXR5ZcosFf5Q=,jULWWHiNI+ZV+wVerN/enrIrhaM=
2,-18,VlSauDhm5fLOBjIXXR5ZcosFf5Q=,mDy+ZPk++QlWpQGZts/oKhHi8zo=
1,-19,VlSauDhm5fLOBjIXXR5ZcosFf5Q=,wtxLVYqt48avvnf3Py78Ra+Cfo8=
1,-18,VlSauDhm5fLOBjIXXR5ZcosFf5Q=,mDy+ZPk++QlWpQGZts/oKhHi8zo=
2,-20,OprMp2jKHUwQ4L9BPiC27uF3KAA=,jULWWHiNI+ZV+wVerN/enrIrhaM=
1,-20,OprMp2jKHUwQ4L9BPiC27uF3KAA=,wtxLVYqt48avvnf3Py78Ra+Cfo8=
1,-21,OprMp2jKHUwQ4L9BPiC27uF3KAA=,wrMh0pxwg2RMJJPqKYqKcx1o/YQ=
2,-21,OprMp2jKHUwQ4L9BPiC27uF3KAA=,qU4sZe++YyO6wZtryAdOOvqNRp0=
8,-21,DQr6VbsxA7L43/oO7KISpIQoI1Q=,fApXF/udB2yaN2Dja+61NKqQlU8=
7,-21,DQr6VbsxA7L43/oO7KISpIQoI1Q=,ojxPIHFgSTv+k12FO3xk3JQQpug=
8,-20,r7O5FQHMSlK+XAfAIVRYGeLSShM=,5U4T3wDN1oL8k9pPQBqUXAVSbcs=
7,-20,r7O5FQHMSlK+XAfAIVRYGeLSShM=,rDY1XV5sHP6WJDMb6ujXRjMOHDY=
9,-21,uKuVydrW5Wn3jF3vzxJyJNRR8TA=,fApXF/udB2yaN2Dja+61NKqQlU8=
9,-20,uKuVydrW5Wn3jF3vzxJyJNRR8TA=,5U4T3wDN1oL8k9pPQBqUXAVSbcs=
10,-21,uKuVydrW5Wn3jF3vzxJyJNRR8TA=,2ahSwxsLXFa6biAMNuLy1CGm4UA=
10,-20,uKuVydrW5Wn3jF3vzxJyJNRR8TA=,W37ziDMV7aP8ImOOKDVanZhLC1o=
11,-22,ND7pPsdFl27koPeKPw4UIF19jKs=,2ahSwxsLXFa6biAMNuLy1CGm4UA=
11,-23,ND7pPsdFl27koPeKPw4UIF19jKs=,SoDzpucunJI6wCX1vG3V/MP7Zkk=
12,-23,ND7pPsdFl27koPeKPw4UIF19jKs=,BgNg1B7MtDtf+Fu7XmZQZqSCMuk=
12,-22,ND7pPsdFl27koPeKPw4UIF19jKs=,vaGd2CWN47WcUCb89sBXSG0L9xs=
12,-21,iWK5EHSRl+pRPQfGG0PTCwdw3T4=,vaGd2CWN47WcUCb89sBXSG0L9xs=
14,-23,iWK5EHSRl+pRPQfGG0PTCwdw3T4=,CBmPiEb6UDYUge4AkVZ3tWaUVbQ=
11,-21,iWK5EHSRl+pRPQfGG0PTCwdw3T4=,2ahSwxsLXFa6biAMNuLy1CGm4UA=
12,-20,iWK5EHSRl+pRPQfGG0PTCwdw3T4=,p+YUgMS5PyBRkBKzDw1CyEMX2wY=
13,-23,G4HpD28mJMTQ2gKc3jHL/Kl5V3o=,BgNg1B7MtDtf+Fu7XmZQZqSCMuk=
13,-22,G4HpD28mJMTQ2gKc3jHL/Kl5V3o=,vaGd2CWN47WcUCb89sBXSG0L9xs=
11,-20,G4HpD28mJMTQ2gKc3jHL/Kl5V3o=,W37ziDMV7aP8ImOOKDVanZhLC1o=
14,-22,G4HpD28mJMTQ2gKc3jHL/Kl5V3o=,wGJh1dOI8cGfrOiZ0wURjD2bTOs=
13,-20,PdS6iy89+dmTLimDrwygtDgTlt4=,p+YUgMS5PyBRkBKzDw1CyEMX2wY=
14,-20,PdS6iy89+dmTLimDrwygtDgTlt4=,A7AXlgU/e6fRuzcaEbKhl72HvNI=
13,-21,PdS6iy89+dmTLimDrwygtDgTlt4=,vaGd2CWN47WcUCb89sBXSG0L9xs=
14,-21,PdS6iy89+dmTLimDrwygtDgTlt4=,wGJh1dOI8cGfrOiZ0wURjD2bTOs=
14,-19,PdS6iy89+dmTLimDrwygtDgTlt4=,A7AXlgU/e6fRuzcaEbKhl72HvNI=
13,-19,Z4OWtM8pCJMSFauNhZj+2HHaEUs=,p+YUgMS5PyBRkBKzDw1CyEMX2wY=
11,-19,Z4OWtM8pCJMSFauNhZj+2HHaEUs=,W37ziDMV7aP8ImOOKDVanZhLC1o=
11,-18,Z4OWtM8pCJMSFauNhZj+2HHaEUs=,n5kS/f068EGKyls3Grg2kYlFu6w=
14,-18,Z4OWtM8pCJMSFauNhZj+2HHaEUs=,cxm/HNzVSgrK9EmmFQTRjGNEhX0=
12,-18,Z4OWtM8pCJMSFauNhZj+2HHaEUs=,nBmJ+SKt+0E7MkB9fIzp/xh3lt8=
13,-18,Z4OWtM8pCJMSFauNhZj+2HHaEUs=,nBmJ+SKt+0E7MkB9fIzp/xh3lt8=
12,-19,Z4OWtM8pCJMSFauNhZj+2HHaEUs=,p+YUgMS5PyBRkBKzDw1CyEMX2wY=
10,-19,wZ6cvxxXQSJiFqjGKjccMALOLgY=,W37ziDMV7aP8ImOOKDVanZhLC1o=
9,-19,wZ6cvxxXQSJiFqjGKjccMALOLgY=,5U4T3wDN1oL8k9pPQBqUXAVSbcs=
9,-18,wZ6cvxxXQSJiFqjGKjccMALOLgY=,+IX/chAHSAoBCAQKM5fr+m3XC+0=
10,-18,wZ6cvxxXQSJiFqjGKjccMALOLgY=,n5kS/f068EGKyls3Grg2kYlFu6w=
6,-18,wZ6cvxxXQSJiFqjGKjccMALOLgY=,sueMukYN9bxJuqs2iO0DBl5zbc4=
4,-20,wZ6cvxxXQSJiFqjGKjccMALOLgY=,br6Li6BIH+ynFKkzbOcEKYfA5nc=
3,-20,wZ6cvxxXQSJiFqjGKjccMALOLgY=,jULWWHiNI+ZV+wVerN/enrIrhaM=
4,-18,wZ6cvxxXQSJiFqjGKjccMALOLgY=,2W4azY7wJrrSIsIQmCYp8/vObwc=
5,-20,wZ6cvxxXQSJiFqjGKjccMALOLgY=,br6Li6BIH+ynFKkzbOcEKYfA5nc=
3,-21,wZ6cvxxXQSJiFqjGKjccMALOLgY=,qU4sZe++YyO6wZtryAdOOvqNRp0=
5,-19,wZ6cvxxXQSJiFqjGKjccMALOLgY=,br6Li6BIH+ynFKkzbOcEKYfA5nc=
6,-19,wZ6cvxxXQSJiFqjGKjccMALOLgY=,rDY1XV5sHP6WJDMb6ujXRjMOHDY=
4,-19,wZ6cvxxXQSJiFqjGKjccMALOLgY=,br6Li6BIH+ynFKkzbOcEKYfA5nc=
4,-21,wZ6cvxxXQSJiFqjGKjccMALOLgY=,lJuwbGDSme2UfZtzbnZRxIfQfCU=
5,-18,wZ6cvxxXQSJiFqjGKjccMALOLgY=,2W4azY7wJrrSIsIQmCYp8/vObwc=
3,-19,wZ6cvxxXQSJiFqjGKjccMALOLgY=,jULWWHiNI+ZV+wVerN/enrIrhaM=
3,-18,wZ6cvxxXQSJiFqjGKjccMALOLgY=,mDy+ZPk++QlWpQGZts/oKhHi8zo=
5,-21,wZ6cvxxXQSJiFqjGKjccMALOLgY=,lJuwbGDSme2UfZtzbnZRxIfQfCU=
6,-20,wZ6cvxxXQSJiFqjGKjccMALOLgY=,rDY1XV5sHP6WJDMb6ujXRjMOHDY=
6,-21,wZ6cvxxXQSJiFqjGKjccMALOLgY=,ojxPIHFgSTv+k12FO3xk3JQQpug=
8,-18,6EwSK2Obn5ICz3Dnh0jPkg8xOFo=,+IX/chAHSAoBCAQKM5fr+m3XC+0=
7,-19,6EwSK2Obn5ICz3Dnh0jPkg8xOFo=,rDY1XV5sHP6WJDMb6ujXRjMOHDY=
7,-18,6EwSK2Obn5ICz3Dnh0jPkg8xOFo=,sueMukYN9bxJuqs2iO0DBl5zbc4=
8,-19,6EwSK2Obn5ICz3Dnh0jPkg8xOFo=,5U4T3wDN1oL8k9pPQBqUXAVSbcs=
3,-17,6EwSK2Obn5ICz3Dnh0jPkg8xOFo=,mDy+ZPk++QlWpQGZts/oKhHi8zo=
4,-17,6EwSK2Obn5ICz3Dnh0jPkg8xOFo=,2W4azY7wJrrSIsIQmCYp8/vObwc=
5,-17,6EwSK2Obn5ICz3Dnh0jPkg8xOFo=,2W4azY7wJrrSIsIQmCYp8/vObwc=
6,-17,6EwSK2Obn5ICz3Dnh0jPkg8xOFo=,sueMukYN9bxJuqs2iO0DBl5zbc4=
2,-17,6EwSK2Obn5ICz3Dnh0jPkg8xOFo=,mDy+ZPk++QlWpQGZts/oKhHi8zo=
7,-17,6EwSK2Obn5ICz3Dnh0jPkg8xOFo=,sueMukYN9bxJuqs2iO0DBl5zbc4=
8,-17,6EwSK2Obn5ICz3Dnh0jPkg8xOFo=,+IX/chAHSAoBCAQKM5fr+m3XC+0=
1,-17,6EwSK2Obn5ICz3Dnh0jPkg8xOFo=,mDy+ZPk++QlWpQGZts/oKhHi8zo=
9,-17,40d1BgxToQTjr9s5sGvzjEK208M=,+IX/chAHSAoBCAQKM5fr+m3XC+0=
10,-17,40d1BgxToQTjr9s5sGvzjEK208M=,n5kS/f068EGKyls3Grg2kYlFu6w=
14,-17,40d1BgxToQTjr9s5sGvzjEK208M=,cxm/HNzVSgrK9EmmFQTRjGNEhX0=
12,-17,1ZVR3oq1kjYZYC2OwB9YVy3dcqI=,nBmJ+SKt+0E7MkB9fIzp/xh3lt8=
13,-17,1ZVR3oq1kjYZYC2OwB9YVy3dcqI=,nBmJ+SKt+0E7MkB9fIzp/xh3lt8=
15,-17,1ZVR3oq1kjYZYC2OwB9YVy3dcqI=,cxm/HNzVSgrK9EmmFQTRjGNEhX0=
11,-17,1ZVR3oq1kjYZYC2OwB9YVy3dcqI=,n5kS/f068EGKyls3Grg2kYlFu6w=
15,-19,1ZVR3oq1kjYZYC2OwB9YVy3dcqI=,A7AXlgU/e6fRuzcaEbKhl72HvNI=
15,-18,1ZVR3oq1kjYZYC2OwB9YVy3dcqI=,cxm/HNzVSgrK9EmmFQTRjGNEhX0=
15,-23,1ZVR3oq1kjYZYC2OwB9YVy3dcqI=,CBmPiEb6UDYUge4AkVZ3tWaUVbQ=
15,-20,1ZVR3oq1kjYZYC2OwB9YVy3dcqI=,A7AXlgU/e6fRuzcaEbKhl72HvNI=
15,-22,kxtau5Qf5Acm8HC3tftveO0KCtw=,wGJh1dOI8cGfrOiZ0wURjD2bTOs=
15,-21,kxtau5Qf5Acm8HC3tftveO0KCtw=,wGJh1dOI8cGfrOiZ0wURjD2bTOs=
14,-25,rDr8E/x6U0Wur/mIiZkbOMT6WNc=,7V1+VQHrTpGqAedcnuMAwvfLPaA=
14,-24,rDr8E/x6U0Wur/mIiZkbOMT6WNc=,CBmPiEb6UDYUge4AkVZ3tWaUVbQ=
13,-24,rDr8E/x6U0Wur/mIiZkbOMT6WNc=,BgNg1B7MtDtf+Fu7XmZQZqSCMuk=
13,-25,+NZV6lJFYn+vRuvTWDvBYDK5hJE=,N5slWW3drEQXBLTM6wttxGYFSnM=
11,-25,+NZV6lJFYn+vRuvTWDvBYDK5hJE=,Mcv0OECuhHIAkf76yv+gyE1ii4c=
11,-24,+NZV6lJFYn+vRuvTWDvBYDK5hJE=,SoDzpucunJI6wCX1vG3V/MP7Zkk=
12,-25,+NZV6lJFYn+vRuvTWDvBYDK5hJE=,N5slWW3drEQXBLTM6wttxGYFSnM=
12,-24,+NZV6lJFYn+vRuvTWDvBYDK5hJE=,BgNg1B7MtDtf+Fu7XmZQZqSCMuk=
10,-25,oxLEG7PfPPB0qqdnvmXmvLBuk44=,Mcv0OECuhHIAkf76yv+gyE1ii4c=
10,-24,oxLEG7PfPPB0qqdnvmXmvLBuk44=,SoDzpucunJI6wCX1vG3V/MP7Zkk=
10,-23,1BphSt5BOYq40HeDW0qQVYKvPw8=,SoDzpucunJI6wCX1vG3V/MP7Zkk=
9,-23,1BphSt5BOYq40HeDW0qQVYKvPw8=,i820+X5rWL2D8X1NVwUs/ygu4Gg=
9,-22,1BphSt5BOYq40HeDW0qQVYKvPw8=,fApXF/udB2yaN2Dja+61NKqQlU8=
10,-22,1BphSt5BOYq40HeDW0qQVYKvPw8=,2ahSwxsLXFa6biAMNuLy1CGm4UA=
9,-25,1BphSt5BOYq40HeDW0qQVYKvPw8=,CwA1YLYm89Djm6zqw9YgExqUdzA=
9,-24,1BphSt5BOYq40HeDW0qQVYKvPw8=,i820+X5rWL2D8X1NVwUs/ygu4Gg=
10,-27,+YdOR9H/bIyDpbO7ChqkS8zadQQ=,tkHFCztbTm/vM8mXNU3P2ppBuC8=
10,-26,+YdOR9H/bIyDpbO7ChqkS8zadQQ=,Mcv0OECuhHIAkf76yv+gyE1ii4c=
9,-26,+YdOR9H/bIyDpbO7ChqkS8zadQQ=,CwA1YLYm89Djm6zqw9YgExqUdzA=
9,-27,LFrf70vLbjC0j6ibP8D/sAfVmX4=,Bfz79pYr2sLPjtE/m13ysPFe2tk=
10,-29,EU10OmXkZCwzbP10Gwus05XRWkI=,tZZAG4Gap7+BZpvvHXjfDdkFpAw=
10,-28,EU10OmXkZCwzbP10Gwus05XRWkI=,tkHFCztbTm/vM8mXNU3P2ppBuC8=
9,-29,EU10OmXkZCwzbP10Gwus05XRWkI=,tZZAG4Gap7+BZpvvHXjfDdkFpAw=
9,-28,EU10OmXkZCwzbP10Gwus05XRWkI=,Bfz79pYr2sLPjtE/m13ysPFe2tk=
9,-31,8+kc6ECcIc0uGGFllOWKuPFg+YY=,CswZ/r3czXyqEK/CvFWjZWMEW10=
10,-30,8+kc6ECcIc0uGGFllOWKuPFg+YY=,tZZAG4Gap7+BZpvvHXjfDdkFpAw=
10,-31,8+kc6ECcIc0uGGFllOWKuPFg+YY=,CswZ/r3czXyqEK/CvFWjZWMEW10=
9,-30,8+kc6ECcIc0uGGFllOWKuPFg+YY=,tZZAG4Gap7+BZpvvHXjfDdkFpAw=
11,-31,mklm3dEqI89fYezT402aey0BRYI=,CswZ/r3czXyqEK/CvFWjZWMEW10=
11,-30,mklm3dEqI89fYezT402aey0BRYI=,tZZAG4Gap7+BZpvvHXjfDdkFpAw=
12,-31,6l9KY+162TFUgVwshzCjTOYzxvA=,CswZ/r3czXyqEK/CvFWjZWMEW10=
12,-30,6l9KY+162TFUgVwshzCjTOYzxvA=,tZZAG4Gap7+BZpvvHXjfDdkFpAw=
14,-31,fTvBwH7wonhSpp9G8fc8ByvgjnI=,CswZ/r3czXyqEK/CvFWjZWMEW10=
14,-30,fTvBwH7wonhSpp9G8fc8ByvgjnI=,tZZAG4Gap7+BZpvvHXjfDdkFpAw=
13,-30,fTvBwH7wonhSpp9G8fc8ByvgjnI=,tZZAG4Gap7+BZpvvHXjfDdkFpAw=
13,-31,fTvBwH7wonhSpp9G8fc8ByvgjnI=,CswZ/r3czXyqEK/CvFWjZWMEW10=
11,-26,fTvBwH7wonhSpp9G8fc8ByvgjnI=,Mcv0OECuhHIAkf76yv+gyE1ii4c=
12,-26,ICQvRPXTA/jA4QvH+woJz5niXBg=,N5slWW3drEQXBLTM6wttxGYFSnM=
11,-29,ICQvRPXTA/jA4QvH+woJz5niXBg=,tZZAG4Gap7+BZpvvHXjfDdkFpAw=
11,-27,ICQvRPXTA/jA4QvH+woJz5niXBg=,tkHFCztbTm/vM8mXNU3P2ppBuC8=
11,-28,ICQvRPXTA/jA4QvH+woJz5niXBg=,tkHFCztbTm/vM8mXNU3P2ppBuC8=
12,-27,ICQvRPXTA/jA4QvH+woJz5niXBg=,CWQXsDwl0eeYdlVUpsE6QrbJyuQ=
12,-28,ICQvRPXTA/jA4QvH+woJz5niXBg=,CWQXsDwl0eeYdlVUpsE6QrbJyuQ=
12,-29,ICQvRPXTA/jA4QvH+woJz5niXBg=,tZZAG4Gap7+BZpvvHXjfDdkFpAw=
14,-28,BopHhY+zWrmemaFSc2+y34oqMWE=,CWQXsDwl0eeYdlVUpsE6QrbJyuQ=
14,-29,BopHhY+zWrmemaFSc2+y34oqMWE=,tZZAG4Gap7+BZpvvHXjfDdkFpAw=
13,-29,BopHhY+zWrmemaFSc2+y34oqMWE=,tZZAG4Gap7+BZpvvHXjfDdkFpAw=
13,-28,BopHhY+zWrmemaFSc2+y34oqMWE=,CWQXsDwl0eeYdlVUpsE6QrbJyuQ=
14,-26,BopHhY+zWrmemaFSc2+y34oqMWE=,7V1+VQHrTpGqAedcnuMAwvfLPaA=
15,-25,BopHhY+zWrmemaFSc2+y34oqMWE=,7V1+VQHrTpGqAedcnuMAwvfLPaA=
15,-26,BopHhY+zWrmemaFSc2+y34oqMWE=,7V1+VQHrTpGqAedcnuMAwvfLPaA=
13,-26,BopHhY+zWrmemaFSc2+y34oqMWE=,N5slWW3drEQXBLTM6wttxGYFSnM=
15,-24,BopHhY+zWrmemaFSc2+y34oqMWE=,CBmPiEb6UDYUge4AkVZ3tWaUVbQ=
14,-27,BopHhY+zWrmemaFSc2+y34oqMWE=,CWQXsDwl0eeYdlVUpsE6QrbJyuQ=
15,-27,BopHhY+zWrmemaFSc2+y34oqMWE=,CWQXsDwl0eeYdlVUpsE6QrbJyuQ=
15,-29,BopHhY+zWrmemaFSc2+y34oqMWE=,tZZAG4Gap7+BZpvvHXjfDdkFpAw=
13,-27,BopHhY+zWrmemaFSc2+y34oqMWE=,CWQXsDwl0eeYdlVUpsE6QrbJyuQ=
15,-28,BopHhY+zWrmemaFSc2+y34oqMWE=,CWQXsDwl0eeYdlVUpsE6QrbJyuQ=
15,-30,q7tRshkigoQCfSUPaDVO4cNs7do=,tZZAG4Gap7+BZpvvHXjfDdkFpAw=
15,-31,q7tRshkigoQCfSUPaDVO4cNs7do=,CswZ/r3czXyqEK/CvFWjZWMEW10=
14,-32,3IjCSXxL+mDFdfAUwZ7s1EHkWx0=,CswZ/r3czXyqEK/CvFWjZWMEW10=
11,-32,3IjCSXxL+mDFdfAUwZ7s1EHkWx0=,CswZ/r3czXyqEK/CvFWjZWMEW10=
13,-32,3IjCSXxL+mDFdfAUwZ7s1EHkWx0=,CswZ/r3czXyqEK/CvFWjZWMEW10=
12,-32,3IjCSXxL+mDFdfAUwZ7s1EHkWx0=,CswZ/r3czXyqEK/CvFWjZWMEW10=
9,-32,Kw3yfKRGKPcpXnwPnunteOMF4gA=,CswZ/r3czXyqEK/CvFWjZWMEW10=
10,-32,Kw3yfKRGKPcpXnwPnunteOMF4gA=,CswZ/r3czXyqEK/CvFWjZWMEW10=
8,-31,rNN4XZwnOmO9j3VNhRHYUO+MerQ=,CswZ/r3czXyqEK/CvFWjZWMEW10=
7,-30,rNN4XZwnOmO9j3VNhRHYUO+MerQ=,tZZAG4Gap7+BZpvvHXjfDdkFpAw=
8,-30,rNN4XZwnOmO9j3VNhRHYUO+MerQ=,tZZAG4Gap7+BZpvvHXjfDdkFpAw=
7,-31,rNN4XZwnOmO9j3VNhRHYUO+MerQ=,CswZ/r3czXyqEK/CvFWjZWMEW10=
5,-30,lWNKKA9Dvol5N8xb0QALKteNNjA=,tZZAG4Gap7+BZpvvHXjfDdkFpAw=
6,-30,lWNKKA9Dvol5N8xb0QALKteNNjA=,tZZAG4Gap7+BZpvvHXjfDdkFpAw=
5,-31,lWNKKA9Dvol5N8xb0QALKteNNjA=,CswZ/r3czXyqEK/CvFWjZWMEW10=
6,-31,lWNKKA9Dvol5N8xb0QALKteNNjA=,CswZ/r3czXyqEK/CvFWjZWMEW10=
8,-29,vdhI55UStzFQu7UK+P/KmKBn16M=,tZZAG4Gap7+BZpvvHXjfDdkFpAw=
7,-29,vdhI55UStzFQu7UK+P/KmKBn16M=,tZZAG4Gap7+BZpvvHXjfDdkFpAw=
7,-28,vdhI55UStzFQu7UK+P/KmKBn16M=,cmEnMJdkHgS66MB+BwAsCNQ6bWk=
6,-28,vdhI55UStzFQu7UK+P/KmKBn16M=,cmEnMJdkHgS66MB+BwAsCNQ6bWk=
5,-29,vdhI55UStzFQu7UK+P/KmKBn16M=,tZZAG4Gap7+BZpvvHXjfDdkFpAw=
6,-29,vdhI55UStzFQu7UK+P/KmKBn16M=,tZZAG4Gap7+BZpvvHXjfDdkFpAw=
5,-28,vdhI55UStzFQu7UK+P/KmKBn16M=,cmEnMJdkHgS66MB+BwAsCNQ6bWk=
8,-28,vdhI55UStzFQu7UK+P/KmKBn16M=,Bfz79pYr2sLPjtE/m13ysPFe2tk=
4,-29,/JybJGmCmSpKZWUlU45azek/cDA=,tZZAG4Gap7+BZpvvHXjfDdkFpAw=
4,-28,/JybJGmCmSpKZWUlU45azek/cDA=,cmEnMJdkHgS66MB+BwAsCNQ6bWk=
3,-28,/JybJGmCmSpKZWUlU45azek/cDA=,QnYRb14GYBTLK8eqOre+pPubzj0=
3,-29,/JybJGmCmSpKZWUlU45azek/cDA=,tZZAG4Gap7+BZpvvHXjfDdkFpAw=
1,-29,2CaNtHmFk+sQv0obEFywXpXiX7U=,tZZAG4Gap7+BZpvvHXjfDdkFpAw=
2,-29,2CaNtHmFk+sQv0obEFywXpXiX7U=,tZZAG4Gap7+BZpvvHXjfDdkFpAw=
4,-30,2CaNtHmFk+sQv0obEFywXpXiX7U=,tZZAG4Gap7+BZpvvHXjfDdkFpAw=
2,-28,2CaNtHmFk+sQv0obEFywXpXiX7U=,QnYRb14GYBTLK8eqOre+pPubzj0=
4,-31,2CaNtHmFk+sQv0obEFywXpXiX7U=,CswZ/r3czXyqEK/CvFWjZWMEW10=
1,-28,2CaNtHmFk+sQv0obEFywXpXiX7U=,QnYRb14GYBTLK8eqOre+pPubzj0=
3,-30,2CaNtHmFk+sQv0obEFywXpXiX7U=,tZZAG4Gap7+BZpvvHXjfDdkFpAw=
3,-31,2CaNtHmFk+sQv0obEFywXpXiX7U=,CswZ/r3czXyqEK/CvFWjZWMEW10=
1,-30,D8NSoHM/VHT4R9K1cqaMex/cEfI=,tZZAG4Gap7+BZpvvHXjfDdkFpAw=
2,-30,D8NSoHM/VHT4R9K1cqaMex/cEfI=,tZZAG4Gap7+BZpvvHXjfDdkFpAw=
2,-31,D8NSoHM/VHT4R9K1cqaMex/cEfI=,CswZ/r3czXyqEK/CvFWjZWMEW10=
1,-31,D8NSoHM/VHT4R9K1cqaMex/cEfI=,CswZ/r3czXyqEK/CvFWjZWMEW10=
1,-26,A2TE0Yfm5UeyqJfOf742N0futjY=,bGOhqHsrKbLJO8KZwzr21iS5OBU=
2,-26,A2TE0Yfm5UeyqJfOf742N0futjY=,lJFt7GmKvN4pVujrxw9LN8ahPV0=
2,-27,A2TE0Yfm5UeyqJfOf742N0futjY=,QnYRb14GYBTLK8eqOre+pPubzj0=
1,-27,A2TE0Yfm5UeyqJfOf742N0futjY=,QnYRb14GYBTLK8eqOre+pPubzj0=
1,-25,5YRZ24J/ire9JWmBk02PZMFOtHg=,bGOhqHsrKbLJO8KZwzr21iS5OBU=
2,-25,5YRZ24J/ire9JWmBk02PZMFOtHg=,lJFt7GmKvN4pVujrxw9LN8ahPV0=
1,-24,5YRZ24J/ire9JWmBk02PZMFOtHg=,bmJ09YEkyJJhJDf45sKBVGwIPGw=
2,-22,5YRZ24J/ire9JWmBk02PZMFOtHg=,qU4sZe++YyO6wZtryAdOOvqNRp0=
1,-22,5YRZ24J/ire9JWmBk02PZMFOtHg=,wrMh0pxwg2RMJJPqKYqKcx1o/YQ=
2,-23,5YRZ24J/ire9JWmBk02PZMFOtHg=,y53C4pbAZTIjjnOEa7xTDePmDKc=
2,-24,5YRZ24J/ire9JWmBk02PZMFOtHg=,y53C4pbAZTIjjnOEa7xTDePmDKc=
1,-23,mg8945kfWfMcE5oBYSPSNDoAq+A=,bmJ09YEkyJJhJDf45sKBVGwIPGw=
3,-22,jmBaylvfn923Xjv+J/TGRtgJws0=,qU4sZe++YyO6wZtryAdOOvqNRp0=
3,-23,jmBaylvfn923Xjv+J/TGRtgJws0=,y53C4pbAZTIjjnOEa7xTDePmDKc=
4,-22,jmBaylvfn923Xjv+J/TGRtgJws0=,lJuwbGDSme2UfZtzbnZRxIfQfCU=
4,-23,jmBaylvfn923Xjv+J/TGRtgJws0=,SEMeaJUjTsMOl4wYJhXeFIpDpk4=
3,-24,NQxaeh83MrU4RoMmCE1oN7qV2ZY=,y53C4pbAZTIjjnOEa7xTDePmDKc=
4,-24,NQxaeh83MrU4RoMmCE1oN7qV2ZY=,SEMeaJUjTsMOl4wYJhXeFIpDpk4=
3,-25,NQxaeh83MrU4RoMmCE1oN7qV2ZY=,lJFt7GmKvN4pVujrxw9LN8ahPV0=
3,-26,NQxaeh83MrU4RoMmCE1oN7qV2ZY=,lJFt7GmKvN4pVujrxw9LN8ahPV0=
4,-25,NQxaeh83MrU4RoMmCE1oN7qV2ZY=,WlxpOWCHqenBlzXA+OTLpzBDNII=
4,-26,NQxaeh83MrU4RoMmCE1oN7qV2ZY=,WlxpOWCHqenBlzXA+OTLpzBDNII=
3,-27,NQxaeh83MrU4RoMmCE1oN7qV2ZY=,QnYRb14GYBTLK8eqOre+pPubzj0=
4,-27,NQxaeh83MrU4RoMmCE1oN7qV2ZY=,cmEnMJdkHgS66MB+BwAsCNQ6bWk=
5,-22,NQxaeh83MrU4RoMmCE1oN7qV2ZY=,lJuwbGDSme2UfZtzbnZRxIfQfCU=
5,-23,NQxaeh83MrU4RoMmCE1oN7qV2ZY=,SEMeaJUjTsMOl4wYJhXeFIpDpk4=
6,-23,NQxaeh83MrU4RoMmCE1oN7qV2ZY=,bNutI0srKF0rvqt9/+T/rTBXSw8=
6,-22,NQxaeh83MrU4RoMmCE1oN7qV2ZY=,ojxPIHFgSTv+k12FO3xk3JQQpug=
7,-23,NQxaeh83MrU4RoMmCE1oN7qV2ZY=,bNutI0srKF0rvqt9/+T/rTBXSw8=
8,-23,NQxaeh83MrU4RoMmCE1oN7qV2ZY=,i820+X5rWL2D8X1NVwUs/ygu4Gg=
8,-22,NQxaeh83MrU4RoMmCE1oN7qV2ZY=,fApXF/udB2yaN2Dja+61NKqQlU8=
7,-22,NQxaeh83MrU4RoMmCE1oN7qV2ZY=,ojxPIHFgSTv+k12FO3xk3JQQpug=
6,-26,tTjrlQZsLge5r28hfiGr3eEdUyU=,Z2vseL5SwWRbbh2XCli4BHONyjQ=
5,-25,tTjrlQZsLge5r28hfiGr3eEdUyU=,WlxpOWCHqenBlzXA+OTLpzBDNII=
5,-26,tTjrlQZsLge5r28hfiGr3eEdUyU=,WlxpOWCHqenBlzXA+OTLpzBDNII=
6,-25,tTjrlQZsLge5r28hfiGr3eEdUyU=,Z2vseL5SwWRbbh2XCli4BHONyjQ=
5,-24,tTjrlQZsLge5r28hfiGr3eEdUyU=,SEMeaJUjTsMOl4wYJhXeFIpDpk4=
5,-27,tTjrlQZsLge5r28hfiGr3eEdUyU=,cmEnMJdkHgS66MB+BwAsCNQ6bWk=
7,-25,tTjrlQZsLge5r28hfiGr3eEdUyU=,Z2vseL5SwWRbbh2XCli4BHONyjQ=
7,-27,tTjrlQZsLge5r28hfiGr3eEdUyU=,cmEnMJdkHgS66MB+BwAsCNQ6bWk=
7,-24,tTjrlQZsLge5r28hfiGr3eEdUyU=,bNutI0srKF0rvqt9/+T/rTBXSw8=
6,-27,tTjrlQZsLge5r28hfiGr3eEdUyU=,cmEnMJdkHgS66MB+BwAsCNQ6bWk=
8,-25,tTjrlQZsLge5r28hfiGr3eEdUyU=,CwA1YLYm89Djm6zqw9YgExqUdzA=
6,-24,tTjrlQZsLge5r28hfiGr3eEdUyU=,bNutI0srKF0rvqt9/+T/rTBXSw8=
7,-26,tTjrlQZsLge5r28hfiGr3eEdUyU=,Z2vseL5SwWRbbh2XCli4BHONyjQ=
8,-24,tTjrlQZsLge5r28hfiGr3eEdUyU=,i820+X5rWL2D8X1NVwUs/ygu4Gg=
8,-26,tTjrlQZsLge5r28hfiGr3eEdUyU=,CwA1YLYm89Djm6zqw9YgExqUdzA=
8,-27,tTjrlQZsLge5r28hfiGr3eEdUyU=,Bfz79pYr2sLPjtE/m13ysPFe2tk=
0,-29,0FOfvwc/2+K+FY45E0KW8/0J3K4=,tZZAG4Gap7+BZpvvHXjfDdkFpAw=
0,-30,0FOfvwc/2+K+FY45E0KW8/0J3K4=,tZZAG4Gap7+BZpvvHXjfDdkFpAw=
0,-28,0FOfvwc/2+K+FY45E0KW8/0J3K4=,QnYRb14GYBTLK8eqOre+pPubzj0=
0,-31,0FOfvwc/2+K+FY45E0KW8/0J3K4=,CswZ/r3czXyqEK/CvFWjZWMEW10=
0,-26,gJ5UyukMtF1iXqNntWCR6soHdKo=,bGOhqHsrKbLJO8KZwzr21iS5OBU=
0,-27,gJ5UyukMtF1iXqNntWCR6soHdKo=,QnYRb14GYBTLK8eqOre+pPubzj0=
0,-25,tEuZCXqU6NzF1WPlioF+WQiXb+Q=,bGOhqHsrKbLJO8KZwzr21iS5OBU=
0,-20,tEuZCXqU6NzF1WPlioF+WQiXb+Q=,wtxLVYqt48avvnf3Py78Ra+Cfo8=
0,-24,tEuZCXqU6NzF1WPlioF+WQiXb+Q=,bmJ09YEkyJJhJDf45sKBVGwIPGw=
0,-21,tEuZCXqU6NzF1WPlioF+WQiXb+Q=,wrMh0pxwg2RMJJPqKYqKcx1o/YQ=
0,-23,tEuZCXqU6NzF1WPlioF+WQiXb+Q=,bmJ09YEkyJJhJDf45sKBVGwIPGw=
0,-22,tEuZCXqU6NzF1WPlioF+WQiXb+Q=,wrMh0pxwg2RMJJPqKYqKcx1o/YQ=
0,-18,tEuZCXqU6NzF1WPlioF+WQiXb+Q=,mDy+ZPk++QlWpQGZts/oKhHi8zo=
0,-19,tEuZCXqU6NzF1WPlioF+WQiXb+Q=,wtxLVYqt48avvnf3Py78Ra+Cfo8=
0,-17,tEuZCXqU6NzF1WPlioF+WQiXb+Q=,mDy+ZPk++QlWpQGZts/oKhHi8zo=
7,-32,Pjk+XqujE/cpF/ZmOpzhgLLe/3c=,CswZ/r3czXyqEK/CvFWjZWMEW10=
8,-32,Pjk+XqujE/cpF/ZmOpzhgLLe/3c=,CswZ/r3czXyqEK/CvFWjZWMEW10=
6,-32,Pjk+XqujE/cpF/ZmOpzhgLLe/3c=,CswZ/r3czXyqEK/CvFWjZWMEW10=
5,-32,Pjk+XqujE/cpF/ZmOpzhgLLe/3c=,CswZ/r3czXyqEK/CvFWjZWMEW10=
4,-32,6+VTQDr270kPalFVp9GO05ZTYiU=,CswZ/r3czXyqEK/CvFWjZWMEW10=
3,-32,6+VTQDr270kPalFVp9GO05ZTYiU=,CswZ/r3czXyqEK/CvFWjZWMEW10=
2,-32,6+VTQDr270kPalFVp9GO05ZTYiU=,CswZ/r3czXyqEK/CvFWjZWMEW10=
1,-32,6+VTQDr270kPalFVp9GO05ZTYiU=,CswZ/r3czXyqEK/CvFWjZWMEW10=
0,-32,6+VTQDr270kPalFVp9GO05ZTYiU=,CswZ/r3czXyqEK/CvFWjZWMEW10=
15,-32,6+VTQDr270kPalFVp9GO05ZTYiU=,CswZ/r3czXyqEK/CvFWjZWMEW10=
2,-2,Xi2v4MM0WnUn5sks5PzhHfjsIIY=,uhA9RpBv50zUOC4iTIlMIvyyWak=
2,-3,Xi2v4MM0WnUn5sks5PzhHfjsIIY=,b56+MDqYGfjehiOeG7DSAtWYcHE=
1,-2,Xi2v4MM0WnUn5sks5PzhHfjsIIY=,qswoTGh6GAqqHtGLQC+uQkRThW4=
1,-3,Xi2v4MM0WnUn5sks5PzhHfjsIIY=,cKTtJLSYSXJXiYaNqZP4tgmm8GY=
1,-5,kPYnYdviwp0AvkjoDu+DgFyBMOk=,r6ffGPyVGlc0Ts4pDDGsy/VHOdc=
2,-5,kPYnYdviwp0AvkjoDu+DgFyBMOk=,A3H1AYOTRcvyW+Z9pc3Cftt7HPA=
2,-4,kPYnYdviwp0AvkjoDu+DgFyBMOk=,b56+MDqYGfjehiOeG7DSAtWYcHE=
1,-4,kPYnYdviwp0AvkjoDu+DgFyBMOk=,cKTtJLSYSXJXiYaNqZP4tgmm8GY=
4,-5,u8mmDRwkYMP9A29vIQ4Ll65xFkY=,A3H1AYOTRcvyW+Z9pc3Cftt7HPA=
4,-4,u8mmDRwkYMP9A29vIQ4Ll65xFkY=,3dKRJNIy5W3LpkZSzV00DFhCmZA=
3,-5,u8mmDRwkYMP9A29vIQ4Ll65xFkY=,A3H1AYOTRcvyW+Z9pc3Cftt7HPA=
3,-4,u8mmDRwkYMP9A29vIQ4Ll65xFkY=,b56+MDqYGfjehiOeG7DSAtWYcHE=
4,-7,7+VU0zOjvwASAyrwGlgAJ/LBgNU=,Vh4ydl+obY15lwbQRY1te0o4SSQ=
4,-6,7+VU0zOjvwASAyrwGlgAJ/LBgNU=,A3H1AYOTRcvyW+Z9pc3Cftt7HPA=
3,-6,7+VU0zOjvwASAyrwGlgAJ/LBgNU=,A3H1AYOTRcvyW+Z9pc3Cftt7HPA=
3,-7,7+VU0zOjvwASAyrwGlgAJ/LBgNU=,Vh4ydl+obY15lwbQRY1te0o4SSQ=
6,-7,h/CUnR2ZwjMj1ZeKKqlJtsy1INg=,XSOnBSby9mIMkPfQZ9cRyodaMbQ=
6,-6,h/CUnR2ZwjMj1ZeKKqlJtsy1INg=,XSOnBSby9mIMkPfQZ9cRyodaMbQ=
5,-6,h/CUnR2ZwjMj1ZeKKqlJtsy1INg=,A3H1AYOTRcvyW+Z9pc3Cftt7HPA=
5,-7,h/CUnR2ZwjMj1ZeKKqlJtsy1INg=,Vh4ydl+obY15lwbQRY1te0o4SSQ=
5,-9,GlUbTCYL6qkvHmJzRx5hdMocyHs=,m/CtCnO4rgd85qklaGCgh18t9/A=
6,-8,GlUbTCYL6qkvHmJzRx5hdMocyHs=,XSOnBSby9mIMkPfQZ9cRyodaMbQ=
6,-9,GlUbTCYL6qkvHmJzRx5hdMocyHs=,Uy2Q7lJdOncuGXKDTx8FAqP8xvk=
5,-8,GlUbTCYL6qkvHmJzRx5hdMocyHs=,Vh4ydl+obY15lwbQRY1te0o4SSQ=
5,-10,6nbGMW/fYEg74G7bEPvYEQ+83js=,m/CtCnO4rgd85qklaGCgh18t9/A=
5,-11,VJWqWSHmITAkpgg0bG3ymP+aCNs=,eI8rIM/q40cYG1B1BnjSr0mft28=
6,-10,VJWqWSHmITAkpgg0bG3ymP+aCNs=,Uy2Q7lJdOncuGXKDTx8FAqP8xvk=
6,-11,VJWqWSHmITAkpgg0bG3ymP+aCNs=,Uy2Q7lJdOncuGXKDTx8FAqP8xvk=
6,-13,WpdvvGoqd9cc5RYwgBmfWUWOvz4=,ZtSomZfH0IZVKaldouHwrKLG7Jg=
5,-13,WpdvvGoqd9cc5RYwgBmfWUWOvz4=,ZtSomZfH0IZVKaldouHwrKLG7Jg=
6,-12,WpdvvGoqd9cc5RYwgBmfWUWOvz4=,Uy2Q7lJdOncuGXKDTx8FAqP8xvk=
5,-12,WpdvvGoqd9cc5RYwgBmfWUWOvz4=,eI8rIM/q40cYG1B1BnjSr0mft28=
8,-13,Bou/6kEQZWroiiNQxU+3thGL6fU=,Dzps2AenJT7r+6VbRo4r0OHoMaU=
8,-12,Bou/6kEQZWroiiNQxU+3thGL6fU=,XIB5GHaYeKfUpRpLfXFmt1I3iH0=
7,-13,Bou/6kEQZWroiiNQxU+3thGL6fU=,ZtSomZfH0IZVKaldouHwrKLG7Jg=
7,-12,Bou/6kEQZWroiiNQxU+3thGL6fU=,Uy2Q7lJdOncuGXKDTx8FAqP8xvk=
6,-14,kRpC5hmhyvEyPQr3tD/si5/vcnM=,ZtSomZfH0IZVKaldouHwrKLG7Jg=
5,-15,kRpC5hmhyvEyPQr3tD/si5/vcnM=,0gyc5P/LHZLuDpwvtyoGIZuOr0k=
6,-15,kRpC5hmhyvEyPQr3tD/si5/vcnM=,0gyc5P/LHZLuDpwvtyoGIZuOr0k=
5,-14,kRpC5hmhyvEyPQr3tD/si5/vcnM=,ZtSomZfH0IZVKaldouHwrKLG7Jg=
8,-11,kRpC5hmhyvEyPQr3tD/si5/vcnM=,XIB5GHaYeKfUpRpLfXFmt1I3iH0=
8,-10,kRpC5hmhyvEyPQr3tD/si5/vcnM=,7n3URBYtVWv0OUSGcp+qcVTgxaA=
7,-11,kRpC5hmhyvEyPQr3tD/si5/vcnM=,Uy2Q7lJdOncuGXKDTx8FAqP8xvk=
7,-10,kRpC5hmhyvEyPQr3tD/si5/vcnM=,Uy2Q7lJdOncuGXKDTx8FAqP8xvk=
8,-9,tTV4+JhWr32CCAInaJG6aiDsPq0=,7n3URBYtVWv0OUSGcp+qcVTgxaA=
7,-8,tTV4+JhWr32CCAInaJG6aiDsPq0=,XSOnBSby9mIMkPfQZ9cRyodaMbQ=
8,-8,tTV4+JhWr32CCAInaJG6aiDsPq0=,q4vUcGKZ04KMlyPh3S4NClxnSd0=
7,-9,tTV4+JhWr32CCAInaJG6aiDsPq0=,Uy2Q7lJdOncuGXKDTx8FAqP8xvk=
10,-8,H1aCHkLBJ74DpO3CTKdqs7GZICE=,G1K0qTwQbGBPYRpqjuysHksq+3w=
10,-9,H1aCHkLBJ74DpO3CTKdqs7GZICE=,GDEpPlGOQKZe+Rf/n8XCFYliBOA=
9,-9,H1aCHkLBJ74DpO3CTKdqs7GZICE=,7n3URBYtVWv0OUSGcp+qcVTgxaA=
9,-8,H1aCHkLBJ74DpO3CTKdqs7GZICE=,q4vUcGKZ04KMlyPh3S4NClxnSd0=
7,-6,H1aCHkLBJ74DpO3CTKdqs7GZICE=,XSOnBSby9mIMkPfQZ9cRyodaMbQ=
7,-7,+LQCKW0ccRbbxa4UySaxmz75R00=,XSOnBSby9mIMkPfQZ9cRyodaMbQ=
8,-6,+LQCKW0ccRbbxa4UySaxmz75R00=,oqzPMcgziuUScd+C/XzlJxn+EAk=
8,-7,+LQCKW0ccRbbxa4UySaxmz75R00=,q4vUcGKZ04KMlyPh3S4NClxnSd0=
10,-7,HkyIePHtdu5RxU3mXZrBA6zFkfs=,G1K0qTwQbGBPYRpqjuysHksq+3w=
9,-6,HkyIePHtdu5RxU3mXZrBA6zFkfs=,oqzPMcgziuUScd+C/XzlJxn+EAk=
10,-6,HkyIePHtdu5RxU3mXZrBA6zFkfs=,GAaP5pvQXJDt4QgHkMOncJSlT6w=
9,-7,HkyIePHtdu5RxU3mXZrBA6zFkfs=,q4vUcGKZ04KMlyPh3S4NClxnSd0=
11,-8,ql+MATmzTvSYJP3yZsWx9+bGJmc=,G1K0qTwQbGBPYRpqjuysHksq+3w=
11,-9,ql+MATmzTvSYJP3yZsWx9+bGJmc=,GDEpPlGOQKZe+Rf/n8XCFYliBOA=
12,-8,ql+MATmzTvSYJP3yZsWx9+bGJmc=,b75SbLpNg6acjt0pFM+4lK/rick=
12,-9,ql+MATmzTvSYJP3yZsWx9+bGJmc=,DBh1I4ZvybHjECBAiokxY3Yyj4w=
11,-6,EedclLQU8cTdfi4VgeUs/2ik0qQ=,GAaP5pvQXJDt4QgHkMOncJSlT6w=
11,-7,EedclLQU8cTdfi4VgeUs/2ik0qQ=,G1K0qTwQbGBPYRpqjuysHksq+3w=
12,-6,EedclLQU8cTdfi4VgeUs/2ik0qQ=,GAaP5pvQXJDt4QgHkMOncJSlT6w=
12,-7,EedclLQU8cTdfi4VgeUs/2ik0qQ=,b75SbLpNg6acjt0pFM+4lK/rick=
14,-13,PhC8ZPmkBINYa4Z/aS354VlKAmI=,KcoEIAXA4pRF/kh5u5UxB3Ja54c=
13,-13,PhC8ZPmkBINYa4Z/aS354VlKAmI=,KcoEIAXA4pRF/kh5u5UxB3Ja54c=
14,-12,rX01iRmMcesfkZTUC4iD3/1q6TI=,KcoEIAXA4pRF/kh5u5UxB3Ja54c=
13,-12,rX01iRmMcesfkZTUC4iD3/1q6TI=,4JCHUL7uQb//yg7lnZfFW+/TOds=
11,-14,rX01iRmMcesfkZTUC4iD3/1q6TI=,rH26x6rjdsG+FHb4GSza831v76E=
14,-15,DI2olXQawdh0t9C1AxIYGFCOokY=,cxm/HNzVSgrK9EmmFQTRjGNEhX0=
11,-15,DI2olXQawdh0t9C1AxIYGFCOokY=,rH26x6rjdsG+FHb4GSza831v76E=
12,-15,DI2olXQawdh0t9C1AxIYGFCOokY=,6j65z70gPtN2XnuuS3AJ24CuVOw=
14,-14,DI2olXQawdh0t9C1AxIYGFCOokY=,KcoEIAXA4pRF/kh5u5UxB3Ja54c=
12,-14,DI2olXQawdh0t9C1AxIYGFCOokY=,KcoEIAXA4pRF/kh5u5UxB3Ja54c=
13,-15,DI2olXQawdh0t9C1AxIYGFCOokY=,6j65z70gPtN2XnuuS3AJ24CuVOw=
13,-14,DI2olXQawdh0t9C1AxIYGFCOokY=,KcoEIAXA4pRF/kh5u5UxB3Ja54c=
8,-14,DI2olXQawdh0t9C1AxIYGFCOokY=,Dzps2AenJT7r+6VbRo4r0OHoMaU=
9,-14,DI2olXQawdh0t9C1AxIYGFCOokY=,Dzps2AenJT7r+6VbRo4r0OHoMaU=
8,-15,DI2olXQawdh0t9C1AxIYGFCOokY=,Dzps2AenJT7r+6VbRo4r0OHoMaU=
9,-15,DI2olXQawdh0t9C1AxIYGFCOokY=,Dzps2AenJT7r+6VbRo4r0OHoMaU=
7,-14,DJ6eDdq30oAzmxoxZWgrFEesgDk=,ZtSomZfH0IZVKaldouHwrKLG7Jg=
12,-11,DJ6eDdq30oAzmxoxZWgrFEesgDk=,4JCHUL7uQb//yg7lnZfFW+/TOds=
12,-10,DJ6eDdq30oAzmxoxZWgrFEesgDk=,DBh1I4ZvybHjECBAiokxY3Yyj4w=
7,-15,DJ6eDdq30oAzmxoxZWgrFEesgDk=,0gyc5P/LHZLuDpwvtyoGIZuOr0k=
11,-13,DJ6eDdq30oAzmxoxZWgrFEesgDk=,rH26x6rjdsG+FHb4GSza831v76E=
10,-13,DJ6eDdq30oAzmxoxZWgrFEesgDk=,rH26x6rjdsG+FHb4GSza831v76E=
10,-12,DJ6eDdq30oAzmxoxZWgrFEesgDk=,Ce6kniHGwI8ACeAMIQqgc2L7PbQ=
9,-12,DJ6eDdq30oAzmxoxZWgrFEesgDk=,XIB5GHaYeKfUpRpLfXFmt1I3iH0=
9,-13,DJ6eDdq30oAzmxoxZWgrFEesgDk=,Dzps2AenJT7r+6VbRo4r0OHoMaU=
10,-11,DJ6eDdq30oAzmxoxZWgrFEesgDk=,Ce6kniHGwI8ACeAMIQqgc2L7PbQ=
9,-11,DJ6eDdq30oAzmxoxZWgrFEesgDk=,XIB5GHaYeKfUpRpLfXFmt1I3iH0=
10,-15,DJ6eDdq30oAzmxoxZWgrFEesgDk=,rH26x6rjdsG+FHb4GSza831v76E=
12,-13,DJ6eDdq30oAzmxoxZWgrFEesgDk=,KcoEIAXA4pRF/kh5u5UxB3Ja54c=
10,-10,DJ6eDdq30oAzmxoxZWgrFEesgDk=,GDEpPlGOQKZe+Rf/n8XCFYliBOA=
9,-10,DJ6eDdq30oAzmxoxZWgrFEesgDk=,7n3URBYtVWv0OUSGcp+qcVTgxaA=
10,-16,DJ6eDdq30oAzmxoxZWgrFEesgDk=,rH26x6rjdsG+FHb4GSza831v76E=
9,-16,DJ6eDdq30oAzmxoxZWgrFEesgDk=,Dzps2AenJT7r+6VbRo4r0OHoMaU=
10,-14,DJ6eDdq30oAzmxoxZWgrFEesgDk=,rH26x6rjdsG+FHb4GSza831v76E=
11,-10,tV6BwaCe89HbNgapvKIetKGHN+I=,GDEpPlGOQKZe+Rf/n8XCFYliBOA=
14,-16,tV6BwaCe89HbNgapvKIetKGHN+I=,cxm/HNzVSgrK9EmmFQTRjGNEhX0=
12,-12,tV6BwaCe89HbNgapvKIetKGHN+I=,4JCHUL7uQb//yg7lnZfFW+/TOds=
11,-12,tV6BwaCe89HbNgapvKIetKGHN+I=,Ce6kniHGwI8ACeAMIQqgc2L7PbQ=
11,-11,tV6BwaCe89HbNgapvKIetKGHN+I=,Ce6kniHGwI8ACeAMIQqgc2L7PbQ=
12,-16,tV6BwaCe89HbNgapvKIetKGHN+I=,6j65z70gPtN2XnuuS3AJ24CuVOw=
11,-16,tV6BwaCe89HbNgapvKIetKGHN+I=,rH26x6rjdsG+FHb4GSza831v76E=
13,-16,tV6BwaCe89HbNgapvKIetKGHN+I=,6j65z70gPtN2XnuuS3AJ24CuVOw=
4,-13,33jAaTj2LYZo0qbdJte5oJPuIpQ=,ZtSomZfH0IZVKaldouHwrKLG7Jg=
3,-13,33jAaTj2LYZo0qbdJte5oJPuIpQ=,YgiNh2Md6h7QRBykOmXmHRjTddw=
1,-13,33jAaTj2LYZo0qbdJte5oJPuIpQ=,UfqEj0y2kSRfrX2GdrPa6Awx2pc=
2,-13,33jAaTj2LYZo0qbdJte5oJPuIpQ=,YgiNh2Md6h7QRBykOmXmHRjTddw=
2,-12,33jAaTj2LYZo0qbdJte5oJPuIpQ=,KcoEIAXA4pRF/kh5u5UxB3Ja54c=
4,-12,33jAaTj2LYZo0qbdJte5oJPuIpQ=,eI8rIM/q40cYG1B1BnjSr0mft28=
3,-12,33jAaTj2LYZo0qbdJte5oJPuIpQ=,KcoEIAXA4pRF/kh5u5UxB3Ja54c=
1,-12,33jAaTj2LYZo0qbdJte5oJPuIpQ=,w04RlU2zGVo5KaUAnPOS+p4opgI=
3,-10,4IA7iInwhQ3jMz7DzULZ5C/6Stk=,U1+sFtZW/bv24F1Ho3N6Va4GFWg=
4,-10,4IA7iInwhQ3jMz7DzULZ5C/6Stk=,m/CtCnO4rgd85qklaGCgh18t9/A=
3,-9,zw/4JUTTBLDFlOzY9qsd7ytTx8Y=,U1+sFtZW/bv24F1Ho3N6Va4GFWg=
4,-15,zw/4JUTTBLDFlOzY9qsd7ytTx8Y=,0gyc5P/LHZLuDpwvtyoGIZuOr0k=
4,-9,zw/4JUTTBLDFlOzY9qsd7ytTx8Y=,m/CtCnO4rgd85qklaGCgh18t9/A=
2,-10,zw/4JUTTBLDFlOzY9qsd7ytTx8Y=,U1+sFtZW/bv24F1Ho3N6Va4GFWg=
3,-8,zw/4JUTTBLDFlOzY9qsd7ytTx8Y=,Vh4ydl+obY15lwbQRY1te0o4SSQ=
3,-15,zw/4JUTTBLDFlOzY9qsd7ytTx8Y=,gRLZVGEhxWFqSh96eQmZTCl20EY=
4,-8,zw/4JUTTBLDFlOzY9qsd7ytTx8Y=,Vh4ydl+obY15lwbQRY1te0o4SSQ=
4,-11,zw/4JUTTBLDFlOzY9qsd7ytTx8Y=,eI8rIM/q40cYG1B1BnjSr0mft28=
3,-14,zw/4JUTTBLDFlOzY9qsd7ytTx8Y=,YgiNh2Md6h7QRBykOmXmHRjTddw=
4,-14,zw/4JUTTBLDFlOzY9qsd7ytTx8Y=,ZtSomZfH0IZVKaldouHwrKLG7Jg=
3,-11,zw/4JUTTBLDFlOzY9qsd7ytTx8Y=,KcoEIAXA4pRF/kh5u5UxB3Ja54c=
1,-14,zw/4JUTTBLDFlOzY9qsd7ytTx8Y=,UfqEj0y2kSRfrX2GdrPa6Awx2pc=
1,-10,zw/4JUTTBLDFlOzY9qsd7ytTx8Y=,rHsX6lvPzJWODxnywwxi6Bj25uI=
2,-15,zw/4JUTTBLDFlOzY9qsd7ytTx8Y=,gRLZVGEhxWFqSh96eQmZTCl20EY=
2,-11,zw/4JUTTBLDFlOzY9qsd7ytTx8Y=,KcoEIAXA4pRF/kh5u5UxB3Ja54c=
1,-15,zw/4JUTTBLDFlOzY9qsd7ytTx8Y=,gRLZVGEhxWFqSh96eQmZTCl20EY=
2,-14,zw/4JUTTBLDFlOzY9qsd7ytTx8Y=,YgiNh2Md6h7QRBykOmXmHRjTddw=
1,-11,zw/4JUTTBLDFlOzY9qsd7ytTx8Y=,w04RlU2zGVo5KaUAnPOS+p4opgI=
1,-16,fa9UxlYDMMmbIvGAxMWoKnUMDAg=,gRLZVGEhxWFqSh96eQmZTCl20EY=
2,-16,fa9UxlYDMMmbIvGAxMWoKnUMDAg=,gRLZVGEhxWFqSh96eQmZTCl20EY=
1,-8,fBnIAK9G3VBJOmxf5UGwRBD7NRI=,wsVuLCkjmKeRnqytbLkDq1o7GkM=
0,-8,fBnIAK9G3VBJOmxf5UGwRBD7NRI=,wsVuLCkjmKeRnqytbLkDq1o7GkM=
2,-9,fBnIAK9G3VBJOmxf5UGwRBD7NRI=,U1+sFtZW/bv24F1Ho3N6Va4GFWg=
2,-8,fBnIAK9G3VBJOmxf5UGwRBD7NRI=,Vh4ydl+obY15lwbQRY1te0o4SSQ=
1,-7,fBnIAK9G3VBJOmxf5UGwRBD7NRI=,wsVuLCkjmKeRnqytbLkDq1o7GkM=
0,-9,fBnIAK9G3VBJOmxf5UGwRBD7NRI=,rHsX6lvPzJWODxnywwxi6Bj25uI=
0,-11,fBnIAK9G3VBJOmxf5UGwRBD7NRI=,w04RlU2zGVo5KaUAnPOS+p4opgI=
1,-9,fBnIAK9G3VBJOmxf5UGwRBD7NRI=,rHsX6lvPzJWODxnywwxi6Bj25uI=
1,-6,fBnIAK9G3VBJOmxf5UGwRBD7NRI=,r6ffGPyVGlc0Ts4pDDGsy/VHOdc=
0,-10,fBnIAK9G3VBJOmxf5UGwRBD7NRI=,rHsX6lvPzJWODxnywwxi6Bj25uI=
2,-6,fBnIAK9G3VBJOmxf5UGwRBD7NRI=,A3H1AYOTRcvyW+Z9pc3Cftt7HPA=
0,-13,fBnIAK9G3VBJOmxf5UGwRBD7NRI=,UfqEj0y2kSRfrX2GdrPa6Awx2pc=
2,-7,fBnIAK9G3VBJOmxf5UGwRBD7NRI=,Vh4ydl+obY15lwbQRY1te0o4SSQ=
0,-12,F+pgVHE7IAMsbBB8meo3BA4Ve20=,w04RlU2zGVo5KaUAnPOS+p4opgI=
0,-14,43JBktGsjWUYCikLsVKw1BuHaXw=,UfqEj0y2kSRfrX2GdrPa6Awx2pc=
0,-15,43JBktGsjWUYCikLsVKw1BuHaXw=,gRLZVGEhxWFqSh96eQmZTCl20EY=
0,-5,43JBktGsjWUYCikLsVKw1BuHaXw=,r6ffGPyVGlc0Ts4pDDGsy/VHOdc=
0,-7,43JBktGsjWUYCikLsVKw1BuHaXw=,wsVuLCkjmKeRnqytbLkDq1o7GkM=
0,-6,43JBktGsjWUYCikLsVKw1BuHaXw=,r6ffGPyVGlc0Ts4pDDGsy/VHOdc=
0,-3,43JBktGsjWUYCikLsVKw1BuHaXw=,cKTtJLSYSXJXiYaNqZP4tgmm8GY=
0,-4,43JBktGsjWUYCikLsVKw1BuHaXw=,cKTtJLSYSXJXiYaNqZP4tgmm8GY=
0,-16,43JBktGsjWUYCikLsVKw1BuHaXw=,gRLZVGEhxWFqSh96eQmZTCl20EY=
0,-2,GD+q9SoXMJsY4mxH68qJao5fGBM=,qswoTGh6GAqqHtGLQC+uQkRThW4=
0,-1,GD+q9SoXMJsY4mxH68qJao5fGBM=,qswoTGh6GAqqHtGLQC+uQkRThW4=
3,-2,CVu+KfWeZelVZJ2weX8tsL6fMQE=,uhA9RpBv50zUOC4iTIlMIvyyWak=
3,-3,CVu+KfWeZelVZJ2weX8tsL6fMQE=,b56+MDqYGfjehiOeG7DSAtWYcHE=
5,-5,CVu+KfWeZelVZJ2weX8tsL6fMQE=,A3H1AYOTRcvyW+Z9pc3Cftt7HPA=
4,-2,CVu+KfWeZelVZJ2weX8tsL6fMQE=,xvgT40RlfY9x/tRJJA74M4rCuEY=
4,-3,CVu+KfWeZelVZJ2weX8tsL6fMQE=,3dKRJNIy5W3LpkZSzV00DFhCmZA=
6,-2,CVu+KfWeZelVZJ2weX8tsL6fMQE=,xvgT40RlfY9x/tRJJA74M4rCuEY=
6,-3,CVu+KfWeZelVZJ2weX8tsL6fMQE=,xvgT40RlfY9x/tRJJA74M4rCuEY=
5,-2,CVu+KfWeZelVZJ2weX8tsL6fMQE=,xvgT40RlfY9x/tRJJA74M4rCuEY=
5,-4,CVu+KfWeZelVZJ2weX8tsL6fMQE=,3dKRJNIy5W3LpkZSzV00DFhCmZA=
5,-3,CVu+KfWeZelVZJ2weX8tsL6fMQE=,3dKRJNIy5W3LpkZSzV00DFhCmZA=
6,-4,CVu+KfWeZelVZJ2weX8tsL6fMQE=,xvgT40RlfY9x/tRJJA74M4rCuEY=
6,-5,CVu+KfWeZelVZJ2weX8tsL6fMQE=,XSOnBSby9mIMkPfQZ9cRyodaMbQ=
8,-5,o3H0HwRlJskGXQFSq33i5bcXOPA=,oqzPMcgziuUScd+C/XzlJxn+EAk=
8,-4,o3H0HwRlJskGXQFSq33i5bcXOPA=,PBEDgneZkTlZpsZg3zBT3OP9jUQ=
7,-5,o3H0HwRlJskGXQFSq33i5bcXOPA=,XSOnBSby9mIMkPfQZ9cRyodaMbQ=
7,-4,o3H0HwRlJskGXQFSq33i5bcXOPA=,xvgT40RlfY9x/tRJJA74M4rCuEY=
8,-2,3dMwG9Hmr0etJg9o+E/eiDWlv2I=,YV+lK0FNXCFLAI5T88+O1G9QiDc=
7,-2,3dMwG9Hmr0etJg9o+E/eiDWlv2I=,xvgT40RlfY9x/tRJJA74M4rCuEY=
8,-3,6ibKe9MdvJf3rdCOIGNmGQY+IZE=,PBEDgneZkTlZpsZg3zBT3OP9jUQ=
9,-4,6ibKe9MdvJf3rdCOIGNmGQY+IZE=,PBEDgneZkTlZpsZg3zBT3OP9jUQ=
9,-5,6ibKe9MdvJf3rdCOIGNmGQY+IZE=,oqzPMcgziuUScd+C/XzlJxn+EAk=
9,-2,6ibKe9MdvJf3rdCOIGNmGQY+IZE=,YV+lK0FNXCFLAI5T88+O1G9QiDc=
7,-3,6ibKe9MdvJf3rdCOIGNmGQY+IZE=,xvgT40RlfY9x/tRJJA74M4rCuEY=
10,-2,6ibKe9MdvJf3rdCOIGNmGQY+IZE=,U968z9OiuzPwNsxAENEdrDXZyS0=
10,-4,6ibKe9MdvJf3rdCOIGNmGQY+IZE=,DMJ95N8mFKwDacJ5IDXbteNzbw8=
10,-5,6ibKe9MdvJf3rdCOIGNmGQY+IZE=,GAaP5pvQXJDt4QgHkMOncJSlT6w=
9,-3,6ibKe9MdvJf3rdCOIGNmGQY+IZE=,PBEDgneZkTlZpsZg3zBT3OP9jUQ=
10,-3,6ibKe9MdvJf3rdCOIGNmGQY+IZE=,DMJ95N8mFKwDacJ5IDXbteNzbw8=
11,-4,ZzotjX3VyKp3Q9Qnpzu1WnHdMFc=,DMJ95N8mFKwDacJ5IDXbteNzbw8=
12,-4,ZzotjX3VyKp3Q9Qnpzu1WnHdMFc=,qWQjuDFKLWu0ZuBcYDGMcFFDlVo=
11,-5,ZzotjX3VyKp3Q9Qnpzu1WnHdMFc=,GAaP5pvQXJDt4QgHkMOncJSlT6w=
12,-5,ZzotjX3VyKp3Q9Qnpzu1WnHdMFc=,GAaP5pvQXJDt4QgHkMOncJSlT6w=
12,-2,si9V1W+kJjJYTlzCl1ypzTdRA6w=,R7LYKqAHXWgStDXKYtf3feLWNYY=
11,-3,si9V1W+kJjJYTlzCl1ypzTdRA6w=,DMJ95N8mFKwDacJ5IDXbteNzbw8=
12,-3,si9V1W+kJjJYTlzCl1ypzTdRA6w=,qWQjuDFKLWu0ZuBcYDGMcFFDlVo=
11,-2,si9V1W+kJjJYTlzCl1ypzTdRA6w=,U968z9OiuzPwNsxAENEdrDXZyS0=
14,-2,AI/kY3DiovdL+5I2qZoK4+aMjGo=,XtAQbwOtm2Z71B3s43VTGjRfkR8=
13,-2,AI/kY3DiovdL+5I2qZoK4+aMjGo=,R7LYKqAHXWgStDXKYtf3feLWNYY=
13,-3,AI/kY3DiovdL+5I2qZoK4+aMjGo=,qWQjuDFKLWu0ZuBcYDGMcFFDlVo=
14,-3,AI/kY3DiovdL+5I2qZoK4+aMjGo=,qWQjuDFKLWu0ZuBcYDGMcFFDlVo=
14,-4,AI/kY3DiovdL+5I2qZoK4+aMjGo=,qWQjuDFKLWu0ZuBcYDGMcFFDlVo=
13,-4,AI/kY3DiovdL+5I2qZoK4+aMjGo=,qWQjuDFKLWu0ZuBcYDGMcFFDlVo=
14,-5,AI/kY3DiovdL+5I2qZoK4+aMjGo=,pO/LlFZ0F/FIL44gQpxeKeKuebo=
13,-5,AI/kY3DiovdL+5I2qZoK4+aMjGo=,GAaP5pvQXJDt4QgHkMOncJSlT6w=
15,-6,5GX0NyPPEY50TsQUmPyUM+xXMeM=,pO/LlFZ0F/FIL44gQpxeKeKuebo=
14,-6,5GX0NyPPEY50TsQUmPyUM+xXMeM=,pO/LlFZ0F/FIL44gQpxeKeKuebo=
13,-6,5GX0NyPPEY50TsQUmPyUM+xXMeM=,GAaP5pvQXJDt4QgHkMOncJSlT6w=
14,-11,5Ig42hokZgwBzqbh2TnbfUEduiY=,KcoEIAXA4pRF/kh5u5UxB3Ja54c=
13,-7,5Ig42hokZgwBzqbh2TnbfUEduiY=,b75SbLpNg6acjt0pFM+4lK/rick=
14,-10,5Ig42hokZgwBzqbh2TnbfUEduiY=,DBh1I4ZvybHjECBAiokxY3Yyj4w=
14,-7,5Ig42hokZgwBzqbh2TnbfUEduiY=,vpYK7bihQaKqBlJDv0RGfJKjZ6Y=
13,-11,5Ig42hokZgwBzqbh2TnbfUEduiY=,4JCHUL7uQb//yg7lnZfFW+/TOds=
13,-8,5Ig42hokZgwBzqbh2TnbfUEduiY=,b75SbLpNg6acjt0pFM+4lK/rick=
15,-7,5Ig42hokZgwBzqbh2TnbfUEduiY=,vpYK7bihQaKqBlJDv0RGfJKjZ6Y=
13,-10,5Ig42hokZgwBzqbh2TnbfUEduiY=,DBh1I4ZvybHjECBAiokxY3Yyj4w=
15,-8,5Ig42hokZgwBzqbh2TnbfUEduiY=,vpYK7bihQaKqBlJDv0RGfJKjZ6Y=
13,-9,5Ig42hokZgwBzqbh2TnbfUEduiY=,DBh1I4ZvybHjECBAiokxY3Yyj4w=
15,-9,5Ig42hokZgwBzqbh2TnbfUEduiY=,DBh1I4ZvybHjECBAiokxY3Yyj4w=
14,-9,5Ig42hokZgwBzqbh2TnbfUEduiY=,DBh1I4ZvybHjECBAiokxY3Yyj4w=
14,-8,5Ig42hokZgwBzqbh2TnbfUEduiY=,vpYK7bihQaKqBlJDv0RGfJKjZ6Y=
15,-4,5Ig42hokZgwBzqbh2TnbfUEduiY=,qWQjuDFKLWu0ZuBcYDGMcFFDlVo=
15,-5,5Ig42hokZgwBzqbh2TnbfUEduiY=,pO/LlFZ0F/FIL44gQpxeKeKuebo=
15,-3,T/2F0FixfzNazQwG6OI8Gge+/JY=,qWQjuDFKLWu0ZuBcYDGMcFFDlVo=
15,-2,T/2F0FixfzNazQwG6OI8Gge+/JY=,XtAQbwOtm2Z71B3s43VTGjRfkR8=
13,-1,T/2F0FixfzNazQwG6OI8Gge+/JY=,R7LYKqAHXWgStDXKYtf3feLWNYY=
12,-1,T/2F0FixfzNazQwG6OI8Gge+/JY=,R7LYKqAHXWgStDXKYtf3feLWNYY=
15,-1,T/2F0FixfzNazQwG6OI8Gge+/JY=,XtAQbwOtm2Z71B3s43VTGjRfkR8=
14,-1,T/2F0FixfzNazQwG6OI8Gge+/JY=,XtAQbwOtm2Z71B3s43VTGjRfkR8=
11,-1,T/2F0FixfzNazQwG6OI8Gge+/JY=,U968z9OiuzPwNsxAENEdrDXZyS0=
10,-1,1zBWRrMqiWg9HXGpwr39MlksVY4=,U968z9OiuzPwNsxAENEdrDXZyS0=
9,-1,1zBWRrMqiWg9HXGpwr39MlksVY4=,YV+lK0FNXCFLAI5T88+O1G9QiDc=
8,-1,1zBWRrMqiWg9HXGpwr39MlksVY4=,YV+lK0FNXCFLAI5T88+O1G9QiDc=
7,-1,1zBWRrMqiWg9HXGpwr39MlksVY4=,xvgT40RlfY9x/tRJJA74M4rCuEY=
3,-1,1zBWRrMqiWg9HXGpwr39MlksVY4=,uhA9RpBv50zUOC4iTIlMIvyyWak=
2,-1,1zBWRrMqiWg9HXGpwr39MlksVY4=,uhA9RpBv50zUOC4iTIlMIvyyWak=
1,-1,1zBWRrMqiWg9HXGpwr39MlksVY4=,qswoTGh6GAqqHtGLQC+uQkRThW4=
6,-1,1zBWRrMqiWg9HXGpwr39MlksVY4=,xvgT40RlfY9x/tRJJA74M4rCuEY=
5,-1,1zBWRrMqiWg9HXGpwr39MlksVY4=,xvgT40RlfY9x/tRJJA74M4rCuEY=
15,-16,1zBWRrMqiWg9HXGpwr39MlksVY4=,cxm/HNzVSgrK9EmmFQTRjGNEhX0=
15,-10,1zBWRrMqiWg9HXGpwr39MlksVY4=,DBh1I4ZvybHjECBAiokxY3Yyj4w=
8,-16,1zBWRrMqiWg9HXGpwr39MlksVY4=,Dzps2AenJT7r+6VbRo4r0OHoMaU=
15,-15,1zBWRrMqiWg9HXGpwr39MlksVY4=,cxm/HNzVSgrK9EmmFQTRjGNEhX0=
4,-1,1zBWRrMqiWg9HXGpwr39MlksVY4=,xvgT40RlfY9x/tRJJA74M4rCuEY=
15,-14,1zBWRrMqiWg9HXGpwr39MlksVY4=,KcoEIAXA4pRF/kh5u5UxB3Ja54c=
7,-16,1zBWRrMqiWg9HXGpwr39MlksVY4=,0gyc5P/LHZLuDpwvtyoGIZuOr0k=
3,-16,1zBWRrMqiWg9HXGpwr39MlksVY4=,gRLZVGEhxWFqSh96eQmZTCl20EY=
4,-16,1zBWRrMqiWg9HXGpwr39MlksVY4=,0gyc5P/LHZLuDpwvtyoGIZuOr0k=
6,-16,1zBWRrMqiWg9HXGpwr39MlksVY4=,0gyc5P/LHZLuDpwvtyoGIZuOr0k=
15,-11,1zBWRrMqiWg9HXGpwr39MlksVY4=,KcoEIAXA4pRF/kh5u5UxB3Ja54c=
15,-13,1zBWRrMqiWg9HXGpwr39MlksVY4=,KcoEIAXA4pRF/kh5u5UxB3Ja54c=
5,-16,5Akus8IY0hxb5jPnThrnMbHV26M=,0gyc5P/LHZLuDpwvtyoGIZuOr0k=
15,-12,5Akus8IY0hxb5jPnThrnMbHV26M=,KcoEIAXA4pRF/kh5u5UxB3Ja54c=
