-1,-1,UPqomPAJ3nfOpxJQoWuN7zuct10=,DwThw7uHErfr2PtwhCHJr5/qTwE=
-1,-2,UPqomPAJ3nfOpxJQoWuN7zuct10=,ETFLTSSZOs3XSW/9uxt6f3FXp+w=
-1,-3,UPqomPAJ3nfOpxJQoWuN7zuct10=,SpAaOc016zyjHvUcMmRedhu7yXw=
-1,-4,UPqomPAJ3nfOpxJQoWuN7zuct10=,SpAaOc016zyjHvUcMmRedhu7yXw=
-1,-5,UPqomPAJ3nfOpxJQoWuN7zuct10=,Ow4mVkz6sXiQgWUETZOOBhF8YZU=
-1,-6,UPqomPAJ3nfOpxJQoWuN7zuct10=,ARATiuC7PpstUXo7QZDH/DoYfkk=
-1,-7,UPqomPAJ3nfOpxJQoWuN7zuct10=,0zaVZVMyBpzzTS0B6jvtyaCQg80=
-1,-8,UPqomPAJ3nfOpxJQoWuN7zuct10=,FTToBektXdJHDhQMF9qicc9CD78=
-1,-9,FhQrloA5PFP5kYDW7bvWVh1lpEU=,TlsZ34qoqwdlmFGmBVURwDrZvyM=
-1,-10,FhQrloA5PFP5kYDW7bvWVh1lpEU=,rGXlZ4jJc1nFjfUfXIlVqlClOks=
-1,-11,FhQrloA5PFP5kYDW7bvWVh1lpEU=,7XRAINp7BbG2Ef+OugtYwGQhCr8=
-1,-12,FhQrloA5PFP5kYDW7bvWVh1lpEU=,SROR+wyVpUTh4m2wDfhY7zvacHg=
-1,-13,FhQrloA5PFP5kYDW7bvWVh1lpEU=,+Vw6aCxPFZAAeXZaZSwRJ474eXU=
-1,-14,FhQrloA5PFP5kYDW7bvWVh1lpEU=,zyjbRwlEIgUxcGOxReiWT9XgDXk=
-1,-15,FhQrloA5PFP5kYDW7bvWVh1lpEU=,jwA7t2ycN7+2p0aXuTnoGEapbTA=
-1,-16,FhQrloA5PFP5kYDW7bvWVh1lpEU=,rF0Q9Hqbu39yzwa6xHb1dYSjp3A=
-1,-17,FhQrloA5PFP5kYDW7bvWVh1lpEU=,px6EYJm2LFFsLo15bukcOkTwaG8=
-1,-18,FhQrloA5PFP5kYDW7bvWVh1lpEU=,vlggkl2J39d3KWGrnVx3BrHIt0Y=
-1,-19,FhQrloA5PFP5kYDW7bvWVh1lpEU=,zhAMPY+9qY6towfSiVN/pdJnFaM=
-1,-20,FhQrloA5PFP5kYDW7bvWVh1lpEU=,/4uOkyFJTOwZzxk/az7cBwY+W1Y=
-2,-2,FhQrloA5PFP5kYDW7bvWVh1lpEU=,HkHHiwgZmFIsh0NM28DKMMxxceM=
-2,-1,FhQrloA5PFP5kYDW7bvWVh1lpEU=,PobiRCdVsCU9y8hZFRGNo3UpooA=
-2,-4,FhQrloA5PFP5kYDW7bvWVh1lpEU=,xPrxy3Y8vgt2j9BCCY6cYRlISDs=
-2,-3,FhQrloA5PFP5kYDW7bvWVh1lpEU=,Ji3cC0qYfHsjM4HVMdHNIdKZoeo=
-2,-6,FhQrloA5PFP5kYDW7bvWVh1lpEU=,MhBEny1LscDaq2zlf8AIJFCmBug=
-2,-5,FhQrloA5PFP5kYDW7bvWVh1lpEU=,JXdrWSN8qLo6Q4zUgYevko8pTPI=
-2,-8,FhQrloA5PFP5kYDW7bvWVh1lpEU=,90mv1lI5aM77A72qX+D14XxshpA=
-2,-7,FhQrloA5PFP5kYDW7bvWVh1lpEU=,Ub37U5fw12X9Y85WOx5K2+GBycI=
-2,-10,FhQrloA5PFP5kYDW7bvWVh1lpEU=,nkr9eDczzrgUmWMK+tLnTt4C2ao=
-2,-9,FhQrloA5PFP5kYDW7bvWVh1lpEU=,FMrXnISQDuLgHSrdZSMmmSJyCEw=
-2,-12,FhQrloA5PFP5kYDW7bvWVh1lpEU=,tqxW1oEwIv7UWnRvISZLgTVtwGI=
-2,-11,FhQrloA5PFP5kYDW7bvWVh1lpEU=,mcoQmzPjXTiQQXz8AaZy97kQD0s=
-2,-14,FhQrloA5PFP5kYDW7bvWVh1lpEU=,9nf+9NKwTlZDQgTkaD32dwQiyUU=
-2,-13,FhQrloA5PFP5kYDW7bvWVh1lpEU=,ZyNUZp2GTpVlZym4v3qmowlZj2I=
-2,-16,FhQrloA5PFP5kYDW7bvWVh1lpEU=,s2a6gmL97Cd4UfxIZMRhx4rd2bM=
-2,-15,FhQrloA5PFP5kYDW7bvWVh1lpEU=,wrBuZNTlwKAZs4eTK+LY2FqgzBE=
-2,-18,FhQrloA5PFP5kYDW7bvWVh1lpEU=,mKh4awvGwqXpe9N1IlF9ZNqClKU=
-2,-17,FhQrloA5PFP5kYDW7bvWVh1lpEU=,+nebtNHxJlSVSUIT5pHwO+uLNtw=
-2,-20,FhQrloA5PFP5kYDW7bvWVh1lpEU=,/4uOkyFJTOwZzxk/az7cBwY+W1Y=
-2,-19,FhQrloA5PFP5kYDW7bvWVh1lpEU=,mCDDjrwPE7qYks17cXgBXGBG/YI=
-3,-3,FhQrloA5PFP5kYDW7bvWVh1lpEU=,/+2JWC2N9mzGMJudFTUxDtq3kRk=
-3,-4,FhQrloA5PFP5kYDW7bvWVh1lpEU=,fubBJVQ5/Ny26Gu/2JlOMti57UA=
-3,-1,FhQrloA5PFP5kYDW7bvWVh1lpEU=,w4HBkp/wP5FvbyYvpAGLVje84WU=
-3,-2,Aup8pw7Z7UmY5QNA3khOrR+p4fg=,/+2JWC2N9mzGMJudFTUxDtq3kRk=
-3,-7,Aup8pw7Z7UmY5QNA3khOrR+p4fg=,toPPE5nxhgzHAHdVPIAEEaZyeuc=
-3,-8,Aup8pw7Z7UmY5QNA3khOrR+p4fg=,cjn8E5ywe20t+dFj1KalNYlcOZ4=
-3,-5,Aup8pw7Z7UmY5QNA3khOrR+p4fg=,nvfakgCXPHHHo0DQ2S8+wMdIvw8=
-3,-6,Aup8pw7Z7UmY5QNA3khOrR+p4fg=,IBiiXipbOqXfK5NZdCWvmofq8s4=
-3,-11,Aup8pw7Z7UmY5QNA3khOrR+p4fg=,XDrAjCAE1fqlcIDDmw1P9Ve9XxM=
-3,-12,Aup8pw7Z7UmY5QNA3khOrR+p4fg=,jaJExgeF8bqehT4PH7/hnwSNu/I=
-3,-9,Aup8pw7Z7UmY5QNA3khOrR+p4fg=,Pej3kWd7HHlh7WiWmf3ULWhw3dE=
-3,-10,Aup8pw7Z7UmY5QNA3khOrR+p4fg=,6c0x30UQgcUUhxHBeo2bsimbzdQ=
-3,-15,Aup8pw7Z7UmY5QNA3khOrR+p4fg=,uINMV3CMnGbtPXRCO8kvQMM+Id8=
-3,-16,Aup8pw7Z7UmY5QNA3khOrR+p4fg=,DZ2hne3RfQaRchNFue2exhJuerc=
-3,-13,Aup8pw7Z7UmY5QNA3khOrR+p4fg=,wn6gSLpaFZxIuBENFpyfjtl2hHQ=
-3,-14,Aup8pw7Z7UmY5QNA3khOrR+p4fg=,G/l0Eqev4/Ghd5PUyxdu8DUpRKA=
-3,-19,Aup8pw7Z7UmY5QNA3khOrR+p4fg=,lPn39WD8N/Ac2hl0AOVxtaivsPA=
-3,-20,Aup8pw7Z7UmY5QNA3khOrR+p4fg=,X7oZTsMXLvZuaF5Yb5rzdSypykQ=
-3,-17,Aup8pw7Z7UmY5QNA3khOrR+p4fg=,Soi1a+yGsCwENZFs3pgHn7uyxmw=
-3,-18,Aup8pw7Z7UmY5QNA3khOrR+p4fg=,mYD1wdkfADKJx1xh2dmhy0aORvA=
-4,-4,Aup8pw7Z7UmY5QNA3khOrR+p4fg=,Ir6+NFNPej6jv1cIkt2lh6UXoO4=
-4,-3,Aup8pw7Z7UmY5QNA3khOrR+p4fg=,e2a9m/Qb23XA8gn6ri7yo2Hy+G8=
-4,-2,Aup8pw7Z7UmY5QNA3khOrR+p4fg=,TWhpkJT29x0XWvc1AxFopPpS5Q4=
-4,-1,Aup8pw7Z7UmY5QNA3khOrR+p4fg=,FSQjaw1xUpHXUz8yHbg8MzkgRYM=
-4,-8,Aup8pw7Z7UmY5QNA3khOrR+p4fg=,6h4fim8CYHDOB85xJ4sG4jCw8VY=
-4,-7,Aup8pw7Z7UmY5QNA3khOrR+p4fg=,kSjo9CNUeHv5xOeQNW9Vz0R4wLg=
-4,-6,Aup8pw7Z7UmY5QNA3khOrR+p4fg=,PtPadBh1zQ1i3NlIvf5Xwia2Kdk=
-4,-5,Aup8pw7Z7UmY5QNA3khOrR+p4fg=,gmiv2R1lmez47jGEi0UnhyFA0j8=
-4,-12,Aup8pw7Z7UmY5QNA3khOrR+p4fg=,/Ugcb4HNPUTn+v3okXm+3sXgCdc=
-4,-11,Aup8pw7Z7UmY5QNA3khOrR+p4fg=,dRohDHCha4Tc0cRojvKedimcg9M=
-4,-10,Aup8pw7Z7UmY5QNA3khOrR+p4fg=,4C566X3DhjL54JeW+bif0XN/J08=
-4,-9,Aup8pw7Z7UmY5QNA3khOrR+p4fg=,+Gzdvsru2C1cB4wVghwt7dA/QBM=
-4,-16,Aup8pw7Z7UmY5QNA3khOrR+p4fg=,28sryVyAOJ0MSCJIgDdQUq2Rzdc=
-4,-15,Aup8pw7Z7UmY5QNA3khOrR+p4fg=,L9JKrKXbhp+hA/+9J3VcLsNanOs=
-4,-14,Aup8pw7Z7UmY5QNA3khOrR+p4fg=,kdqdyfqdFmeYfp89CyhfB41VOd0=
-4,-13,Aup8pw7Z7UmY5QNA3khOrR+p4fg=,X8ii8HRodxtG3NUcWkhz1uhTEXs=
-4,-20,Aup8pw7Z7UmY5QNA3khOrR+p4fg=,wqLyfDBzUTosonC9x717HmZeUpA=
-4,-19,Aup8pw7Z7UmY5QNA3khOrR+p4fg=,zg07qK6rVCQp2irTk1xoG1OWA4M=
-4,-18,Aup8pw7Z7UmY5QNA3khOrR+p4fg=,DK9N8V4z5Lz4tWmvuCkseVfc9H4=
-4,-17,Aup8pw7Z7UmY5QNA3khOrR+p4fg=,IjFg7jc59TtlchGsDdryc9ehSAw=
-5,-5,1dzlFpcREDvvtjVbrffbJ0tmprI=,gjt/OkJs8uRDOvTrKmzvky94/58=
-5,-6,1dzlFpcREDvvtjVbrffbJ0tmprI=,iegajm99FBz4n5wvypwLfB+DuB0=
-5,-7,1dzlFpcREDvvtjVbrffbJ0tmprI=,Kth4kT1N6lLvFJ/nbpKvMGSYL5w=
-5,-8,1dzlFpcREDvvtjVbrffbJ0tmprI=,m50hSL3XQnxl/C7G/81TCSni3fU=
-5,-1,1dzlFpcREDvvtjVbrffbJ0tmprI=,h2yXSpyqOLsdm2hg7OXB+xQZVI8=
-5,-2,1dzlFpcREDvvtjVbrffbJ0tmprI=,wQhgWQcZh8VkqaFpiwl+OJmKzDE=
-5,-3,1dzlFpcREDvvtjVbrffbJ0tmprI=,n/tdqTxn869HOUui1iiCNBPppf8=
-5,-4,1dzlFpcREDvvtjVbrffbJ0tmprI=,I3M+MpPhwD+wT0aqu7Q8dCG784g=
-5,-13,1dzlFpcREDvvtjVbrffbJ0tmprI=,CZ24vmTnsMe/Any2ZnWgJ/JrlKU=
-5,-14,1dzlFpcREDvvtjVbrffbJ0tmprI=,Zy7diVOaoz4Fbx5rirPdS8am764=
-5,-15,1dzlFpcREDvvtjVbrffbJ0tmprI=,C5mCa5Sg42/PmsIJsWVnPnTK2rw=
-5,-16,1dzlFpcREDvvtjVbrffbJ0tmprI=,d+pxrgKH/A3ONSP3IxTezErkM70=
-5,-9,1dzlFpcREDvvtjVbrffbJ0tmprI=,wU2XZOsvZoNEXWkmwo4Q0NYYuzo=
-5,-10,1dzlFpcREDvvtjVbrffbJ0tmprI=,p0t820E2tMObRgBKhaPbxfLa/KM=
-5,-11,1dzlFpcREDvvtjVbrffbJ0tmprI=,hkWIXK2jHuSuISccTR2B1zN5AIE=
-5,-12,1dzlFpcREDvvtjVbrffbJ0tmprI=,3hpgmkACuzWk7c+cCmVIuBkelb4=
-5,-17,1dzlFpcREDvvtjVbrffbJ0tmprI=,EsJKxZ5mknqPPtkoVTP5SoTNq+U=
-5,-18,1dzlFpcREDvvtjVbrffbJ0tmprI=,p6FT+dev4fynat7BXY+8ahDirEc=
-5,-19,1dzlFpcREDvvtjVbrffbJ0tmprI=,EqBIoLyDhZrYS4WKPyaGDEF4f60=
-5,-20,1dzlFpcREDvvtjVbrffbJ0tmprI=,8mpQQNaHyjWPwKglGGSR72yJ7xA=
-6,-6,1dzlFpcREDvvtjVbrffbJ0tmprI=,hE+Sh4cMf05B+LldT9j0M/67vOw=
-6,-5,1dzlFpcREDvvtjVbrffbJ0tmprI=,1mjeX1wKpfhSd1Sqk6euBRoo+jQ=
-6,-8,1dzlFpcREDvvtjVbrffbJ0tmprI=,E7p7pIefPw3mh6kCgoSBkqEUR6k=
-6,-7,1dzlFpcREDvvtjVbrffbJ0tmprI=,4LFthT+KxDUGbemJk3V+mRHKBOM=
-6,-2,1dzlFpcREDvvtjVbrffbJ0tmprI=,Id6YU0MT0EP3tr5WwPcVTddorVo=
-6,-1,1dzlFpcREDvvtjVbrffbJ0tmprI=,/1NmlN2Spf3dBnDnnYxJoxJ4jg8=
-6,-4,1dzlFpcREDvvtjVbrffbJ0tmprI=,MZYc6cZQ0JT4LnY+VtTEN5e1EcI=
-6,-3,1dzlFpcREDvvtjVbrffbJ0tmprI=,lEja1yoSOWIvTvFp180JVdNo+tM=
-6,-14,1dzlFpcREDvvtjVbrffbJ0tmprI=,i+LnKnN8zH5PDRtBw3cRNjdRHSM=
-6,-13,1dzlFpcREDvvtjVbrffbJ0tmprI=,kB2HDfOGmscJXTWIxt+o4ap4TMw=
-6,-16,1dzlFpcREDvvtjVbrffbJ0tmprI=,x3H3c8u+hhFZemvzF8Gda4i4BGs=
-6,-15,1dzlFpcREDvvtjVbrffbJ0tmprI=,R3M5sXqjXyT4iDefMWFOXsyoR94=
-6,-10,26jy+oIHIHO4jM6SHdb1QXpamrs=,2r2r9hdKYhzyK7STaPt6486f+k4=
-6,-9,26jy+oIHIHO4jM6SHdb1QXpamrs=,nwtepALD3r/lnF2+CulX7m96IIw=
-6,-12,26jy+oIHIHO4jM6SHdb1QXpamrs=,DZYkfGiTL5IV6Urxox2J/W4wmpY=
-6,-11,26jy+oIHIHO4jM6SHdb1QXpamrs=,IdSDUesEQoUnB0bZA6SeQV+zq98=
-6,-18,26jy+oIHIHO4jM6SHdb1QXpamrs=,qhzw0KbgVuYE1I3Q8HomqWzWHS4=
-6,-17,26jy+oIHIHO4jM6SHdb1QXpamrs=,ula5yAtgRdGMhsockmLtr8C3maw=
-6,-20,26jy+oIHIHO4jM6SHdb1QXpamrs=,/c1sfVserXGSE4P+1s3Cu81MDFk=
-6,-19,26jy+oIHIHO4jM6SHdb1QXpamrs=,CFP23FTxOar33vIQBzzslWA6fbo=
-7,-7,26jy+oIHIHO4jM6SHdb1QXpamrs=,LMjktC0q9nXzUkDCthhnf/wcuSg=
-7,-8,26jy+oIHIHO4jM6SHdb1QXpamrs=,LzZNL2erwdR7bNzWGzOSsX/tugY=
-7,-5,26jy+oIHIHO4jM6SHdb1QXpamrs=,fA7SRMiILdFGFnvc9WodM67mtIQ=
-7,-6,26jy+oIHIHO4jM6SHdb1QXpamrs=,7mRaGVOuecYktsywHz3hr4pbIBI=
-7,-3,26jy+oIHIHO4jM6SHdb1QXpamrs=,1XMbNufbhJ5BHUNI5l1emlKhrLc=
-7,-4,26jy+oIHIHO4jM6SHdb1QXpamrs=,qfO0Clr1ld0clEhv1owvDfGYvXw=
-7,-1,26jy+oIHIHO4jM6SHdb1QXpamrs=,ZoRdyqMccRsRPwinntGb2EtTzyc=
-7,-2,26jy+oIHIHO4jM6SHdb1QXpamrs=,ljIXolpkMBdzxbj0u2lXGGyXP5M=
-7,-15,26jy+oIHIHO4jM6SHdb1QXpamrs=,m4f7x6kA0AQc7Qnzymm2YtnOmD0=
-7,-16,26jy+oIHIHO4jM6SHdb1QXpamrs=,Vulyx9XjnIq4qCwrRLi+0DO4v8g=
-7,-13,26jy+oIHIHO4jM6SHdb1QXpamrs=,KZ1yGWTaQiybm+tUmUth0IL0ubA=
-7,-14,26jy+oIHIHO4jM6SHdb1QXpamrs=,EVLVdIq8Wait4cF94menTAqopv8=
-7,-11,26jy+oIHIHO4jM6SHdb1QXpamrs=,p0FSAkCJY6UFuCx8LITSPTXLcfs=
-7,-12,26jy+oIHIHO4jM6SHdb1QXpamrs=,dAqsfeSVYNYG6XIlSnVxwYiwtzA=
-7,-9,26jy+oIHIHO4jM6SHdb1QXpamrs=,XGxEig7nBQvUN6loiTd13Xx4HgQ=
-7,-10,26jy+oIHIHO4jM6SHdb1QXpamrs=,Ki6shwSe4itnblNTlvr6HAv7DzI=
-7,-19,26jy+oIHIHO4jM6SHdb1QXpamrs=,xOwvFH0Tb9VE245BDM9I8NQacm8=
-7,-20,26jy+oIHIHO4jM6SHdb1QXpamrs=,g8y9b0Vfe+zQ7OjeoEjgli+GZx4=
-7,-17,26jy+oIHIHO4jM6SHdb1QXpamrs=,pgMJE+Z1Y3JLbLp5eQTNTGxE6F8=
-7,-18,26jy+oIHIHO4jM6SHdb1QXpamrs=,TU0X/HXdPB3YHo2dAjcZDlzO55o=
-8,-8,26jy+oIHIHO4jM6SHdb1QXpamrs=,+w72Ayv0lQBJClqoOjJbBAwRIxU=
-8,-7,26jy+oIHIHO4jM6SHdb1QXpamrs=,C1vZjxzjR6UokEx0ZeysRVRWtyg=
-8,-6,26jy+oIHIHO4jM6SHdb1QXpamrs=,PA5+3AsqFhgVhGH2BTfxLS7y0L0=
-8,-5,26jy+oIHIHO4jM6SHdb1QXpamrs=,Fudyh9s7hJLnbg4WUtV01PQ/KlY=
-8,-4,26jy+oIHIHO4jM6SHdb1QXpamrs=,xwMqaQxXRVZkSuo7tIZtyPel+uQ=
-8,-3,26jy+oIHIHO4jM6SHdb1QXpamrs=,uDihGPwSTUCc+bM7dUyY5NVbYzg=
-8,-2,26jy+oIHIHO4jM6SHdb1QXpamrs=,yBIQtiZoT7bxi1xKcxtk60+bXT0=
-8,-1,26jy+oIHIHO4jM6SHdb1QXpamrs=,zusN19iJfdc8oGLsw6wXETUNcMc=
-8,-16,ELMzGZCunQu41mOtMRACnhjW7BM=,X8QkhTyvScrcRf6oxYqDYqQsQXo=
-8,-15,ELMzGZCunQu41mOtMRACnhjW7BM=,DFkNzXwR890TdhvYnOpgRbx9LgA=
-8,-14,ELMzGZCunQu41mOtMRACnhjW7BM=,ZUwB0ubyKxvJdCzlueSRJd23Gts=
-8,-13,ELMzGZCunQu41mOtMRACnhjW7BM=,iOTVvxDYxrKgnppvq0eeC/6SwwQ=
-8,-12,ELMzGZCunQu41mOtMRACnhjW7BM=,W8tlcIBeW+FDtWFTKxLljLOTuEQ=
-8,-11,ELMzGZCunQu41mOtMRACnhjW7BM=,j/Gag2Ew4qlbjllr+nQv8getRuY=
-8,-10,ELMzGZCunQu41mOtMRACnhjW7BM=,NfWs3ZOEXeUKFogUbM6dJcOEq9s=
-8,-9,ELMzGZCunQu41mOtMRACnhjW7BM=,INCta0B+IdJMzlFI80xqqoQHJu4=
-8,-20,ELMzGZCunQu41mOtMRACnhjW7BM=,5/PBs92wFS+iJA7AdVuzH1/cxtg=
-8,-19,ELMzGZCunQu41mOtMRACnhjW7BM=,XBcw4y5G0j/blxU1GLugI97pYG8=
-8,-18,ELMzGZCunQu41mOtMRACnhjW7BM=,dWdx8qhvKSTkoUsjEq2xjCp18/Y=
-8,-17,ELMzGZCunQu41mOtMRACnhjW7BM=,Aabbv6bbpm4swA91wmtYw8BBee0=
-9,-9,ELMzGZCunQu41mOtMRACnhjW7BM=,DPdubEV3bIlmfg9WXCdfHKfbLAo=
-9,-10,ELMzGZCunQu41mOtMRACnhjW7BM=,tCmmq69lK8uxRDdAfZJ9LLTcfUA=
-9,-11,ELMzGZCunQu41mOtMRACnhjW7BM=,4SNrt4x0L4+uZkZLeb9UzBK7Unc=
-9,-12,ELMzGZCunQu41mOtMRACnhjW7BM=,DJBZ6BFoNG15xU0php22pliGL64=
-9,-13,ELMzGZCunQu41mOtMRACnhjW7BM=,GyO9KPvqsYn7EyuCu9KpHN/ymxk=
-9,-14,ELMzGZCunQu41mOtMRACnhjW7BM=,McI1hMxvkWJocHQDaqpnyXFCATc=
-9,-15,ELMzGZCunQu41mOtMRACnhjW7BM=,xaDtrIVgx2O2QA2p3LbE5ubPfI8=
-9,-16,ELMzGZCunQu41mOtMRACnhjW7BM=,9pq9Kf4SzmCE5cXmV22pdtv/YPs=
-9,-1,ELMzGZCunQu41mOtMRACnhjW7BM=,WjN+/O3vZaS+mPIvn/gPtsD7Pag=
-9,-2,ELMzGZCunQu41mOtMRACnhjW7BM=,IK2CORMrVJnhbS9ExUKnnkzMyv4=
-9,-3,ELMzGZCunQu41mOtMRACnhjW7BM=,buQyHNQudfWHKblCofZ2Uv4hth0=
-9,-4,ELMzGZCunQu41mOtMRACnhjW7BM=,I3tEqILudRVcBecpdFcJk8AU/IU=
-9,-5,ELMzGZCunQu41mOtMRACnhjW7BM=,2ySj8FmtyLcRKlVorZVxV0PCvP0=
-9,-6,ELMzGZCunQu41mOtMRACnhjW7BM=,mcJ1p7xk5W9YQB70RA4BUePpl2k=
-9,-7,ELMzGZCunQu41mOtMRACnhjW7BM=,6YLfwNqtwGk9XNVzwt5u1rnY1hM=
-9,-8,ELMzGZCunQu41mOtMRACnhjW7BM=,rD7Bbp9SQ5W/UKa5dNLOGx6eoik=
-9,-17,ELMzGZCunQu41mOtMRACnhjW7BM=,rvHMSmOeGL7WtT7OkhOYSCcXOTE=
-9,-18,ELMzGZCunQu41mOtMRACnhjW7BM=,HlgjThP5xMvmgTKlH2eviJnsfPs=
-9,-19,ELMzGZCunQu41mOtMRACnhjW7BM=,ev14lbS3P7G/bbMvM7Egi4bkUBk=
-9,-20,ELMzGZCunQu41mOtMRACnhjW7BM=,qnOhI919ZX27spucsoxbDuUZAEQ=
-10,-10,ELMzGZCunQu41mOtMRACnhjW7BM=,sGgUe2eGgeCdLbnIFFgCmhOO1zY=
-10,-9,ELMzGZCunQu41mOtMRACnhjW7BM=,JvAZUgoFPi96PtSMnZl38F1tdVE=
-10,-12,ELMzGZCunQu41mOtMRACnhjW7BM=,Jcitgz7BHvuuerY0EN7pALlBANA=
-10,-11,ELMzGZCunQu41mOtMRACnhjW7BM=,PFPEkbiGk0bsSv2welvhFIscMVE=
-10,-14,ELMzGZCunQu41mOtMRACnhjW7BM=,0QsjFiXYK3TJRXel/Kk8DyLbWtk=
-10,-13,ELMzGZCunQu41mOtMRACnhjW7BM=,Mb0BUDe3DoeSGPBRS4nbtfqAaCQ=
-10,-16,iCyVz7qr7XIyPZpTm1IuxbVjQe8=,8rOmcyywCeb9eleFxJ2DH75zNKk=
-10,-15,iCyVz7qr7XIyPZpTm1IuxbVjQe8=,GSDqHVfhEYzLhM8fIegKRyyYLb4=
-10,-2,iCyVz7qr7XIyPZpTm1IuxbVjQe8=,OdFOEQql/J7KduXhhuGYhr0fdIQ=
-10,-1,iCyVz7qr7XIyPZpTm1IuxbVjQe8=,BLZM7FuHVN0xhOD2cFnj1YHxa/Y=
-10,-4,iCyVz7qr7XIyPZpTm1IuxbVjQe8=,RBVrSV4JhJBO/4YhLdQPjDgbpSU=
-10,-3,iCyVz7qr7XIyPZpTm1IuxbVjQe8=,iaEnWll2T4oqhginHym9YLtGC4s=
-10,-6,iCyVz7qr7XIyPZpTm1IuxbVjQe8=,LYFSlqEOkxqwgvsAyT9pp7LzySY=
-10,-5,iCyVz7qr7XIyPZpTm1IuxbVjQe8=,LgVd4tOzvJV8eF9mPc5tCoQlKeA=
-10,-8,iCyVz7qr7XIyPZpTm1IuxbVjQe8=,qAjZOo99blcjJ09UpN/DKvqo1Lw=
-10,-7,iCyVz7qr7XIyPZpTm1IuxbVjQe8=,51d9lZcW7OaipfHZW7YN0J2yuCc=
-10,-18,iCyVz7qr7XIyPZpTm1IuxbVjQe8=,8v9hFaCLcqAfj0cDSefTuJ67/yY=
-10,-17,iCyVz7qr7XIyPZpTm1IuxbVjQe8=,xLWDSk3dPYCsz4xWNsf7qw3CnB0=
-10,-20,iCyVz7qr7XIyPZpTm1IuxbVjQe8=,ISqPBlNULHUJNd/GukB3nHENlms=
-10,-19,iCyVz7qr7XIyPZpTm1IuxbVjQe8=,TU7s5eJlIP23/rwHGZJ5WWKTd18=
-11,-11,iCyVz7qr7XIyPZpTm1IuxbVjQe8=,o0KVTDB24XHlQ6sjgxdutYAp1wc=
-11,-12,iCyVz7qr7XIyPZpTm1IuxbVjQe8=,okFExqlf71F532TR+EzHoNTuWvo=
-11,-9,iCyVz7qr7XIyPZpTm1IuxbVjQe8=,CBF8kfiqpG44ODUNesV5zzq6W8Q=
-11,-10,iCyVz7qr7XIyPZpTm1IuxbVjQe8=,LLU44e+7F8MDb0kpiTzdfrYgh6s=
-11,-15,iCyVz7qr7XIyPZpTm1IuxbVjQe8=,V24JuZ8dWlwcIXd/VXDTH8JiQvc=
-11,-16,iCyVz7qr7XIyPZpTm1IuxbVjQe8=,v84YxHLdeOvsuWXcraD6r3cNovo=
-11,-13,iCyVz7qr7XIyPZpTm1IuxbVjQe8=,7qd58VdzDRRsn3QYvalKJL7PYpQ=
-11,-14,iCyVz7qr7XIyPZpTm1IuxbVjQe8=,EPhJGTCijtYg8R53+3L2re68C5A=
-11,-3,iCyVz7qr7XIyPZpTm1IuxbVjQe8=,r+nos3gl/7Df+WdECqhXZtLMIYI=
-11,-4,iCyVz7qr7XIyPZpTm1IuxbVjQe8=,Q+6KUNLlBwXRMMXemU+S9ebkkSs=
-11,-1,iCyVz7qr7XIyPZpTm1IuxbVjQe8=,0rhKdzkvg2Rq25YIytvJ8LLRDPk=
-11,-2,iCyVz7qr7XIyPZpTm1IuxbVjQe8=,lU2y31+hsNw6WjJgN72nG7rYF4E=
-11,-7,iCyVz7qr7XIyPZpTm1IuxbVjQe8=,N0MB74hYnl7NnMELCA1kuLYCqCo=
-11,-8,iCyVz7qr7XIyPZpTm1IuxbVjQe8=,1yQpawGFAuEgTCeff2RqcXMyrv4=
-11,-5,iCyVz7qr7XIyPZpTm1IuxbVjQe8=,Me10I450gJmKOOW2NSbDTrtP2+Y=
-11,-6,iCyVz7qr7XIyPZpTm1IuxbVjQe8=,QLrKLxJ54sZBEvKZiN6hnJqDxFI=
-11,-19,iCyVz7qr7XIyPZpTm1IuxbVjQe8=,gKwwUyNrg2/YVLCevehp0E7A0Fg=
-11,-20,iCyVz7qr7XIyPZpTm1IuxbVjQe8=,bcAW0zVZ1/HVHAXep1a/pG9uj/g=
-11,-17,iCyVz7qr7XIyPZpTm1IuxbVjQe8=,b13H2kZ98/TDk9JQDUJa+l+5F04=
-11,-18,iCyVz7qr7XIyPZpTm1IuxbVjQe8=,LDsloXZewzGD20B0gx390vWIWwI=
-12,-12,iCyVz7qr7XIyPZpTm1IuxbVjQe8=,Zlp6Q2DracWKmlP0F8amUG/2Rfc=
-12,-11,iCyVz7qr7XIyPZpTm1IuxbVjQe8=,OMJjbdicbmCFbxXP19QXYqOV5Ps=
-12,-10,iCyVz7qr7XIyPZpTm1IuxbVjQe8=,fTdpEWCeRbyhlvRxBl1U9rBWiNM=
-12,-9,H7vclEI8TV8ZOJcqbwgSmgoF2Jw=,+cMiMoBwBOuzF1PyMDY+706BUMk=
-12,-16,H7vclEI8TV8ZOJcqbwgSmgoF2Jw=,SFkrhf3ZXgQ4iBHY22bAttUK6N8=
-12,-15,H7vclEI8TV8ZOJcqbwgSmgoF2Jw=,U2pqMEU6veO9GAa34jk81N5Tprc=
-12,-14,H7vclEI8TV8ZOJcqbwgSmgoF2Jw=,EPhJGTCijtYg8R53+3L2re68C5A=
-12,-13,H7vclEI8TV8ZOJcqbwgSmgoF2Jw=,lIcoMkz+xCH9K3UF4FMc1dwOj0o=
-12,-4,H7vclEI8TV8ZOJcqbwgSmgoF2Jw=,9pvcFaAq+4L/IJLOPsC+zfiN6+c=
-12,-3,H7vclEI8TV8ZOJcqbwgSmgoF2Jw=,ELmabHiDLSbAG6teSFdYQm34OY0=
-12,-2,H7vclEI8TV8ZOJcqbwgSmgoF2Jw=,zQSDoV397XPvvj22rKAWUeDbxhw=
-12,-1,H7vclEI8TV8ZOJcqbwgSmgoF2Jw=,2ApNC1KxDD1uGDX6CzhNxn2c5xI=
-12,-8,H7vclEI8TV8ZOJcqbwgSmgoF2Jw=,5SSCs3m5MwW1fyDaZb4/rb/Kf+A=
-12,-7,H7vclEI8TV8ZOJcqbwgSmgoF2Jw=,gtSxglqFb3V83m8bdkcSn2n8BYA=
-12,-6,H7vclEI8TV8ZOJcqbwgSmgoF2Jw=,uV6Iaql+OBC2OB9tqbBAUGTylto=
-12,-5,H7vclEI8TV8ZOJcqbwgSmgoF2Jw=,piBWk2PWtHGgNOln/8juuHI2ghE=
-12,-20,H7vclEI8TV8ZOJcqbwgSmgoF2Jw=,fU8LK6AMY7gdNpetYL5CWqRJk88=
-12,-19,H7vclEI8TV8ZOJcqbwgSmgoF2Jw=,Gq1iG5Imw0+KFMvgUeBukbqlW5Q=
-12,-18,H7vclEI8TV8ZOJcqbwgSmgoF2Jw=,AwwziigPi/Gv7eSTroioFUdNgcQ=
-12,-17,H7vclEI8TV8ZOJcqbwgSmgoF2Jw=,CQrJh46SqTJxicTIN7VgBnWs3To=
-13,-13,H7vclEI8TV8ZOJcqbwgSmgoF2Jw=,lIcoMkz+xCH9K3UF4FMc1dwOj0o=
-13,-14,H7vclEI8TV8ZOJcqbwgSmgoF2Jw=,EPhJGTCijtYg8R53+3L2re68C5A=
-13,-15,H7vclEI8TV8ZOJcqbwgSmgoF2Jw=,20HLu4CS7zkf7gaCdUhNWQb3rk4=
-13,-16,H7vclEI8TV8ZOJcqbwgSmgoF2Jw=,FTdS9q2amrndz/VqdfA7+NNiZJ0=
-13,-9,H7vclEI8TV8ZOJcqbwgSmgoF2Jw=,wEIaQvWFC+izw788/+XI2/YhDWw=
-13,-10,H7vclEI8TV8ZOJcqbwgSmgoF2Jw=,156IVg0G5+nqts27Grh1kj/eUp4=
-13,-11,H7vclEI8TV8ZOJcqbwgSmgoF2Jw=,1TqrBuS7JZgmmi68vhFcAqLOg5s=
-13,-12,H7vclEI8TV8ZOJcqbwgSmgoF2Jw=,HIfGkcP2qWyf1i+YFEYzSNvERoQ=
-13,-5,H7vclEI8TV8ZOJcqbwgSmgoF2Jw=,ifNJxkgSkc2o+hCsaEuje6f8rgA=
-13,-6,H7vclEI8TV8ZOJcqbwgSmgoF2Jw=,X2+5OqrURTByvGPZKDeqqP+3K0Q=
-13,-7,H7vclEI8TV8ZOJcqbwgSmgoF2Jw=,ZVHxBPZcEMRpNXfPpGs9aYH7ZkA=
-13,-8,H7vclEI8TV8ZOJcqbwgSmgoF2Jw=,Q68DPtf0VTOJOIEu70NwcVsuYUQ=
-13,-1,H7vclEI8TV8ZOJcqbwgSmgoF2Jw=,zH+qstlUv2E2inIhaSB0woQ+rSs=
-13,-2,H7vclEI8TV8ZOJcqbwgSmgoF2Jw=,ljelniBX5mTv8IMSBtLtRGDP89I=
-13,-3,H7vclEI8TV8ZOJcqbwgSmgoF2Jw=,8krL13Xt2oNME8CJrzTgVIKc5vg=
-13,-4,H7vclEI8TV8ZOJcqbwgSmgoF2Jw=,TLV71Kow06JeNiML6n6eWGFI/SA=
-13,-17,H7vclEI8TV8ZOJcqbwgSmgoF2Jw=,Ufo19XGtdA20UEaGR4m4dIN7obk=
-13,-18,H7vclEI8TV8ZOJcqbwgSmgoF2Jw=,kTd7Bmz6aAO8pIO6/ujYoag+6oU=
-13,-19,H7vclEI8TV8ZOJcqbwgSmgoF2Jw=,OWZnr25NWkfvhkroZ35gGhsKL6s=
-13,-20,H7vclEI8TV8ZOJcqbwgSmgoF2Jw=,CwKvMEbEn7Lku+Iz9bfgBk44Sz8=
-14,-14,8AdofXu5re+IvCK89KIlVX1yldM=,9UjOxgPS1I8H6MxOBCwxUbnLF7I=
-14,-13,8AdofXu5re+IvCK89KIlVX1yldM=,/nLPYorb1fx7Cf7qCHY84HzrgdM=
-14,-16,8AdofXu5re+IvCK89KIlVX1yldM=,JxVPOxOzUcKcEC0I9GEseSJG/1Y=
-14,-15,8AdofXu5re+IvCK89KIlVX1yldM=,wkrfHjIqULBHqyk41lUAziKPJ54=
-14,-10,8AdofXu5re+IvCK89KIlVX1yldM=,sKTDFiqxgroAqexzV0z3OzC173o=
-14,-9,8AdofXu5re+IvCK89KIlVX1yldM=,FDPJFSL0WM1H4DounIinoaf+xqw=
-14,-12,8AdofXu5re+IvCK89KIlVX1yldM=,cejq+wdaIZgOgXm56AVTkFf4sjA=
-14,-11,8AdofXu5re+IvCK89KIlVX1yldM=,sy5ifC4KCN54qdt5uEZcrRPjzHw=
-14,-6,8AdofXu5re+IvCK89KIlVX1yldM=,0BegEmjFjad6KrufBublLdI2ElY=
-14,-5,8AdofXu5re+IvCK89KIlVX1yldM=,qLN8Rx1t9iqZav/r+T8r5t+vFy0=
-14,-8,8AdofXu5re+IvCK89KIlVX1yldM=,FRxrVeS8iVpje0yIdPkedIVGM/E=
-14,-7,8AdofXu5re+IvCK89KIlVX1yldM=,LeHYUCVpr6fug3klfX8cZjtvIZg=
-14,-2,8AdofXu5re+IvCK89KIlVX1yldM=,UXRNq9371otFeBeqGmtqbcVZRHg=
-14,-1,8AdofXu5re+IvCK89KIlVX1yldM=,ThZN6vtSZcqn3UTwCECep/mi+aE=
-14,-4,8AdofXu5re+IvCK89KIlVX1yldM=,9ASWU8ns69pB6i/dDKOEQxfir60=
-14,-3,8AdofXu5re+IvCK89KIlVX1yldM=,YzXRwm2yQW3e4AQutiwvU9wvrJc=
-14,-18,8AdofXu5re+IvCK89KIlVX1yldM=,OWVZACrPiroE6cFfQ4lM2+ViQyg=
-14,-17,8AdofXu5re+IvCK89KIlVX1yldM=,NCQKjkCPUDyD0uOIp/eA4SFSEbs=
-14,-20,8AdofXu5re+IvCK89KIlVX1yldM=,UlWv7JK96v4wJ+WmbmR5aV18AD8=
-14,-19,8AdofXu5re+IvCK89KIlVX1yldM=,Arfw60fPc6sc87evC9mJ1q3oBWo=
-15,-15,8AdofXu5re+IvCK89KIlVX1yldM=,nUeCahxeTy4PViBqFrnqBURg1AU=
-15,-16,8AdofXu5re+IvCK89KIlVX1yldM=,+YNmm/emCoVdqT0qh2mES7RSoO4=
-15,-13,8AdofXu5re+IvCK89KIlVX1yldM=,Cb8yK6lQVasreRhuieSv7CGqRy4=
-15,-14,8AdofXu5re+IvCK89KIlVX1yldM=,yobiO1zIKBF5sX7rfpYrvEWxDdU=
-15,-11,8AdofXu5re+IvCK89KIlVX1yldM=,/n4/vYGFTQVh90M8r100fh+HCgk=
-15,-12,8AdofXu5re+IvCK89KIlVX1yldM=,yz2hlDiH9byURgivjvlbm7MyKHs=
-15,-9,8AdofXu5re+IvCK89KIlVX1yldM=,I4OfJCaRILliWJHNHRn2MqOXuDw=
-15,-10,8AdofXu5re+IvCK89KIlVX1yldM=,SNoJcg3CY5p7AlmQ4g7+jNbBVAI=
-15,-7,8AdofXu5re+IvCK89KIlVX1yldM=,WSstXeQB8NBMXfI52F/V1GpKKC0=
-15,-8,8AdofXu5re+IvCK89KIlVX1yldM=,FRxrVeS8iVpje0yIdPkedIVGM/E=
-15,-5,8AdofXu5re+IvCK89KIlVX1yldM=,zdvCgYRtS812weuyA5Ecol6i8Cc=
-15,-6,8AdofXu5re+IvCK89KIlVX1yldM=,yYGDT2G3KWFve4G19iZehAGshvk=
-15,-3,8AdofXu5re+IvCK89KIlVX1yldM=,Yet6eTiKKd4paQeoQ0FtOSgxjjA=
-15,-4,8AdofXu5re+IvCK89KIlVX1yldM=,BhuTaF9VI3Z/k4JlbfHQ1xjJnu4=
-15,-1,8AdofXu5re+IvCK89KIlVX1yldM=,TmZZ9DjK/po2GpaBmVHUWWzYs2c=
-15,-2,8AdofXu5re+IvCK89KIlVX1yldM=,pc0OqD8pJBMfBPdJfbk2LzWTm/A=
-15,-19,8AdofXu5re+IvCK89KIlVX1yldM=,2sNaVGVJZbHUU+errnspU0nNYuA=
-15,-20,8AdofXu5re+IvCK89KIlVX1yldM=,UlWv7JK96v4wJ+WmbmR5aV18AD8=
-15,-17,4C3OaiD91ukbqBbmozAHV33s+hI=,vqRV0qsZiAJbg6HbI2alyIHVdqw=
-15,-18,4C3OaiD91ukbqBbmozAHV33s+hI=,pJmFo/NubhKwNkFXvpXZ++x/7e8=
-16,-16,4C3OaiD91ukbqBbmozAHV33s+hI=,hmyTJK/lPlDT9m4AyUhB4cmfNhY=
-16,-15,4C3OaiD91ukbqBbmozAHV33s+hI=,A8J0J1tSB6pZGRMJD5XGlBHTB4Q=
-16,-14,4C3OaiD91ukbqBbmozAHV33s+hI=,v/eTILxR3K9UnE4UW0vaCOlc6+M=
-16,-13,4C3OaiD91ukbqBbmozAHV33s+hI=,HESLb824iE0jkuA8BJJedy8XNP8=
-16,-12,4C3OaiD91ukbqBbmozAHV33s+hI=,HESLb824iE0jkuA8BJJedy8XNP8=
-16,-11,4C3OaiD91ukbqBbmozAHV33s+hI=,+3jkWZ6UpgyTMY5hRpQg1c5YhFs=
-16,-10,4C3OaiD91ukbqBbmozAHV33s+hI=,4t4clgrc0nZlJpcHfT1v7WFFOC8=
-16,-9,4C3OaiD91ukbqBbmozAHV33s+hI=,wP1Y+N7xsy69aAmE3icnQG2wo/w=
-16,-8,4C3OaiD91ukbqBbmozAHV33s+hI=,yUu7sx9zr8xAagwG8k8kyJrqpDE=
-16,-7,4C3OaiD91ukbqBbmozAHV33s+hI=,we/G0NPRzVk9KMxvRZRHL2UabBA=
-16,-6,4C3OaiD91ukbqBbmozAHV33s+hI=,IetLgog3UuWsltYB7ucj3845hGs=
-16,-5,4C3OaiD91ukbqBbmozAHV33s+hI=,PKxJ9O2c/PecL9QljdM7kmTlFAw=
-16,-4,4C3OaiD91ukbqBbmozAHV33s+hI=,fCQxP+wFGSXitjmiG38Nq+C2X54=
-16,-3,4C3OaiD91ukbqBbmozAHV33s+hI=,fCQxP+wFGSXitjmiG38Nq+C2X54=
-16,-2,4C3OaiD91ukbqBbmozAHV33s+hI=,oASAjU4RFirPVNoTff0dB6EQXZ0=
-16,-1,4C3OaiD91ukbqBbmozAHV33s+hI=,9b1wotQlMBx8sQwFPsfQerhEG/U=
-16,-20,4C3OaiD91ukbqBbmozAHV33s+hI=,qZqnSNbPamo5DhbohYCi+kwPCzs=
-16,-19,4C3OaiD91ukbqBbmozAHV33s+hI=,MVkdgfatyTSI5syGUkN84+s54dk=
-16,-18,4C3OaiD91ukbqBbmozAHV33s+hI=,REuKcJTxJBQITRsnRtDPMFsH2j4=
-16,-17,4C3OaiD91ukbqBbmozAHV33s+hI=,tLyaqbpm2nmRBHzj/8MjftTlssg=
-17,-17,4C3OaiD91ukbqBbmozAHV33s+hI=,bln8tqjVZfYtYsxlnZvb0f0hv+0=
-17,-18,4C3OaiD91ukbqBbmozAHV33s+hI=,bln8tqjVZfYtYsxlnZvb0f0hv+0=
-17,-19,4C3OaiD91ukbqBbmozAHV33s+hI=,H+piTgilBWkkmDbZt2x/MksbMVM=
-17,-20,4C3OaiD91ukbqBbmozAHV33s+hI=,gC5mXyE0bLCpteJT9+99SvgXTaA=
-17,-1,4C3OaiD91ukbqBbmozAHV33s+hI=,r+gBgHmG2ORccKmEOZYbWI21evA=
-17,-2,4C3OaiD91ukbqBbmozAHV33s+hI=,S7jjoPxhBB+z4RXJT+1lA8r+eB4=
-17,-3,4C3OaiD91ukbqBbmozAHV33s+hI=,S7jjoPxhBB+z4RXJT+1lA8r+eB4=
-17,-4,4C3OaiD91ukbqBbmozAHV33s+hI=,LKiAh3RJwS8o5BHttWjaTwZCN4I=
-17,-5,4C3OaiD91ukbqBbmozAHV33s+hI=,8kNw8rizv4pvRIYmfwcIER/l4ik=
-17,-6,4C3OaiD91ukbqBbmozAHV33s+hI=,JrHadaK2QwsxHOBkyQ2TcEY6CPk=
-17,-7,4C3OaiD91ukbqBbmozAHV33s+hI=,JrHadaK2QwsxHOBkyQ2TcEY6CPk=
-17,-8,4C3OaiD91ukbqBbmozAHV33s+hI=,vbzg2NQfOs5iVnbLEZCvEJCWj/o=
-17,-9,4C3OaiD91ukbqBbmozAHV33s+hI=,V4UaZDNijY7jMLMH4eeGg8aAXj4=
-17,-10,4C3OaiD91ukbqBbmozAHV33s+hI=,+QnL6nZCaSQGjFrQbDNhGptTREc=
-17,-11,4C3OaiD91ukbqBbmozAHV33s+hI=,0HXl09tKf8W0MAgjhyU8zcGhqWI=
-17,-12,4C3OaiD91ukbqBbmozAHV33s+hI=,RA3RnRRFUu1SZUzMxUYeiQQkrZs=
-17,-13,rr+JzTzm1Cnz3+A1yODmB/VKaJA=,PJlmZ4cQw59cXaMNT0GR79nGIkY=
-17,-14,rr+JzTzm1Cnz3+A1yODmB/VKaJA=,CZAIYOFrPC+rdeAHwWDrjaM1FXA=
-17,-15,rr+JzTzm1Cnz3+A1yODmB/VKaJA=,vWuuJexGjC+VWkVpHU5aDZRyYJw=
-17,-16,rr+JzTzm1Cnz3+A1yODmB/VKaJA=,PQT263lRSix6ze9UdBrTMCRTdzU=
-18,-18,rr+JzTzm1Cnz3+A1yODmB/VKaJA=,MFUgojL4RciuvyW3pxbo3Pv5de4=
-18,-17,rr+JzTzm1Cnz3+A1yODmB/VKaJA=,GxyQZYRpvkunvU0BOB7M1MBaKpc=
-18,-20,rr+JzTzm1Cnz3+A1yODmB/VKaJA=,v468LaSvj108Nt78E1gDd3UjajQ=
-18,-19,rr+JzTzm1Cnz3+A1yODmB/VKaJA=,oVwkFH3DKr4LBzVQ4zS0HDu+Yw0=
-18,-2,rr+JzTzm1Cnz3+A1yODmB/VKaJA=,PChqWw72oZ3QEpDabjH68ADIfVA=
-18,-1,rr+JzTzm1Cnz3+A1yODmB/VKaJA=,Oj5ysAVfuPl7qcQuIvQGbvQ5vy4=
-18,-4,rr+JzTzm1Cnz3+A1yODmB/VKaJA=,KGWbDSbmUQfajHHNP2RxA+OTdj4=
-18,-3,rr+JzTzm1Cnz3+A1yODmB/VKaJA=,uY62Hr/AtiSWIfvimiQp8UtIYkk=
-18,-6,rr+JzTzm1Cnz3+A1yODmB/VKaJA=,SKgw/qrJrxqtZ0t6DCdyaaQkLtU=
-18,-5,rr+JzTzm1Cnz3+A1yODmB/VKaJA=,uOWsSv+qe4HjygD3nXkE4bpLfCg=
-18,-8,rr+JzTzm1Cnz3+A1yODmB/VKaJA=,6f9q5Iizz5E4tCBD73MiwzMQOvE=
-18,-7,rr+JzTzm1Cnz3+A1yODmB/VKaJA=,aX2GSEMlDXEtKuT3eb6sjIM1yB8=
-18,-10,rr+JzTzm1Cnz3+A1yODmB/VKaJA=,w4Aj+P9dHUpcb4ZhBxdvtzHDQfg=
-18,-9,rr+JzTzm1Cnz3+A1yODmB/VKaJA=,H0o7SjQop2X2EctjzxkrHnYGoJI=
-18,-12,rr+JzTzm1Cnz3+A1yODmB/VKaJA=,b/GL5OSPzOhPU4D2tsecC2IbmTA=
-18,-11,rr+JzTzm1Cnz3+A1yODmB/VKaJA=,bO2FTDjNRs9MGbWwsa/pmSawSzU=
-18,-14,rr+JzTzm1Cnz3+A1yODmB/VKaJA=,xwyhCiHnVcWhJCm0GY56CkNovzo=
-18,-13,rr+JzTzm1Cnz3+A1yODmB/VKaJA=,x6s+PlHJv8C2Hsuv7D44jejrWQw=
-18,-16,rr+JzTzm1Cnz3+A1yODmB/VKaJA=,KAqi5ETqL9q9p1BNupmECElljPc=
-18,-15,rr+JzTzm1Cnz3+A1yODmB/VKaJA=,x6/L9EIapmKF9lLN22puCS9GsW8=
-19,-19,rr+JzTzm1Cnz3+A1yODmB/VKaJA=,xX2y0IoRyG2oGYl0VRGOYxRQQHQ=
-19,-20,rr+JzTzm1Cnz3+A1yODmB/VKaJA=,r0hFSzeAtqHI3idR8mpP3Sjr1D4=
-19,-17,rr+JzTzm1Cnz3+A1yODmB/VKaJA=,u9jpTxAMC8Sydy/7gCw/V370Q9k=
-19,-18,rr+JzTzm1Cnz3+A1yODmB/VKaJA=,fsTZnT+spUQNM4yKxr0N59X60VA=
-19,-3,rr+JzTzm1Cnz3+A1yODmB/VKaJA=,cgJL2rdQAmzeBEhNlgtL8LMH2/o=
-19,-4,rr+JzTzm1Cnz3+A1yODmB/VKaJA=,IRbFk0jKBBze7g5Ugca4kH7aUVQ=
-19,-1,rr+JzTzm1Cnz3+A1yODmB/VKaJA=,hX/jV84DSrsgvzfaa2qy/wIwXbU=
-19,-2,rr+JzTzm1Cnz3+A1yODmB/VKaJA=,MsbKbMUHAygXrWsgxawvwl0/Kz0=
-19,-7,rr+JzTzm1Cnz3+A1yODmB/VKaJA=,0IhNO56wFqDG7uviHnGCswEmI/I=
-19,-8,rr+JzTzm1Cnz3+A1yODmB/VKaJA=,lORKV8YkZWaBlJqrYDznD39lqpQ=
-19,-5,rr+JzTzm1Cnz3+A1yODmB/VKaJA=,EIYen4POEY1lzWoF3wRHmfBgcis=
-19,-6,rr+JzTzm1Cnz3+A1yODmB/VKaJA=,ZBo5wf9BuOKerOzQaiFOsSuBXy8=
-19,-11,rr+JzTzm1Cnz3+A1yODmB/VKaJA=,JGIzrJIJlv1/KdAVITihb2TGM5w=
-19,-12,CZroLYVNATvha8BfIeD/WkoII+U=,ATjfUybAOlimeT0+M8V8HWi25ow=
-19,-9,CZroLYVNATvha8BfIeD/WkoII+U=,H0o7SjQop2X2EctjzxkrHnYGoJI=
-19,-10,CZroLYVNATvha8BfIeD/WkoII+U=,7mGtCUujFy0SpyASmOQcmiWmUBE=
-19,-15,CZroLYVNATvha8BfIeD/WkoII+U=,NKC73TcHIN1qqpnvf+oCH+/OYX0=
-19,-16,CZroLYVNATvha8BfIeD/WkoII+U=,qWoWiGaO85RSJQGJEXN+zIxMr2Y=
-19,-13,CZroLYVNATvha8BfIeD/WkoII+U=,cFUWbj0qwET6UC7jIkrnd7B6wPU=
-19,-14,CZroLYVNATvha8BfIeD/WkoII+U=,qokkNAIwW44q4U1L5OIbDAzPIcs=
-20,-20,CZroLYVNATvha8BfIeD/WkoII+U=,KfDTIIQA0aivjYi+0XGLiJCqnBk=
-20,-19,CZroLYVNATvha8BfIeD/WkoII+U=,pY9Ko7iPcaWGeiGn3fpmPTkd9yo=
-20,-18,CZroLYVNATvha8BfIeD/WkoII+U=,Z7xCCnwJ/opqPf8uJdghsShM0qE=
-20,-17,CZroLYVNATvha8BfIeD/WkoII+U=,8tdNltt85y0FDQMwk7dFcuJ/uXg=
-20,-4,CZroLYVNATvha8BfIeD/WkoII+U=,lhegjfZuFOIRVExPLNIpV6PSFl4=
-20,-3,CZroLYVNATvha8BfIeD/WkoII+U=,o9XSpgWnub5AHG6G7f09XfbyjRc=
-20,-2,CZroLYVNATvha8BfIeD/WkoII+U=,oL9KGh0crffnvqcPORbSYhCCABk=
-20,-1,CZroLYVNATvha8BfIeD/WkoII+U=,1+dFkz0qrtNvblhOwU04QUbNTJY=
-20,-8,CZroLYVNATvha8BfIeD/WkoII+U=,6+6CVhKkkXJujYuqzLGn0wXrhvE=
-20,-7,CZroLYVNATvha8BfIeD/WkoII+U=,oxuNYXQtCKOeJZ+rgqrsZM3DmWg=
-20,-6,CZroLYVNATvha8BfIeD/WkoII+U=,t9W0fUn8ixFhMUzVoc5aGE4UKJk=
-20,-5,CZroLYVNATvha8BfIeD/WkoII+U=,ST8Er+cWew9pqUga0ApjD0OrbaI=
-20,-12,CZroLYVNATvha8BfIeD/WkoII+U=,XaHks6+Np7l1wfAEY6SHIkUbghs=
-20,-11,CZroLYVNATvha8BfIeD/WkoII+U=,ayguFahRXA/b0MVY0usmPa+xacI=
-20,-10,CZroLYVNATvha8BfIeD/WkoII+U=,HVDSNo3nB1/+/h1D0lqYQVewQM8=
-20,-9,CZroLYVNATvha8BfIeD/WkoII+U=,IN7mj62zQJP56LmiU9LP9dg+jNc=
-20,-16,CZroLYVNATvha8BfIeD/WkoII+U=,z5CUS45ej0GH7T3JUaY6PXN1bIk=
-20,-15,CZroLYVNATvha8BfIeD/WkoII+U=,9I/lOpHiMj+b1mhB9Ql+Vmlhi/w=
-20,-14,CZroLYVNATvha8BfIeD/WkoII+U=,IwOsabpKLYbasxEtQHoqRJUP8LU=
-20,-13,CZroLYVNATvha8BfIeD/WkoII+U=,JbPi8mt2GLbKg7m+QAOyfW9kvyY=
